solid sphere_top_third
  facet normal 0.9373272 0.03068491 0.3470968
    outer loop
      vertex 0.942809 0 0.3333333
      vertex 0.9407904 0.06166266 0.3333333
      vertex 0.9305262 0.06098991 0.3611111
    endloop
  endfacet
  facet normal 0.9373272 0.03068491 0.3470968
    outer loop
      vertex 0.942809 0 0.3333333
      vertex 0.9305262 0.06098991 0.3611111
      vertex 0.9325228 0 0.3611111
    endloop
  endfacet
  facet normal 0.9333134 0.09192335 0.3470968
    outer loop
      vertex 0.9407904 0.06166266 0.3333333
      vertex 0.9347432 0.1230613 0.3333333
      vertex 0.9245449 0.1217186 0.3611111
    endloop
  endfacet
  facet normal 0.9333134 0.09192335 0.3470968
    outer loop
      vertex 0.9407904 0.06166266 0.3333333
      vertex 0.9245449 0.1217186 0.3611111
      vertex 0.9305262 0.06098991 0.3611111
    endloop
  endfacet
  facet normal 0.925303 0.1527681 0.3470968
    outer loop
      vertex 0.9347432 0.1230613 0.3333333
      vertex 0.9246932 0.1839329 0.3333333
      vertex 0.9146046 0.1819262 0.3611111
    endloop
  endfacet
  facet normal 0.925303 0.1527681 0.3470968
    outer loop
      vertex 0.9347432 0.1230613 0.3333333
      vertex 0.9146046 0.1819262 0.3611111
      vertex 0.9245449 0.1217186 0.3611111
    endloop
  endfacet
  facet normal 0.9133304 0.2129588 0.3470968
    outer loop
      vertex 0.9246932 0.1839329 0.3333333
      vertex 0.9106836 0.2440169 0.3333333
      vertex 0.9007479 0.2413547 0.3611111
    endloop
  endfacet
  facet normal 0.9133304 0.2129588 0.3470968
    outer loop
      vertex 0.9246932 0.1839329 0.3333333
      vertex 0.9007479 0.2413547 0.3611111
      vertex 0.9146046 0.1819262 0.3611111
    endloop
  endfacet
  facet normal 0.8974467 0.2722375 0.3470968
    outer loop
      vertex 0.9106836 0.2440169 0.3333333
      vertex 0.8927743 0.303056 0.3333333
      vertex 0.8830339 0.2997496 0.3611111
    endloop
  endfacet
  facet normal 0.8974467 0.2722375 0.3470968
    outer loop
      vertex 0.9106836 0.2440169 0.3333333
      vertex 0.8830339 0.2997496 0.3611111
      vertex 0.9007479 0.2413547 0.3611111
    endloop
  endfacet
  facet normal 0.87772 0.3303504 0.3470968
    outer loop
      vertex 0.8927743 0.303056 0.3333333
      vertex 0.871042 0.3607974 0.3333333
      vertex 0.8615387 0.356861 0.3611111
    endloop
  endfacet
  facet normal 0.87772 0.3303504 0.3470968
    outer loop
      vertex 0.8927743 0.303056 0.3333333
      vertex 0.8615387 0.356861 0.3611111
      vertex 0.8830339 0.2997496 0.3611111
    endloop
  endfacet
  facet normal 0.8542348 0.3870488 0.3470968
    outer loop
      vertex 0.871042 0.3607974 0.3333333
      vertex 0.8455797 0.4169938 0.3333333
      vertex 0.8363543 0.4124443 0.3611111
    endloop
  endfacet
  facet normal 0.8542348 0.3870488 0.3470968
    outer loop
      vertex 0.871042 0.3607974 0.3333333
      vertex 0.8363543 0.4124443 0.3611111
      vertex 0.8615387 0.356861 0.3611111
    endloop
  endfacet
  facet normal 0.8270916 0.4420897 0.3470968
    outer loop
      vertex 0.8455797 0.4169938 0.3333333
      vertex 0.8164966 0.4714045 0.3333333
      vertex 0.8075884 0.4662614 0.3611111
    endloop
  endfacet
  facet normal 0.8270916 0.4420897 0.3470968
    outer loop
      vertex 0.8455797 0.4169938 0.3333333
      vertex 0.8075884 0.4662614 0.3611111
      vertex 0.8363543 0.4124443 0.3611111
    endloop
  endfacet
  facet normal 0.7964067 0.4952375 0.3470968
    outer loop
      vertex 0.8164966 0.4714045 0.3333333
      vertex 0.7839171 0.5237966 0.3333333
      vertex 0.7753644 0.5180819 0.3611111
    endloop
  endfacet
  facet normal 0.7964067 0.4952375 0.3470968
    outer loop
      vertex 0.8164966 0.4714045 0.3333333
      vertex 0.7753644 0.5180819 0.3611111
      vertex 0.8075884 0.4662614 0.3611111
    endloop
  endfacet
  facet normal 0.7623114 0.5462647 0.3470968
    outer loop
      vertex 0.7839171 0.5237966 0.3333333
      vertex 0.7479807 0.5739458 0.3333333
      vertex 0.7398201 0.5676839 0.3611111
    endloop
  endfacet
  facet normal 0.7623114 0.5462647 0.3470968
    outer loop
      vertex 0.7839171 0.5237966 0.3333333
      vertex 0.7398201 0.5676839 0.3611111
      vertex 0.7753644 0.5180819 0.3611111
    endloop
  endfacet
  facet normal 0.7249519 0.5949526 0.3470968
    outer loop
      vertex 0.7479807 0.5739458 0.3333333
      vertex 0.7088414 0.6216372 0.3333333
      vertex 0.7011078 0.614855 0.3611111
    endloop
  endfacet
  facet normal 0.7249519 0.5949526 0.3470968
    outer loop
      vertex 0.7479807 0.5739458 0.3333333
      vertex 0.7011078 0.614855 0.3611111
      vertex 0.7398201 0.5676839 0.3611111
    endloop
  endfacet
  facet normal 0.6844879 0.6410929 0.3470968
    outer loop
      vertex 0.7088414 0.6216372 0.3333333
      vertex 0.6666667 0.6666667 0.3333333
      vertex 0.6593932 0.6593932 0.3611111
    endloop
  endfacet
  facet normal 0.6844879 0.6410929 0.3470968
    outer loop
      vertex 0.7088414 0.6216372 0.3333333
      vertex 0.6593932 0.6593932 0.3611111
      vertex 0.7011078 0.614855 0.3611111
    endloop
  endfacet
  facet normal 0.6410929 0.6844879 0.3470968
    outer loop
      vertex 0.6666667 0.6666667 0.3333333
      vertex 0.6216372 0.7088414 0.3333333
      vertex 0.614855 0.7011078 0.3611111
    endloop
  endfacet
  facet normal 0.6410929 0.6844879 0.3470968
    outer loop
      vertex 0.6666667 0.6666667 0.3333333
      vertex 0.614855 0.7011078 0.3611111
      vertex 0.6593932 0.6593932 0.3611111
    endloop
  endfacet
  facet normal 0.5949526 0.7249519 0.3470968
    outer loop
      vertex 0.6216372 0.7088414 0.3333333
      vertex 0.5739458 0.7479807 0.3333333
      vertex 0.5676839 0.7398201 0.3611111
    endloop
  endfacet
  facet normal 0.5949526 0.7249519 0.3470968
    outer loop
      vertex 0.6216372 0.7088414 0.3333333
      vertex 0.5676839 0.7398201 0.3611111
      vertex 0.614855 0.7011078 0.3611111
    endloop
  endfacet
  facet normal 0.5462647 0.7623114 0.3470968
    outer loop
      vertex 0.5739458 0.7479807 0.3333333
      vertex 0.5237966 0.7839171 0.3333333
      vertex 0.5180819 0.7753644 0.3611111
    endloop
  endfacet
  facet normal 0.5462647 0.7623114 0.3470968
    outer loop
      vertex 0.5739458 0.7479807 0.3333333
      vertex 0.5180819 0.7753644 0.3611111
      vertex 0.5676839 0.7398201 0.3611111
    endloop
  endfacet
  facet normal 0.4952375 0.7964067 0.3470968
    outer loop
      vertex 0.5237966 0.7839171 0.3333333
      vertex 0.4714045 0.8164966 0.3333333
      vertex 0.4662614 0.8075884 0.3611111
    endloop
  endfacet
  facet normal 0.4952375 0.7964067 0.3470968
    outer loop
      vertex 0.5237966 0.7839171 0.3333333
      vertex 0.4662614 0.8075884 0.3611111
      vertex 0.5180819 0.7753644 0.3611111
    endloop
  endfacet
  facet normal 0.4420897 0.8270916 0.3470968
    outer loop
      vertex 0.4714045 0.8164966 0.3333333
      vertex 0.4169938 0.8455797 0.3333333
      vertex 0.4124443 0.8363543 0.3611111
    endloop
  endfacet
  facet normal 0.4420897 0.8270916 0.3470968
    outer loop
      vertex 0.4714045 0.8164966 0.3333333
      vertex 0.4124443 0.8363543 0.3611111
      vertex 0.4662614 0.8075884 0.3611111
    endloop
  endfacet
  facet normal 0.3870488 0.8542348 0.3470968
    outer loop
      vertex 0.4169938 0.8455797 0.3333333
      vertex 0.3607974 0.871042 0.3333333
      vertex 0.356861 0.8615387 0.3611111
    endloop
  endfacet
  facet normal 0.3870488 0.8542348 0.3470968
    outer loop
      vertex 0.4169938 0.8455797 0.3333333
      vertex 0.356861 0.8615387 0.3611111
      vertex 0.4124443 0.8363543 0.3611111
    endloop
  endfacet
  facet normal 0.3303504 0.87772 0.3470968
    outer loop
      vertex 0.3607974 0.871042 0.3333333
      vertex 0.303056 0.8927743 0.3333333
      vertex 0.2997496 0.8830339 0.3611111
    endloop
  endfacet
  facet normal 0.3303504 0.87772 0.3470968
    outer loop
      vertex 0.3607974 0.871042 0.3333333
      vertex 0.2997496 0.8830339 0.3611111
      vertex 0.356861 0.8615387 0.3611111
    endloop
  endfacet
  facet normal 0.2722375 0.8974467 0.3470968
    outer loop
      vertex 0.303056 0.8927743 0.3333333
      vertex 0.2440169 0.9106836 0.3333333
      vertex 0.2413547 0.9007479 0.3611111
    endloop
  endfacet
  facet normal 0.2722375 0.8974467 0.3470968
    outer loop
      vertex 0.303056 0.8927743 0.3333333
      vertex 0.2413547 0.9007479 0.3611111
      vertex 0.2997496 0.8830339 0.3611111
    endloop
  endfacet
  facet normal 0.2129588 0.9133304 0.3470968
    outer loop
      vertex 0.2440169 0.9106836 0.3333333
      vertex 0.1839329 0.9246932 0.3333333
      vertex 0.1819262 0.9146046 0.3611111
    endloop
  endfacet
  facet normal 0.2129588 0.9133304 0.3470968
    outer loop
      vertex 0.2440169 0.9106836 0.3333333
      vertex 0.1819262 0.9146046 0.3611111
      vertex 0.2413547 0.9007479 0.3611111
    endloop
  endfacet
  facet normal 0.1527681 0.925303 0.3470968
    outer loop
      vertex 0.1839329 0.9246932 0.3333333
      vertex 0.1230613 0.9347432 0.3333333
      vertex 0.1217186 0.9245449 0.3611111
    endloop
  endfacet
  facet normal 0.1527681 0.925303 0.3470968
    outer loop
      vertex 0.1839329 0.9246932 0.3333333
      vertex 0.1217186 0.9245449 0.3611111
      vertex 0.1819262 0.9146046 0.3611111
    endloop
  endfacet
  facet normal 0.09192335 0.9333134 0.3470968
    outer loop
      vertex 0.1230613 0.9347432 0.3333333
      vertex 0.06166266 0.9407904 0.3333333
      vertex 0.06098991 0.9305262 0.3611111
    endloop
  endfacet
  facet normal 0.09192335 0.9333134 0.3470968
    outer loop
      vertex 0.1230613 0.9347432 0.3333333
      vertex 0.06098991 0.9305262 0.3611111
      vertex 0.1217186 0.9245449 0.3611111
    endloop
  endfacet
  facet normal 0.03068491 0.9373272 0.3470968
    outer loop
      vertex 0.06166266 0.9407904 0.3333333
      vertex 5.77304e-17 0.942809 0.3333333
      vertex 5.710055e-17 0.9325228 0.3611111
    endloop
  endfacet
  facet normal 0.03068491 0.9373272 0.3470968
    outer loop
      vertex 0.06166266 0.9407904 0.3333333
      vertex 5.710055e-17 0.9325228 0.3611111
      vertex 0.06098991 0.9305262 0.3611111
    endloop
  endfacet
  facet normal -0.03068491 0.9373272 0.3470968
    outer loop
      vertex 5.77304e-17 0.942809 0.3333333
      vertex -0.06166266 0.9407904 0.3333333
      vertex -0.06098991 0.9305262 0.3611111
    endloop
  endfacet
  facet normal -0.03068491 0.9373272 0.3470968
    outer loop
      vertex 5.77304e-17 0.942809 0.3333333
      vertex -0.06098991 0.9305262 0.3611111
      vertex 5.710055e-17 0.9325228 0.3611111
    endloop
  endfacet
  facet normal -0.09192335 0.9333134 0.3470968
    outer loop
      vertex -0.06166266 0.9407904 0.3333333
      vertex -0.1230613 0.9347432 0.3333333
      vertex -0.1217186 0.9245449 0.3611111
    endloop
  endfacet
  facet normal -0.09192335 0.9333134 0.3470968
    outer loop
      vertex -0.06166266 0.9407904 0.3333333
      vertex -0.1217186 0.9245449 0.3611111
      vertex -0.06098991 0.9305262 0.3611111
    endloop
  endfacet
  facet normal -0.1527681 0.925303 0.3470968
    outer loop
      vertex -0.1230613 0.9347432 0.3333333
      vertex -0.1839329 0.9246932 0.3333333
      vertex -0.1819262 0.9146046 0.3611111
    endloop
  endfacet
  facet normal -0.1527681 0.925303 0.3470968
    outer loop
      vertex -0.1230613 0.9347432 0.3333333
      vertex -0.1819262 0.9146046 0.3611111
      vertex -0.1217186 0.9245449 0.3611111
    endloop
  endfacet
  facet normal -0.2129588 0.9133304 0.3470968
    outer loop
      vertex -0.1839329 0.9246932 0.3333333
      vertex -0.2440169 0.9106836 0.3333333
      vertex -0.2413547 0.9007479 0.3611111
    endloop
  endfacet
  facet normal -0.2129588 0.9133304 0.3470968
    outer loop
      vertex -0.1839329 0.9246932 0.3333333
      vertex -0.2413547 0.9007479 0.3611111
      vertex -0.1819262 0.9146046 0.3611111
    endloop
  endfacet
  facet normal -0.2722375 0.8974467 0.3470968
    outer loop
      vertex -0.2440169 0.9106836 0.3333333
      vertex -0.303056 0.8927743 0.3333333
      vertex -0.2997496 0.8830339 0.3611111
    endloop
  endfacet
  facet normal -0.2722375 0.8974467 0.3470968
    outer loop
      vertex -0.2440169 0.9106836 0.3333333
      vertex -0.2997496 0.8830339 0.3611111
      vertex -0.2413547 0.9007479 0.3611111
    endloop
  endfacet
  facet normal -0.3303504 0.87772 0.3470968
    outer loop
      vertex -0.303056 0.8927743 0.3333333
      vertex -0.3607974 0.871042 0.3333333
      vertex -0.356861 0.8615387 0.3611111
    endloop
  endfacet
  facet normal -0.3303504 0.87772 0.3470968
    outer loop
      vertex -0.303056 0.8927743 0.3333333
      vertex -0.356861 0.8615387 0.3611111
      vertex -0.2997496 0.8830339 0.3611111
    endloop
  endfacet
  facet normal -0.3870488 0.8542348 0.3470968
    outer loop
      vertex -0.3607974 0.871042 0.3333333
      vertex -0.4169938 0.8455797 0.3333333
      vertex -0.4124443 0.8363543 0.3611111
    endloop
  endfacet
  facet normal -0.3870488 0.8542348 0.3470968
    outer loop
      vertex -0.3607974 0.871042 0.3333333
      vertex -0.4124443 0.8363543 0.3611111
      vertex -0.356861 0.8615387 0.3611111
    endloop
  endfacet
  facet normal -0.4420897 0.8270916 0.3470968
    outer loop
      vertex -0.4169938 0.8455797 0.3333333
      vertex -0.4714045 0.8164966 0.3333333
      vertex -0.4662614 0.8075884 0.3611111
    endloop
  endfacet
  facet normal -0.4420897 0.8270916 0.3470968
    outer loop
      vertex -0.4169938 0.8455797 0.3333333
      vertex -0.4662614 0.8075884 0.3611111
      vertex -0.4124443 0.8363543 0.3611111
    endloop
  endfacet
  facet normal -0.4952375 0.7964067 0.3470968
    outer loop
      vertex -0.4714045 0.8164966 0.3333333
      vertex -0.5237966 0.7839171 0.3333333
      vertex -0.5180819 0.7753644 0.3611111
    endloop
  endfacet
  facet normal -0.4952375 0.7964067 0.3470968
    outer loop
      vertex -0.4714045 0.8164966 0.3333333
      vertex -0.5180819 0.7753644 0.3611111
      vertex -0.4662614 0.8075884 0.3611111
    endloop
  endfacet
  facet normal -0.5462647 0.7623114 0.3470968
    outer loop
      vertex -0.5237966 0.7839171 0.3333333
      vertex -0.5739458 0.7479807 0.3333333
      vertex -0.5676839 0.7398201 0.3611111
    endloop
  endfacet
  facet normal -0.5462647 0.7623114 0.3470968
    outer loop
      vertex -0.5237966 0.7839171 0.3333333
      vertex -0.5676839 0.7398201 0.3611111
      vertex -0.5180819 0.7753644 0.3611111
    endloop
  endfacet
  facet normal -0.5949526 0.7249519 0.3470968
    outer loop
      vertex -0.5739458 0.7479807 0.3333333
      vertex -0.6216372 0.7088414 0.3333333
      vertex -0.614855 0.7011078 0.3611111
    endloop
  endfacet
  facet normal -0.5949526 0.7249519 0.3470968
    outer loop
      vertex -0.5739458 0.7479807 0.3333333
      vertex -0.614855 0.7011078 0.3611111
      vertex -0.5676839 0.7398201 0.3611111
    endloop
  endfacet
  facet normal -0.6410929 0.6844879 0.3470968
    outer loop
      vertex -0.6216372 0.7088414 0.3333333
      vertex -0.6666667 0.6666667 0.3333333
      vertex -0.6593932 0.6593932 0.3611111
    endloop
  endfacet
  facet normal -0.6410929 0.6844879 0.3470968
    outer loop
      vertex -0.6216372 0.7088414 0.3333333
      vertex -0.6593932 0.6593932 0.3611111
      vertex -0.614855 0.7011078 0.3611111
    endloop
  endfacet
  facet normal -0.6844879 0.6410929 0.3470968
    outer loop
      vertex -0.6666667 0.6666667 0.3333333
      vertex -0.7088414 0.6216372 0.3333333
      vertex -0.7011078 0.614855 0.3611111
    endloop
  endfacet
  facet normal -0.6844879 0.6410929 0.3470968
    outer loop
      vertex -0.6666667 0.6666667 0.3333333
      vertex -0.7011078 0.614855 0.3611111
      vertex -0.6593932 0.6593932 0.3611111
    endloop
  endfacet
  facet normal -0.7249519 0.5949526 0.3470968
    outer loop
      vertex -0.7088414 0.6216372 0.3333333
      vertex -0.7479807 0.5739458 0.3333333
      vertex -0.7398201 0.5676839 0.3611111
    endloop
  endfacet
  facet normal -0.7249519 0.5949526 0.3470968
    outer loop
      vertex -0.7088414 0.6216372 0.3333333
      vertex -0.7398201 0.5676839 0.3611111
      vertex -0.7011078 0.614855 0.3611111
    endloop
  endfacet
  facet normal -0.7623114 0.5462647 0.3470968
    outer loop
      vertex -0.7479807 0.5739458 0.3333333
      vertex -0.7839171 0.5237966 0.3333333
      vertex -0.7753644 0.5180819 0.3611111
    endloop
  endfacet
  facet normal -0.7623114 0.5462647 0.3470968
    outer loop
      vertex -0.7479807 0.5739458 0.3333333
      vertex -0.7753644 0.5180819 0.3611111
      vertex -0.7398201 0.5676839 0.3611111
    endloop
  endfacet
  facet normal -0.7964067 0.4952375 0.3470968
    outer loop
      vertex -0.7839171 0.5237966 0.3333333
      vertex -0.8164966 0.4714045 0.3333333
      vertex -0.8075884 0.4662614 0.3611111
    endloop
  endfacet
  facet normal -0.7964067 0.4952375 0.3470968
    outer loop
      vertex -0.7839171 0.5237966 0.3333333
      vertex -0.8075884 0.4662614 0.3611111
      vertex -0.7753644 0.5180819 0.3611111
    endloop
  endfacet
  facet normal -0.8270916 0.4420897 0.3470968
    outer loop
      vertex -0.8164966 0.4714045 0.3333333
      vertex -0.8455797 0.4169938 0.3333333
      vertex -0.8363543 0.4124443 0.3611111
    endloop
  endfacet
  facet normal -0.8270916 0.4420897 0.3470968
    outer loop
      vertex -0.8164966 0.4714045 0.3333333
      vertex -0.8363543 0.4124443 0.3611111
      vertex -0.8075884 0.4662614 0.3611111
    endloop
  endfacet
  facet normal -0.8542348 0.3870488 0.3470968
    outer loop
      vertex -0.8455797 0.4169938 0.3333333
      vertex -0.871042 0.3607974 0.3333333
      vertex -0.8615387 0.356861 0.3611111
    endloop
  endfacet
  facet normal -0.8542348 0.3870488 0.3470968
    outer loop
      vertex -0.8455797 0.4169938 0.3333333
      vertex -0.8615387 0.356861 0.3611111
      vertex -0.8363543 0.4124443 0.3611111
    endloop
  endfacet
  facet normal -0.87772 0.3303504 0.3470968
    outer loop
      vertex -0.871042 0.3607974 0.3333333
      vertex -0.8927743 0.303056 0.3333333
      vertex -0.8830339 0.2997496 0.3611111
    endloop
  endfacet
  facet normal -0.87772 0.3303504 0.3470968
    outer loop
      vertex -0.871042 0.3607974 0.3333333
      vertex -0.8830339 0.2997496 0.3611111
      vertex -0.8615387 0.356861 0.3611111
    endloop
  endfacet
  facet normal -0.8974467 0.2722375 0.3470968
    outer loop
      vertex -0.8927743 0.303056 0.3333333
      vertex -0.9106836 0.2440169 0.3333333
      vertex -0.9007479 0.2413547 0.3611111
    endloop
  endfacet
  facet normal -0.8974467 0.2722375 0.3470968
    outer loop
      vertex -0.8927743 0.303056 0.3333333
      vertex -0.9007479 0.2413547 0.3611111
      vertex -0.8830339 0.2997496 0.3611111
    endloop
  endfacet
  facet normal -0.9133304 0.2129588 0.3470968
    outer loop
      vertex -0.9106836 0.2440169 0.3333333
      vertex -0.9246932 0.1839329 0.3333333
      vertex -0.9146046 0.1819262 0.3611111
    endloop
  endfacet
  facet normal -0.9133304 0.2129588 0.3470968
    outer loop
      vertex -0.9106836 0.2440169 0.3333333
      vertex -0.9146046 0.1819262 0.3611111
      vertex -0.9007479 0.2413547 0.3611111
    endloop
  endfacet
  facet normal -0.925303 0.1527681 0.3470968
    outer loop
      vertex -0.9246932 0.1839329 0.3333333
      vertex -0.9347432 0.1230613 0.3333333
      vertex -0.9245449 0.1217186 0.3611111
    endloop
  endfacet
  facet normal -0.925303 0.1527681 0.3470968
    outer loop
      vertex -0.9246932 0.1839329 0.3333333
      vertex -0.9245449 0.1217186 0.3611111
      vertex -0.9146046 0.1819262 0.3611111
    endloop
  endfacet
  facet normal -0.9333134 0.09192335 0.3470968
    outer loop
      vertex -0.9347432 0.1230613 0.3333333
      vertex -0.9407904 0.06166266 0.3333333
      vertex -0.9305262 0.06098991 0.3611111
    endloop
  endfacet
  facet normal -0.9333134 0.09192335 0.3470968
    outer loop
      vertex -0.9347432 0.1230613 0.3333333
      vertex -0.9305262 0.06098991 0.3611111
      vertex -0.9245449 0.1217186 0.3611111
    endloop
  endfacet
  facet normal -0.9373272 0.03068491 0.3470968
    outer loop
      vertex -0.9407904 0.06166266 0.3333333
      vertex -0.942809 1.154608e-16 0.3333333
      vertex -0.9325228 1.142011e-16 0.3611111
    endloop
  endfacet
  facet normal -0.9373272 0.03068491 0.3470968
    outer loop
      vertex -0.9407904 0.06166266 0.3333333
      vertex -0.9325228 1.142011e-16 0.3611111
      vertex -0.9305262 0.06098991 0.3611111
    endloop
  endfacet
  facet normal -0.9373272 -0.03068491 0.3470968
    outer loop
      vertex -0.942809 1.154608e-16 0.3333333
      vertex -0.9407904 -0.06166266 0.3333333
      vertex -0.9305262 -0.06098991 0.3611111
    endloop
  endfacet
  facet normal -0.9373272 -0.03068491 0.3470968
    outer loop
      vertex -0.942809 1.154608e-16 0.3333333
      vertex -0.9305262 -0.06098991 0.3611111
      vertex -0.9325228 1.142011e-16 0.3611111
    endloop
  endfacet
  facet normal -0.9333134 -0.09192335 0.3470968
    outer loop
      vertex -0.9407904 -0.06166266 0.3333333
      vertex -0.9347432 -0.1230613 0.3333333
      vertex -0.9245449 -0.1217186 0.3611111
    endloop
  endfacet
  facet normal -0.9333134 -0.09192335 0.3470968
    outer loop
      vertex -0.9407904 -0.06166266 0.3333333
      vertex -0.9245449 -0.1217186 0.3611111
      vertex -0.9305262 -0.06098991 0.3611111
    endloop
  endfacet
  facet normal -0.925303 -0.1527681 0.3470968
    outer loop
      vertex -0.9347432 -0.1230613 0.3333333
      vertex -0.9246932 -0.1839329 0.3333333
      vertex -0.9146046 -0.1819262 0.3611111
    endloop
  endfacet
  facet normal -0.925303 -0.1527681 0.3470968
    outer loop
      vertex -0.9347432 -0.1230613 0.3333333
      vertex -0.9146046 -0.1819262 0.3611111
      vertex -0.9245449 -0.1217186 0.3611111
    endloop
  endfacet
  facet normal -0.9133304 -0.2129588 0.3470968
    outer loop
      vertex -0.9246932 -0.1839329 0.3333333
      vertex -0.9106836 -0.2440169 0.3333333
      vertex -0.9007479 -0.2413547 0.3611111
    endloop
  endfacet
  facet normal -0.9133304 -0.2129588 0.3470968
    outer loop
      vertex -0.9246932 -0.1839329 0.3333333
      vertex -0.9007479 -0.2413547 0.3611111
      vertex -0.9146046 -0.1819262 0.3611111
    endloop
  endfacet
  facet normal -0.8974467 -0.2722375 0.3470968
    outer loop
      vertex -0.9106836 -0.2440169 0.3333333
      vertex -0.8927743 -0.303056 0.3333333
      vertex -0.8830339 -0.2997496 0.3611111
    endloop
  endfacet
  facet normal -0.8974467 -0.2722375 0.3470968
    outer loop
      vertex -0.9106836 -0.2440169 0.3333333
      vertex -0.8830339 -0.2997496 0.3611111
      vertex -0.9007479 -0.2413547 0.3611111
    endloop
  endfacet
  facet normal -0.87772 -0.3303504 0.3470968
    outer loop
      vertex -0.8927743 -0.303056 0.3333333
      vertex -0.871042 -0.3607974 0.3333333
      vertex -0.8615387 -0.356861 0.3611111
    endloop
  endfacet
  facet normal -0.87772 -0.3303504 0.3470968
    outer loop
      vertex -0.8927743 -0.303056 0.3333333
      vertex -0.8615387 -0.356861 0.3611111
      vertex -0.8830339 -0.2997496 0.3611111
    endloop
  endfacet
  facet normal -0.8542348 -0.3870488 0.3470968
    outer loop
      vertex -0.871042 -0.3607974 0.3333333
      vertex -0.8455797 -0.4169938 0.3333333
      vertex -0.8363543 -0.4124443 0.3611111
    endloop
  endfacet
  facet normal -0.8542348 -0.3870488 0.3470968
    outer loop
      vertex -0.871042 -0.3607974 0.3333333
      vertex -0.8363543 -0.4124443 0.3611111
      vertex -0.8615387 -0.356861 0.3611111
    endloop
  endfacet
  facet normal -0.8270916 -0.4420897 0.3470968
    outer loop
      vertex -0.8455797 -0.4169938 0.3333333
      vertex -0.8164966 -0.4714045 0.3333333
      vertex -0.8075884 -0.4662614 0.3611111
    endloop
  endfacet
  facet normal -0.8270916 -0.4420897 0.3470968
    outer loop
      vertex -0.8455797 -0.4169938 0.3333333
      vertex -0.8075884 -0.4662614 0.3611111
      vertex -0.8363543 -0.4124443 0.3611111
    endloop
  endfacet
  facet normal -0.7964067 -0.4952375 0.3470968
    outer loop
      vertex -0.8164966 -0.4714045 0.3333333
      vertex -0.7839171 -0.5237966 0.3333333
      vertex -0.7753644 -0.5180819 0.3611111
    endloop
  endfacet
  facet normal -0.7964067 -0.4952375 0.3470968
    outer loop
      vertex -0.8164966 -0.4714045 0.3333333
      vertex -0.7753644 -0.5180819 0.3611111
      vertex -0.8075884 -0.4662614 0.3611111
    endloop
  endfacet
  facet normal -0.7623114 -0.5462647 0.3470968
    outer loop
      vertex -0.7839171 -0.5237966 0.3333333
      vertex -0.7479807 -0.5739458 0.3333333
      vertex -0.7398201 -0.5676839 0.3611111
    endloop
  endfacet
  facet normal -0.7623114 -0.5462647 0.3470968
    outer loop
      vertex -0.7839171 -0.5237966 0.3333333
      vertex -0.7398201 -0.5676839 0.3611111
      vertex -0.7753644 -0.5180819 0.3611111
    endloop
  endfacet
  facet normal -0.7249519 -0.5949526 0.3470968
    outer loop
      vertex -0.7479807 -0.5739458 0.3333333
      vertex -0.7088414 -0.6216372 0.3333333
      vertex -0.7011078 -0.614855 0.3611111
    endloop
  endfacet
  facet normal -0.7249519 -0.5949526 0.3470968
    outer loop
      vertex -0.7479807 -0.5739458 0.3333333
      vertex -0.7011078 -0.614855 0.3611111
      vertex -0.7398201 -0.5676839 0.3611111
    endloop
  endfacet
  facet normal -0.6844879 -0.6410929 0.3470968
    outer loop
      vertex -0.7088414 -0.6216372 0.3333333
      vertex -0.6666667 -0.6666667 0.3333333
      vertex -0.6593932 -0.6593932 0.3611111
    endloop
  endfacet
  facet normal -0.6844879 -0.6410929 0.3470968
    outer loop
      vertex -0.7088414 -0.6216372 0.3333333
      vertex -0.6593932 -0.6593932 0.3611111
      vertex -0.7011078 -0.614855 0.3611111
    endloop
  endfacet
  facet normal -0.6410929 -0.6844879 0.3470968
    outer loop
      vertex -0.6666667 -0.6666667 0.3333333
      vertex -0.6216372 -0.7088414 0.3333333
      vertex -0.614855 -0.7011078 0.3611111
    endloop
  endfacet
  facet normal -0.6410929 -0.6844879 0.3470968
    outer loop
      vertex -0.6666667 -0.6666667 0.3333333
      vertex -0.614855 -0.7011078 0.3611111
      vertex -0.6593932 -0.6593932 0.3611111
    endloop
  endfacet
  facet normal -0.5949526 -0.7249519 0.3470968
    outer loop
      vertex -0.6216372 -0.7088414 0.3333333
      vertex -0.5739458 -0.7479807 0.3333333
      vertex -0.5676839 -0.7398201 0.3611111
    endloop
  endfacet
  facet normal -0.5949526 -0.7249519 0.3470968
    outer loop
      vertex -0.6216372 -0.7088414 0.3333333
      vertex -0.5676839 -0.7398201 0.3611111
      vertex -0.614855 -0.7011078 0.3611111
    endloop
  endfacet
  facet normal -0.5462647 -0.7623114 0.3470968
    outer loop
      vertex -0.5739458 -0.7479807 0.3333333
      vertex -0.5237966 -0.7839171 0.3333333
      vertex -0.5180819 -0.7753644 0.3611111
    endloop
  endfacet
  facet normal -0.5462647 -0.7623114 0.3470968
    outer loop
      vertex -0.5739458 -0.7479807 0.3333333
      vertex -0.5180819 -0.7753644 0.3611111
      vertex -0.5676839 -0.7398201 0.3611111
    endloop
  endfacet
  facet normal -0.4952375 -0.7964067 0.3470968
    outer loop
      vertex -0.5237966 -0.7839171 0.3333333
      vertex -0.4714045 -0.8164966 0.3333333
      vertex -0.4662614 -0.8075884 0.3611111
    endloop
  endfacet
  facet normal -0.4952375 -0.7964067 0.3470968
    outer loop
      vertex -0.5237966 -0.7839171 0.3333333
      vertex -0.4662614 -0.8075884 0.3611111
      vertex -0.5180819 -0.7753644 0.3611111
    endloop
  endfacet
  facet normal -0.4420897 -0.8270916 0.3470968
    outer loop
      vertex -0.4714045 -0.8164966 0.3333333
      vertex -0.4169938 -0.8455797 0.3333333
      vertex -0.4124443 -0.8363543 0.3611111
    endloop
  endfacet
  facet normal -0.4420897 -0.8270916 0.3470968
    outer loop
      vertex -0.4714045 -0.8164966 0.3333333
      vertex -0.4124443 -0.8363543 0.3611111
      vertex -0.4662614 -0.8075884 0.3611111
    endloop
  endfacet
  facet normal -0.3870488 -0.8542348 0.3470968
    outer loop
      vertex -0.4169938 -0.8455797 0.3333333
      vertex -0.3607974 -0.871042 0.3333333
      vertex -0.356861 -0.8615387 0.3611111
    endloop
  endfacet
  facet normal -0.3870488 -0.8542348 0.3470968
    outer loop
      vertex -0.4169938 -0.8455797 0.3333333
      vertex -0.356861 -0.8615387 0.3611111
      vertex -0.4124443 -0.8363543 0.3611111
    endloop
  endfacet
  facet normal -0.3303504 -0.87772 0.3470968
    outer loop
      vertex -0.3607974 -0.871042 0.3333333
      vertex -0.303056 -0.8927743 0.3333333
      vertex -0.2997496 -0.8830339 0.3611111
    endloop
  endfacet
  facet normal -0.3303504 -0.87772 0.3470968
    outer loop
      vertex -0.3607974 -0.871042 0.3333333
      vertex -0.2997496 -0.8830339 0.3611111
      vertex -0.356861 -0.8615387 0.3611111
    endloop
  endfacet
  facet normal -0.2722375 -0.8974467 0.3470968
    outer loop
      vertex -0.303056 -0.8927743 0.3333333
      vertex -0.2440169 -0.9106836 0.3333333
      vertex -0.2413547 -0.9007479 0.3611111
    endloop
  endfacet
  facet normal -0.2722375 -0.8974467 0.3470968
    outer loop
      vertex -0.303056 -0.8927743 0.3333333
      vertex -0.2413547 -0.9007479 0.3611111
      vertex -0.2997496 -0.8830339 0.3611111
    endloop
  endfacet
  facet normal -0.2129588 -0.9133304 0.3470968
    outer loop
      vertex -0.2440169 -0.9106836 0.3333333
      vertex -0.1839329 -0.9246932 0.3333333
      vertex -0.1819262 -0.9146046 0.3611111
    endloop
  endfacet
  facet normal -0.2129588 -0.9133304 0.3470968
    outer loop
      vertex -0.2440169 -0.9106836 0.3333333
      vertex -0.1819262 -0.9146046 0.3611111
      vertex -0.2413547 -0.9007479 0.3611111
    endloop
  endfacet
  facet normal -0.1527681 -0.925303 0.3470968
    outer loop
      vertex -0.1839329 -0.9246932 0.3333333
      vertex -0.1230613 -0.9347432 0.3333333
      vertex -0.1217186 -0.9245449 0.3611111
    endloop
  endfacet
  facet normal -0.1527681 -0.925303 0.3470968
    outer loop
      vertex -0.1839329 -0.9246932 0.3333333
      vertex -0.1217186 -0.9245449 0.3611111
      vertex -0.1819262 -0.9146046 0.3611111
    endloop
  endfacet
  facet normal -0.09192335 -0.9333134 0.3470968
    outer loop
      vertex -0.1230613 -0.9347432 0.3333333
      vertex -0.06166266 -0.9407904 0.3333333
      vertex -0.06098991 -0.9305262 0.3611111
    endloop
  endfacet
  facet normal -0.09192335 -0.9333134 0.3470968
    outer loop
      vertex -0.1230613 -0.9347432 0.3333333
      vertex -0.06098991 -0.9305262 0.3611111
      vertex -0.1217186 -0.9245449 0.3611111
    endloop
  endfacet
  facet normal -0.03068491 -0.9373272 0.3470968
    outer loop
      vertex -0.06166266 -0.9407904 0.3333333
      vertex -1.731912e-16 -0.942809 0.3333333
      vertex -1.713017e-16 -0.9325228 0.3611111
    endloop
  endfacet
  facet normal -0.03068491 -0.9373272 0.3470968
    outer loop
      vertex -0.06166266 -0.9407904 0.3333333
      vertex -1.713017e-16 -0.9325228 0.3611111
      vertex -0.06098991 -0.9305262 0.3611111
    endloop
  endfacet
  facet normal 0.03068491 -0.9373272 0.3470968
    outer loop
      vertex -1.731912e-16 -0.942809 0.3333333
      vertex 0.06166266 -0.9407904 0.3333333
      vertex 0.06098991 -0.9305262 0.3611111
    endloop
  endfacet
  facet normal 0.03068491 -0.9373272 0.3470968
    outer loop
      vertex -1.731912e-16 -0.942809 0.3333333
      vertex 0.06098991 -0.9305262 0.3611111
      vertex -1.713017e-16 -0.9325228 0.3611111
    endloop
  endfacet
  facet normal 0.09192335 -0.9333134 0.3470968
    outer loop
      vertex 0.06166266 -0.9407904 0.3333333
      vertex 0.1230613 -0.9347432 0.3333333
      vertex 0.1217186 -0.9245449 0.3611111
    endloop
  endfacet
  facet normal 0.09192335 -0.9333134 0.3470968
    outer loop
      vertex 0.06166266 -0.9407904 0.3333333
      vertex 0.1217186 -0.9245449 0.3611111
      vertex 0.06098991 -0.9305262 0.3611111
    endloop
  endfacet
  facet normal 0.1527681 -0.925303 0.3470968
    outer loop
      vertex 0.1230613 -0.9347432 0.3333333
      vertex 0.1839329 -0.9246932 0.3333333
      vertex 0.1819262 -0.9146046 0.3611111
    endloop
  endfacet
  facet normal 0.1527681 -0.925303 0.3470968
    outer loop
      vertex 0.1230613 -0.9347432 0.3333333
      vertex 0.1819262 -0.9146046 0.3611111
      vertex 0.1217186 -0.9245449 0.3611111
    endloop
  endfacet
  facet normal 0.2129588 -0.9133304 0.3470968
    outer loop
      vertex 0.1839329 -0.9246932 0.3333333
      vertex 0.2440169 -0.9106836 0.3333333
      vertex 0.2413547 -0.9007479 0.3611111
    endloop
  endfacet
  facet normal 0.2129588 -0.9133304 0.3470968
    outer loop
      vertex 0.1839329 -0.9246932 0.3333333
      vertex 0.2413547 -0.9007479 0.3611111
      vertex 0.1819262 -0.9146046 0.3611111
    endloop
  endfacet
  facet normal 0.2722375 -0.8974467 0.3470968
    outer loop
      vertex 0.2440169 -0.9106836 0.3333333
      vertex 0.303056 -0.8927743 0.3333333
      vertex 0.2997496 -0.8830339 0.3611111
    endloop
  endfacet
  facet normal 0.2722375 -0.8974467 0.3470968
    outer loop
      vertex 0.2440169 -0.9106836 0.3333333
      vertex 0.2997496 -0.8830339 0.3611111
      vertex 0.2413547 -0.9007479 0.3611111
    endloop
  endfacet
  facet normal 0.3303504 -0.87772 0.3470968
    outer loop
      vertex 0.303056 -0.8927743 0.3333333
      vertex 0.3607974 -0.871042 0.3333333
      vertex 0.356861 -0.8615387 0.3611111
    endloop
  endfacet
  facet normal 0.3303504 -0.87772 0.3470968
    outer loop
      vertex 0.303056 -0.8927743 0.3333333
      vertex 0.356861 -0.8615387 0.3611111
      vertex 0.2997496 -0.8830339 0.3611111
    endloop
  endfacet
  facet normal 0.3870488 -0.8542348 0.3470968
    outer loop
      vertex 0.3607974 -0.871042 0.3333333
      vertex 0.4169938 -0.8455797 0.3333333
      vertex 0.4124443 -0.8363543 0.3611111
    endloop
  endfacet
  facet normal 0.3870488 -0.8542348 0.3470968
    outer loop
      vertex 0.3607974 -0.871042 0.3333333
      vertex 0.4124443 -0.8363543 0.3611111
      vertex 0.356861 -0.8615387 0.3611111
    endloop
  endfacet
  facet normal 0.4420897 -0.8270916 0.3470968
    outer loop
      vertex 0.4169938 -0.8455797 0.3333333
      vertex 0.4714045 -0.8164966 0.3333333
      vertex 0.4662614 -0.8075884 0.3611111
    endloop
  endfacet
  facet normal 0.4420897 -0.8270916 0.3470968
    outer loop
      vertex 0.4169938 -0.8455797 0.3333333
      vertex 0.4662614 -0.8075884 0.3611111
      vertex 0.4124443 -0.8363543 0.3611111
    endloop
  endfacet
  facet normal 0.4952375 -0.7964067 0.3470968
    outer loop
      vertex 0.4714045 -0.8164966 0.3333333
      vertex 0.5237966 -0.7839171 0.3333333
      vertex 0.5180819 -0.7753644 0.3611111
    endloop
  endfacet
  facet normal 0.4952375 -0.7964067 0.3470968
    outer loop
      vertex 0.4714045 -0.8164966 0.3333333
      vertex 0.5180819 -0.7753644 0.3611111
      vertex 0.4662614 -0.8075884 0.3611111
    endloop
  endfacet
  facet normal 0.5462647 -0.7623114 0.3470968
    outer loop
      vertex 0.5237966 -0.7839171 0.3333333
      vertex 0.5739458 -0.7479807 0.3333333
      vertex 0.5676839 -0.7398201 0.3611111
    endloop
  endfacet
  facet normal 0.5462647 -0.7623114 0.3470968
    outer loop
      vertex 0.5237966 -0.7839171 0.3333333
      vertex 0.5676839 -0.7398201 0.3611111
      vertex 0.5180819 -0.7753644 0.3611111
    endloop
  endfacet
  facet normal 0.5949526 -0.7249519 0.3470968
    outer loop
      vertex 0.5739458 -0.7479807 0.3333333
      vertex 0.6216372 -0.7088414 0.3333333
      vertex 0.614855 -0.7011078 0.3611111
    endloop
  endfacet
  facet normal 0.5949526 -0.7249519 0.3470968
    outer loop
      vertex 0.5739458 -0.7479807 0.3333333
      vertex 0.614855 -0.7011078 0.3611111
      vertex 0.5676839 -0.7398201 0.3611111
    endloop
  endfacet
  facet normal 0.6410929 -0.6844879 0.3470968
    outer loop
      vertex 0.6216372 -0.7088414 0.3333333
      vertex 0.6666667 -0.6666667 0.3333333
      vertex 0.6593932 -0.6593932 0.3611111
    endloop
  endfacet
  facet normal 0.6410929 -0.6844879 0.3470968
    outer loop
      vertex 0.6216372 -0.7088414 0.3333333
      vertex 0.6593932 -0.6593932 0.3611111
      vertex 0.614855 -0.7011078 0.3611111
    endloop
  endfacet
  facet normal 0.6844879 -0.6410929 0.3470968
    outer loop
      vertex 0.6666667 -0.6666667 0.3333333
      vertex 0.7088414 -0.6216372 0.3333333
      vertex 0.7011078 -0.614855 0.3611111
    endloop
  endfacet
  facet normal 0.6844879 -0.6410929 0.3470968
    outer loop
      vertex 0.6666667 -0.6666667 0.3333333
      vertex 0.7011078 -0.614855 0.3611111
      vertex 0.6593932 -0.6593932 0.3611111
    endloop
  endfacet
  facet normal 0.7249519 -0.5949526 0.3470968
    outer loop
      vertex 0.7088414 -0.6216372 0.3333333
      vertex 0.7479807 -0.5739458 0.3333333
      vertex 0.7398201 -0.5676839 0.3611111
    endloop
  endfacet
  facet normal 0.7249519 -0.5949526 0.3470968
    outer loop
      vertex 0.7088414 -0.6216372 0.3333333
      vertex 0.7398201 -0.5676839 0.3611111
      vertex 0.7011078 -0.614855 0.3611111
    endloop
  endfacet
  facet normal 0.7623114 -0.5462647 0.3470968
    outer loop
      vertex 0.7479807 -0.5739458 0.3333333
      vertex 0.7839171 -0.5237966 0.3333333
      vertex 0.7753644 -0.5180819 0.3611111
    endloop
  endfacet
  facet normal 0.7623114 -0.5462647 0.3470968
    outer loop
      vertex 0.7479807 -0.5739458 0.3333333
      vertex 0.7753644 -0.5180819 0.3611111
      vertex 0.7398201 -0.5676839 0.3611111
    endloop
  endfacet
  facet normal 0.7964067 -0.4952375 0.3470968
    outer loop
      vertex 0.7839171 -0.5237966 0.3333333
      vertex 0.8164966 -0.4714045 0.3333333
      vertex 0.8075884 -0.4662614 0.3611111
    endloop
  endfacet
  facet normal 0.7964067 -0.4952375 0.3470968
    outer loop
      vertex 0.7839171 -0.5237966 0.3333333
      vertex 0.8075884 -0.4662614 0.3611111
      vertex 0.7753644 -0.5180819 0.3611111
    endloop
  endfacet
  facet normal 0.8270916 -0.4420897 0.3470968
    outer loop
      vertex 0.8164966 -0.4714045 0.3333333
      vertex 0.8455797 -0.4169938 0.3333333
      vertex 0.8363543 -0.4124443 0.3611111
    endloop
  endfacet
  facet normal 0.8270916 -0.4420897 0.3470968
    outer loop
      vertex 0.8164966 -0.4714045 0.3333333
      vertex 0.8363543 -0.4124443 0.3611111
      vertex 0.8075884 -0.4662614 0.3611111
    endloop
  endfacet
  facet normal 0.8542348 -0.3870488 0.3470968
    outer loop
      vertex 0.8455797 -0.4169938 0.3333333
      vertex 0.871042 -0.3607974 0.3333333
      vertex 0.8615387 -0.356861 0.3611111
    endloop
  endfacet
  facet normal 0.8542348 -0.3870488 0.3470968
    outer loop
      vertex 0.8455797 -0.4169938 0.3333333
      vertex 0.8615387 -0.356861 0.3611111
      vertex 0.8363543 -0.4124443 0.3611111
    endloop
  endfacet
  facet normal 0.87772 -0.3303504 0.3470968
    outer loop
      vertex 0.871042 -0.3607974 0.3333333
      vertex 0.8927743 -0.303056 0.3333333
      vertex 0.8830339 -0.2997496 0.3611111
    endloop
  endfacet
  facet normal 0.87772 -0.3303504 0.3470968
    outer loop
      vertex 0.871042 -0.3607974 0.3333333
      vertex 0.8830339 -0.2997496 0.3611111
      vertex 0.8615387 -0.356861 0.3611111
    endloop
  endfacet
  facet normal 0.8974467 -0.2722375 0.3470968
    outer loop
      vertex 0.8927743 -0.303056 0.3333333
      vertex 0.9106836 -0.2440169 0.3333333
      vertex 0.9007479 -0.2413547 0.3611111
    endloop
  endfacet
  facet normal 0.8974467 -0.2722375 0.3470968
    outer loop
      vertex 0.8927743 -0.303056 0.3333333
      vertex 0.9007479 -0.2413547 0.3611111
      vertex 0.8830339 -0.2997496 0.3611111
    endloop
  endfacet
  facet normal 0.9133304 -0.2129588 0.3470968
    outer loop
      vertex 0.9106836 -0.2440169 0.3333333
      vertex 0.9246932 -0.1839329 0.3333333
      vertex 0.9146046 -0.1819262 0.3611111
    endloop
  endfacet
  facet normal 0.9133304 -0.2129588 0.3470968
    outer loop
      vertex 0.9106836 -0.2440169 0.3333333
      vertex 0.9146046 -0.1819262 0.3611111
      vertex 0.9007479 -0.2413547 0.3611111
    endloop
  endfacet
  facet normal 0.925303 -0.1527681 0.3470968
    outer loop
      vertex 0.9246932 -0.1839329 0.3333333
      vertex 0.9347432 -0.1230613 0.3333333
      vertex 0.9245449 -0.1217186 0.3611111
    endloop
  endfacet
  facet normal 0.925303 -0.1527681 0.3470968
    outer loop
      vertex 0.9246932 -0.1839329 0.3333333
      vertex 0.9245449 -0.1217186 0.3611111
      vertex 0.9146046 -0.1819262 0.3611111
    endloop
  endfacet
  facet normal 0.9333134 -0.09192335 0.3470968
    outer loop
      vertex 0.9347432 -0.1230613 0.3333333
      vertex 0.9407904 -0.06166266 0.3333333
      vertex 0.9305262 -0.06098991 0.3611111
    endloop
  endfacet
  facet normal 0.9333134 -0.09192335 0.3470968
    outer loop
      vertex 0.9347432 -0.1230613 0.3333333
      vertex 0.9305262 -0.06098991 0.3611111
      vertex 0.9245449 -0.1217186 0.3611111
    endloop
  endfacet
  facet normal 0.9373272 -0.03068491 0.3470968
    outer loop
      vertex 0.9407904 -0.06166266 0.3333333
      vertex 0.942809 0 0.3333333
      vertex 0.9325228 0 0.3611111
    endloop
  endfacet
  facet normal 0.9373272 -0.03068491 0.3470968
    outer loop
      vertex 0.9407904 -0.06166266 0.3333333
      vertex 0.9325228 0 0.3611111
      vertex 0.9305262 -0.06098991 0.3611111
    endloop
  endfacet
  facet normal 0.9265812 0.03033313 0.3748695
    outer loop
      vertex 0.9325228 0 0.3611111
      vertex 0.9305262 0.06098991 0.3611111
      vertex 0.9193121 0.0602549 0.3888889
    endloop
  endfacet
  facet normal 0.9265812 0.03033313 0.3748695
    outer loop
      vertex 0.9325228 0 0.3611111
      vertex 0.9193121 0.0602549 0.3888889
      vertex 0.9212847 0 0.3888889
    endloop
  endfacet
  facet normal 0.9226135 0.09086949 0.3748695
    outer loop
      vertex 0.9305262 0.06098991 0.3611111
      vertex 0.9245449 0.1217186 0.3611111
      vertex 0.9134029 0.1202518 0.3888889
    endloop
  endfacet
  facet normal 0.9226135 0.09086949 0.3748695
    outer loop
      vertex 0.9305262 0.06098991 0.3611111
      vertex 0.9134029 0.1202518 0.3888889
      vertex 0.9193121 0.0602549 0.3888889
    endloop
  endfacet
  facet normal 0.9146949 0.1510167 0.3748695
    outer loop
      vertex 0.9245449 0.1217186 0.3611111
      vertex 0.9146046 0.1819262 0.3611111
      vertex 0.9035824 0.1797337 0.3888889
    endloop
  endfacet
  facet normal 0.9146949 0.1510167 0.3748695
    outer loop
      vertex 0.9245449 0.1217186 0.3611111
      vertex 0.9035824 0.1797337 0.3888889
      vertex 0.9134029 0.1202518 0.3888889
    endloop
  endfacet
  facet normal 0.9028595 0.2105173 0.3748695
    outer loop
      vertex 0.9146046 0.1819262 0.3611111
      vertex 0.9007479 0.2413547 0.3611111
      vertex 0.8898927 0.238446 0.3888889
    endloop
  endfacet
  facet normal 0.9028595 0.2105173 0.3748695
    outer loop
      vertex 0.9146046 0.1819262 0.3611111
      vertex 0.8898927 0.238446 0.3888889
      vertex 0.9035824 0.1797337 0.3888889
    endloop
  endfacet
  facet normal 0.8871579 0.2691164 0.3748695
    outer loop
      vertex 0.9007479 0.2413547 0.3611111
      vertex 0.8830339 0.2997496 0.3611111
      vertex 0.8723922 0.2961372 0.3888889
    endloop
  endfacet
  facet normal 0.8871579 0.2691164 0.3748695
    outer loop
      vertex 0.9007479 0.2413547 0.3611111
      vertex 0.8723922 0.2961372 0.3888889
      vertex 0.8898927 0.238446 0.3888889
    endloop
  endfacet
  facet normal 0.8676574 0.3265631 0.3748695
    outer loop
      vertex 0.8830339 0.2997496 0.3611111
      vertex 0.8615387 0.356861 0.3611111
      vertex 0.851156 0.3525604 0.3888889
    endloop
  endfacet
  facet normal 0.8676574 0.3265631 0.3748695
    outer loop
      vertex 0.8830339 0.2997496 0.3611111
      vertex 0.851156 0.3525604 0.3888889
      vertex 0.8723922 0.2961372 0.3888889
    endloop
  endfacet
  facet normal 0.8444414 0.3826114 0.3748695
    outer loop
      vertex 0.8615387 0.356861 0.3611111
      vertex 0.8363543 0.4124443 0.3611111
      vertex 0.8262751 0.4074738 0.3888889
    endloop
  endfacet
  facet normal 0.8444414 0.3826114 0.3748695
    outer loop
      vertex 0.8615387 0.356861 0.3611111
      vertex 0.8262751 0.4074738 0.3888889
      vertex 0.851156 0.3525604 0.3888889
    endloop
  endfacet
  facet normal 0.8176094 0.4370213 0.3748695
    outer loop
      vertex 0.8363543 0.4124443 0.3611111
      vertex 0.8075884 0.4662614 0.3611111
      vertex 0.7978559 0.4606423 0.3888889
    endloop
  endfacet
  facet normal 0.8176094 0.4370213 0.3748695
    outer loop
      vertex 0.8363543 0.4124443 0.3611111
      vertex 0.7978559 0.4606423 0.3888889
      vertex 0.8262751 0.4074738 0.3888889
    endloop
  endfacet
  facet normal 0.7872763 0.4895599 0.3748695
    outer loop
      vertex 0.8075884 0.4662614 0.3611111
      vertex 0.7753644 0.5180819 0.3611111
      vertex 0.7660202 0.5118383 0.3888889
    endloop
  endfacet
  facet normal 0.7872763 0.4895599 0.3748695
    outer loop
      vertex 0.8075884 0.4662614 0.3611111
      vertex 0.7660202 0.5118383 0.3888889
      vertex 0.7978559 0.4606423 0.3888889
    endloop
  endfacet
  facet normal 0.7535719 0.540002 0.3748695
    outer loop
      vertex 0.7753644 0.5180819 0.3611111
      vertex 0.7398201 0.5676839 0.3611111
      vertex 0.7309043 0.5608426 0.3888889
    endloop
  endfacet
  facet normal 0.7535719 0.540002 0.3748695
    outer loop
      vertex 0.7753644 0.5180819 0.3611111
      vertex 0.7309043 0.5608426 0.3888889
      vertex 0.7660202 0.5118383 0.3888889
    endloop
  endfacet
  facet normal 0.7166407 0.5881318 0.3748695
    outer loop
      vertex 0.7398201 0.5676839 0.3611111
      vertex 0.7011078 0.614855 0.3611111
      vertex 0.6926585 0.6074452 0.3888889
    endloop
  endfacet
  facet normal 0.7166407 0.5881318 0.3748695
    outer loop
      vertex 0.7398201 0.5676839 0.3611111
      vertex 0.6926585 0.6074452 0.3888889
      vertex 0.7309043 0.5608426 0.3888889
    endloop
  endfacet
  facet normal 0.6766406 0.6337431 0.3748695
    outer loop
      vertex 0.7011078 0.614855 0.3611111
      vertex 0.6593932 0.6593932 0.3611111
      vertex 0.6514466 0.6514466 0.3888889
    endloop
  endfacet
  facet normal 0.6766406 0.6337431 0.3748695
    outer loop
      vertex 0.7011078 0.614855 0.3611111
      vertex 0.6514466 0.6514466 0.3888889
      vertex 0.6926585 0.6074452 0.3888889
    endloop
  endfacet
  facet normal 0.6337431 0.6766406 0.3748695
    outer loop
      vertex 0.6593932 0.6593932 0.3611111
      vertex 0.614855 0.7011078 0.3611111
      vertex 0.6074452 0.6926585 0.3888889
    endloop
  endfacet
  facet normal 0.6337431 0.6766406 0.3748695
    outer loop
      vertex 0.6593932 0.6593932 0.3611111
      vertex 0.6074452 0.6926585 0.3888889
      vertex 0.6514466 0.6514466 0.3888889
    endloop
  endfacet
  facet normal 0.5881318 0.7166407 0.3748695
    outer loop
      vertex 0.614855 0.7011078 0.3611111
      vertex 0.5676839 0.7398201 0.3611111
      vertex 0.5608426 0.7309043 0.3888889
    endloop
  endfacet
  facet normal 0.5881318 0.7166407 0.3748695
    outer loop
      vertex 0.614855 0.7011078 0.3611111
      vertex 0.5608426 0.7309043 0.3888889
      vertex 0.6074452 0.6926585 0.3888889
    endloop
  endfacet
  facet normal 0.540002 0.7535719 0.3748695
    outer loop
      vertex 0.5676839 0.7398201 0.3611111
      vertex 0.5180819 0.7753644 0.3611111
      vertex 0.5118383 0.7660202 0.3888889
    endloop
  endfacet
  facet normal 0.540002 0.7535719 0.3748695
    outer loop
      vertex 0.5676839 0.7398201 0.3611111
      vertex 0.5118383 0.7660202 0.3888889
      vertex 0.5608426 0.7309043 0.3888889
    endloop
  endfacet
  facet normal 0.4895599 0.7872763 0.3748695
    outer loop
      vertex 0.5180819 0.7753644 0.3611111
      vertex 0.4662614 0.8075884 0.3611111
      vertex 0.4606423 0.7978559 0.3888889
    endloop
  endfacet
  facet normal 0.4895599 0.7872763 0.3748695
    outer loop
      vertex 0.5180819 0.7753644 0.3611111
      vertex 0.4606423 0.7978559 0.3888889
      vertex 0.5118383 0.7660202 0.3888889
    endloop
  endfacet
  facet normal 0.4370213 0.8176094 0.3748695
    outer loop
      vertex 0.4662614 0.8075884 0.3611111
      vertex 0.4124443 0.8363543 0.3611111
      vertex 0.4074738 0.8262751 0.3888889
    endloop
  endfacet
  facet normal 0.4370213 0.8176094 0.3748695
    outer loop
      vertex 0.4662614 0.8075884 0.3611111
      vertex 0.4074738 0.8262751 0.3888889
      vertex 0.4606423 0.7978559 0.3888889
    endloop
  endfacet
  facet normal 0.3826114 0.8444414 0.3748695
    outer loop
      vertex 0.4124443 0.8363543 0.3611111
      vertex 0.356861 0.8615387 0.3611111
      vertex 0.3525604 0.851156 0.3888889
    endloop
  endfacet
  facet normal 0.3826114 0.8444414 0.3748695
    outer loop
      vertex 0.4124443 0.8363543 0.3611111
      vertex 0.3525604 0.851156 0.3888889
      vertex 0.4074738 0.8262751 0.3888889
    endloop
  endfacet
  facet normal 0.3265631 0.8676574 0.3748695
    outer loop
      vertex 0.356861 0.8615387 0.3611111
      vertex 0.2997496 0.8830339 0.3611111
      vertex 0.2961372 0.8723922 0.3888889
    endloop
  endfacet
  facet normal 0.3265631 0.8676574 0.3748695
    outer loop
      vertex 0.356861 0.8615387 0.3611111
      vertex 0.2961372 0.8723922 0.3888889
      vertex 0.3525604 0.851156 0.3888889
    endloop
  endfacet
  facet normal 0.2691164 0.8871579 0.3748695
    outer loop
      vertex 0.2997496 0.8830339 0.3611111
      vertex 0.2413547 0.9007479 0.3611111
      vertex 0.238446 0.8898927 0.3888889
    endloop
  endfacet
  facet normal 0.2691164 0.8871579 0.3748695
    outer loop
      vertex 0.2997496 0.8830339 0.3611111
      vertex 0.238446 0.8898927 0.3888889
      vertex 0.2961372 0.8723922 0.3888889
    endloop
  endfacet
  facet normal 0.2105173 0.9028595 0.3748695
    outer loop
      vertex 0.2413547 0.9007479 0.3611111
      vertex 0.1819262 0.9146046 0.3611111
      vertex 0.1797337 0.9035824 0.3888889
    endloop
  endfacet
  facet normal 0.2105173 0.9028595 0.3748695
    outer loop
      vertex 0.2413547 0.9007479 0.3611111
      vertex 0.1797337 0.9035824 0.3888889
      vertex 0.238446 0.8898927 0.3888889
    endloop
  endfacet
  facet normal 0.1510167 0.9146949 0.3748695
    outer loop
      vertex 0.1819262 0.9146046 0.3611111
      vertex 0.1217186 0.9245449 0.3611111
      vertex 0.1202518 0.9134029 0.3888889
    endloop
  endfacet
  facet normal 0.1510167 0.9146949 0.3748695
    outer loop
      vertex 0.1819262 0.9146046 0.3611111
      vertex 0.1202518 0.9134029 0.3888889
      vertex 0.1797337 0.9035824 0.3888889
    endloop
  endfacet
  facet normal 0.09086949 0.9226135 0.3748695
    outer loop
      vertex 0.1217186 0.9245449 0.3611111
      vertex 0.06098991 0.9305262 0.3611111
      vertex 0.0602549 0.9193121 0.3888889
    endloop
  endfacet
  facet normal 0.09086949 0.9226135 0.3748695
    outer loop
      vertex 0.1217186 0.9245449 0.3611111
      vertex 0.0602549 0.9193121 0.3888889
      vertex 0.1202518 0.9134029 0.3888889
    endloop
  endfacet
  facet normal 0.03033313 0.9265812 0.3748695
    outer loop
      vertex 0.06098991 0.9305262 0.3611111
      vertex 5.710055e-17 0.9325228 0.3611111
      vertex 5.641242e-17 0.9212847 0.3888889
    endloop
  endfacet
  facet normal 0.03033313 0.9265812 0.3748695
    outer loop
      vertex 0.06098991 0.9305262 0.3611111
      vertex 5.641242e-17 0.9212847 0.3888889
      vertex 0.0602549 0.9193121 0.3888889
    endloop
  endfacet
  facet normal -0.03033313 0.9265812 0.3748695
    outer loop
      vertex 5.710055e-17 0.9325228 0.3611111
      vertex -0.06098991 0.9305262 0.3611111
      vertex -0.0602549 0.9193121 0.3888889
    endloop
  endfacet
  facet normal -0.03033313 0.9265812 0.3748695
    outer loop
      vertex 5.710055e-17 0.9325228 0.3611111
      vertex -0.0602549 0.9193121 0.3888889
      vertex 5.641242e-17 0.9212847 0.3888889
    endloop
  endfacet
  facet normal -0.09086949 0.9226135 0.3748695
    outer loop
      vertex -0.06098991 0.9305262 0.3611111
      vertex -0.1217186 0.9245449 0.3611111
      vertex -0.1202518 0.9134029 0.3888889
    endloop
  endfacet
  facet normal -0.09086949 0.9226135 0.3748695
    outer loop
      vertex -0.06098991 0.9305262 0.3611111
      vertex -0.1202518 0.9134029 0.3888889
      vertex -0.0602549 0.9193121 0.3888889
    endloop
  endfacet
  facet normal -0.1510167 0.9146949 0.3748695
    outer loop
      vertex -0.1217186 0.9245449 0.3611111
      vertex -0.1819262 0.9146046 0.3611111
      vertex -0.1797337 0.9035824 0.3888889
    endloop
  endfacet
  facet normal -0.1510167 0.9146949 0.3748695
    outer loop
      vertex -0.1217186 0.9245449 0.3611111
      vertex -0.1797337 0.9035824 0.3888889
      vertex -0.1202518 0.9134029 0.3888889
    endloop
  endfacet
  facet normal -0.2105173 0.9028595 0.3748695
    outer loop
      vertex -0.1819262 0.9146046 0.3611111
      vertex -0.2413547 0.9007479 0.3611111
      vertex -0.238446 0.8898927 0.3888889
    endloop
  endfacet
  facet normal -0.2105173 0.9028595 0.3748695
    outer loop
      vertex -0.1819262 0.9146046 0.3611111
      vertex -0.238446 0.8898927 0.3888889
      vertex -0.1797337 0.9035824 0.3888889
    endloop
  endfacet
  facet normal -0.2691164 0.8871579 0.3748695
    outer loop
      vertex -0.2413547 0.9007479 0.3611111
      vertex -0.2997496 0.8830339 0.3611111
      vertex -0.2961372 0.8723922 0.3888889
    endloop
  endfacet
  facet normal -0.2691164 0.8871579 0.3748695
    outer loop
      vertex -0.2413547 0.9007479 0.3611111
      vertex -0.2961372 0.8723922 0.3888889
      vertex -0.238446 0.8898927 0.3888889
    endloop
  endfacet
  facet normal -0.3265631 0.8676574 0.3748695
    outer loop
      vertex -0.2997496 0.8830339 0.3611111
      vertex -0.356861 0.8615387 0.3611111
      vertex -0.3525604 0.851156 0.3888889
    endloop
  endfacet
  facet normal -0.3265631 0.8676574 0.3748695
    outer loop
      vertex -0.2997496 0.8830339 0.3611111
      vertex -0.3525604 0.851156 0.3888889
      vertex -0.2961372 0.8723922 0.3888889
    endloop
  endfacet
  facet normal -0.3826114 0.8444414 0.3748695
    outer loop
      vertex -0.356861 0.8615387 0.3611111
      vertex -0.4124443 0.8363543 0.3611111
      vertex -0.4074738 0.8262751 0.3888889
    endloop
  endfacet
  facet normal -0.3826114 0.8444414 0.3748695
    outer loop
      vertex -0.356861 0.8615387 0.3611111
      vertex -0.4074738 0.8262751 0.3888889
      vertex -0.3525604 0.851156 0.3888889
    endloop
  endfacet
  facet normal -0.4370213 0.8176094 0.3748695
    outer loop
      vertex -0.4124443 0.8363543 0.3611111
      vertex -0.4662614 0.8075884 0.3611111
      vertex -0.4606423 0.7978559 0.3888889
    endloop
  endfacet
  facet normal -0.4370213 0.8176094 0.3748695
    outer loop
      vertex -0.4124443 0.8363543 0.3611111
      vertex -0.4606423 0.7978559 0.3888889
      vertex -0.4074738 0.8262751 0.3888889
    endloop
  endfacet
  facet normal -0.4895599 0.7872763 0.3748695
    outer loop
      vertex -0.4662614 0.8075884 0.3611111
      vertex -0.5180819 0.7753644 0.3611111
      vertex -0.5118383 0.7660202 0.3888889
    endloop
  endfacet
  facet normal -0.4895599 0.7872763 0.3748695
    outer loop
      vertex -0.4662614 0.8075884 0.3611111
      vertex -0.5118383 0.7660202 0.3888889
      vertex -0.4606423 0.7978559 0.3888889
    endloop
  endfacet
  facet normal -0.540002 0.7535719 0.3748695
    outer loop
      vertex -0.5180819 0.7753644 0.3611111
      vertex -0.5676839 0.7398201 0.3611111
      vertex -0.5608426 0.7309043 0.3888889
    endloop
  endfacet
  facet normal -0.540002 0.7535719 0.3748695
    outer loop
      vertex -0.5180819 0.7753644 0.3611111
      vertex -0.5608426 0.7309043 0.3888889
      vertex -0.5118383 0.7660202 0.3888889
    endloop
  endfacet
  facet normal -0.5881318 0.7166407 0.3748695
    outer loop
      vertex -0.5676839 0.7398201 0.3611111
      vertex -0.614855 0.7011078 0.3611111
      vertex -0.6074452 0.6926585 0.3888889
    endloop
  endfacet
  facet normal -0.5881318 0.7166407 0.3748695
    outer loop
      vertex -0.5676839 0.7398201 0.3611111
      vertex -0.6074452 0.6926585 0.3888889
      vertex -0.5608426 0.7309043 0.3888889
    endloop
  endfacet
  facet normal -0.6337431 0.6766406 0.3748695
    outer loop
      vertex -0.614855 0.7011078 0.3611111
      vertex -0.6593932 0.6593932 0.3611111
      vertex -0.6514466 0.6514466 0.3888889
    endloop
  endfacet
  facet normal -0.6337431 0.6766406 0.3748695
    outer loop
      vertex -0.614855 0.7011078 0.3611111
      vertex -0.6514466 0.6514466 0.3888889
      vertex -0.6074452 0.6926585 0.3888889
    endloop
  endfacet
  facet normal -0.6766406 0.6337431 0.3748695
    outer loop
      vertex -0.6593932 0.6593932 0.3611111
      vertex -0.7011078 0.614855 0.3611111
      vertex -0.6926585 0.6074452 0.3888889
    endloop
  endfacet
  facet normal -0.6766406 0.6337431 0.3748695
    outer loop
      vertex -0.6593932 0.6593932 0.3611111
      vertex -0.6926585 0.6074452 0.3888889
      vertex -0.6514466 0.6514466 0.3888889
    endloop
  endfacet
  facet normal -0.7166407 0.5881318 0.3748695
    outer loop
      vertex -0.7011078 0.614855 0.3611111
      vertex -0.7398201 0.5676839 0.3611111
      vertex -0.7309043 0.5608426 0.3888889
    endloop
  endfacet
  facet normal -0.7166407 0.5881318 0.3748695
    outer loop
      vertex -0.7011078 0.614855 0.3611111
      vertex -0.7309043 0.5608426 0.3888889
      vertex -0.6926585 0.6074452 0.3888889
    endloop
  endfacet
  facet normal -0.7535719 0.540002 0.3748695
    outer loop
      vertex -0.7398201 0.5676839 0.3611111
      vertex -0.7753644 0.5180819 0.3611111
      vertex -0.7660202 0.5118383 0.3888889
    endloop
  endfacet
  facet normal -0.7535719 0.540002 0.3748695
    outer loop
      vertex -0.7398201 0.5676839 0.3611111
      vertex -0.7660202 0.5118383 0.3888889
      vertex -0.7309043 0.5608426 0.3888889
    endloop
  endfacet
  facet normal -0.7872763 0.4895599 0.3748695
    outer loop
      vertex -0.7753644 0.5180819 0.3611111
      vertex -0.8075884 0.4662614 0.3611111
      vertex -0.7978559 0.4606423 0.3888889
    endloop
  endfacet
  facet normal -0.7872763 0.4895599 0.3748695
    outer loop
      vertex -0.7753644 0.5180819 0.3611111
      vertex -0.7978559 0.4606423 0.3888889
      vertex -0.7660202 0.5118383 0.3888889
    endloop
  endfacet
  facet normal -0.8176094 0.4370213 0.3748695
    outer loop
      vertex -0.8075884 0.4662614 0.3611111
      vertex -0.8363543 0.4124443 0.3611111
      vertex -0.8262751 0.4074738 0.3888889
    endloop
  endfacet
  facet normal -0.8176094 0.4370213 0.3748695
    outer loop
      vertex -0.8075884 0.4662614 0.3611111
      vertex -0.8262751 0.4074738 0.3888889
      vertex -0.7978559 0.4606423 0.3888889
    endloop
  endfacet
  facet normal -0.8444414 0.3826114 0.3748695
    outer loop
      vertex -0.8363543 0.4124443 0.3611111
      vertex -0.8615387 0.356861 0.3611111
      vertex -0.851156 0.3525604 0.3888889
    endloop
  endfacet
  facet normal -0.8444414 0.3826114 0.3748695
    outer loop
      vertex -0.8363543 0.4124443 0.3611111
      vertex -0.851156 0.3525604 0.3888889
      vertex -0.8262751 0.4074738 0.3888889
    endloop
  endfacet
  facet normal -0.8676574 0.3265631 0.3748695
    outer loop
      vertex -0.8615387 0.356861 0.3611111
      vertex -0.8830339 0.2997496 0.3611111
      vertex -0.8723922 0.2961372 0.3888889
    endloop
  endfacet
  facet normal -0.8676574 0.3265631 0.3748695
    outer loop
      vertex -0.8615387 0.356861 0.3611111
      vertex -0.8723922 0.2961372 0.3888889
      vertex -0.851156 0.3525604 0.3888889
    endloop
  endfacet
  facet normal -0.8871579 0.2691164 0.3748695
    outer loop
      vertex -0.8830339 0.2997496 0.3611111
      vertex -0.9007479 0.2413547 0.3611111
      vertex -0.8898927 0.238446 0.3888889
    endloop
  endfacet
  facet normal -0.8871579 0.2691164 0.3748695
    outer loop
      vertex -0.8830339 0.2997496 0.3611111
      vertex -0.8898927 0.238446 0.3888889
      vertex -0.8723922 0.2961372 0.3888889
    endloop
  endfacet
  facet normal -0.9028595 0.2105173 0.3748695
    outer loop
      vertex -0.9007479 0.2413547 0.3611111
      vertex -0.9146046 0.1819262 0.3611111
      vertex -0.9035824 0.1797337 0.3888889
    endloop
  endfacet
  facet normal -0.9028595 0.2105173 0.3748695
    outer loop
      vertex -0.9007479 0.2413547 0.3611111
      vertex -0.9035824 0.1797337 0.3888889
      vertex -0.8898927 0.238446 0.3888889
    endloop
  endfacet
  facet normal -0.9146949 0.1510167 0.3748695
    outer loop
      vertex -0.9146046 0.1819262 0.3611111
      vertex -0.9245449 0.1217186 0.3611111
      vertex -0.9134029 0.1202518 0.3888889
    endloop
  endfacet
  facet normal -0.9146949 0.1510167 0.3748695
    outer loop
      vertex -0.9146046 0.1819262 0.3611111
      vertex -0.9134029 0.1202518 0.3888889
      vertex -0.9035824 0.1797337 0.3888889
    endloop
  endfacet
  facet normal -0.9226135 0.09086949 0.3748695
    outer loop
      vertex -0.9245449 0.1217186 0.3611111
      vertex -0.9305262 0.06098991 0.3611111
      vertex -0.9193121 0.0602549 0.3888889
    endloop
  endfacet
  facet normal -0.9226135 0.09086949 0.3748695
    outer loop
      vertex -0.9245449 0.1217186 0.3611111
      vertex -0.9193121 0.0602549 0.3888889
      vertex -0.9134029 0.1202518 0.3888889
    endloop
  endfacet
  facet normal -0.9265812 0.03033313 0.3748695
    outer loop
      vertex -0.9305262 0.06098991 0.3611111
      vertex -0.9325228 1.142011e-16 0.3611111
      vertex -0.9212847 1.128248e-16 0.3888889
    endloop
  endfacet
  facet normal -0.9265812 0.03033313 0.3748695
    outer loop
      vertex -0.9305262 0.06098991 0.3611111
      vertex -0.9212847 1.128248e-16 0.3888889
      vertex -0.9193121 0.0602549 0.3888889
    endloop
  endfacet
  facet normal -0.9265812 -0.03033313 0.3748695
    outer loop
      vertex -0.9325228 1.142011e-16 0.3611111
      vertex -0.9305262 -0.06098991 0.3611111
      vertex -0.9193121 -0.0602549 0.3888889
    endloop
  endfacet
  facet normal -0.9265812 -0.03033313 0.3748695
    outer loop
      vertex -0.9325228 1.142011e-16 0.3611111
      vertex -0.9193121 -0.0602549 0.3888889
      vertex -0.9212847 1.128248e-16 0.3888889
    endloop
  endfacet
  facet normal -0.9226135 -0.09086949 0.3748695
    outer loop
      vertex -0.9305262 -0.06098991 0.3611111
      vertex -0.9245449 -0.1217186 0.3611111
      vertex -0.9134029 -0.1202518 0.3888889
    endloop
  endfacet
  facet normal -0.9226135 -0.09086949 0.3748695
    outer loop
      vertex -0.9305262 -0.06098991 0.3611111
      vertex -0.9134029 -0.1202518 0.3888889
      vertex -0.9193121 -0.0602549 0.3888889
    endloop
  endfacet
  facet normal -0.9146949 -0.1510167 0.3748695
    outer loop
      vertex -0.9245449 -0.1217186 0.3611111
      vertex -0.9146046 -0.1819262 0.3611111
      vertex -0.9035824 -0.1797337 0.3888889
    endloop
  endfacet
  facet normal -0.9146949 -0.1510167 0.3748695
    outer loop
      vertex -0.9245449 -0.1217186 0.3611111
      vertex -0.9035824 -0.1797337 0.3888889
      vertex -0.9134029 -0.1202518 0.3888889
    endloop
  endfacet
  facet normal -0.9028595 -0.2105173 0.3748695
    outer loop
      vertex -0.9146046 -0.1819262 0.3611111
      vertex -0.9007479 -0.2413547 0.3611111
      vertex -0.8898927 -0.238446 0.3888889
    endloop
  endfacet
  facet normal -0.9028595 -0.2105173 0.3748695
    outer loop
      vertex -0.9146046 -0.1819262 0.3611111
      vertex -0.8898927 -0.238446 0.3888889
      vertex -0.9035824 -0.1797337 0.3888889
    endloop
  endfacet
  facet normal -0.8871579 -0.2691164 0.3748695
    outer loop
      vertex -0.9007479 -0.2413547 0.3611111
      vertex -0.8830339 -0.2997496 0.3611111
      vertex -0.8723922 -0.2961372 0.3888889
    endloop
  endfacet
  facet normal -0.8871579 -0.2691164 0.3748695
    outer loop
      vertex -0.9007479 -0.2413547 0.3611111
      vertex -0.8723922 -0.2961372 0.3888889
      vertex -0.8898927 -0.238446 0.3888889
    endloop
  endfacet
  facet normal -0.8676574 -0.3265631 0.3748695
    outer loop
      vertex -0.8830339 -0.2997496 0.3611111
      vertex -0.8615387 -0.356861 0.3611111
      vertex -0.851156 -0.3525604 0.3888889
    endloop
  endfacet
  facet normal -0.8676574 -0.3265631 0.3748695
    outer loop
      vertex -0.8830339 -0.2997496 0.3611111
      vertex -0.851156 -0.3525604 0.3888889
      vertex -0.8723922 -0.2961372 0.3888889
    endloop
  endfacet
  facet normal -0.8444414 -0.3826114 0.3748695
    outer loop
      vertex -0.8615387 -0.356861 0.3611111
      vertex -0.8363543 -0.4124443 0.3611111
      vertex -0.8262751 -0.4074738 0.3888889
    endloop
  endfacet
  facet normal -0.8444414 -0.3826114 0.3748695
    outer loop
      vertex -0.8615387 -0.356861 0.3611111
      vertex -0.8262751 -0.4074738 0.3888889
      vertex -0.851156 -0.3525604 0.3888889
    endloop
  endfacet
  facet normal -0.8176094 -0.4370213 0.3748695
    outer loop
      vertex -0.8363543 -0.4124443 0.3611111
      vertex -0.8075884 -0.4662614 0.3611111
      vertex -0.7978559 -0.4606423 0.3888889
    endloop
  endfacet
  facet normal -0.8176094 -0.4370213 0.3748695
    outer loop
      vertex -0.8363543 -0.4124443 0.3611111
      vertex -0.7978559 -0.4606423 0.3888889
      vertex -0.8262751 -0.4074738 0.3888889
    endloop
  endfacet
  facet normal -0.7872763 -0.4895599 0.3748695
    outer loop
      vertex -0.8075884 -0.4662614 0.3611111
      vertex -0.7753644 -0.5180819 0.3611111
      vertex -0.7660202 -0.5118383 0.3888889
    endloop
  endfacet
  facet normal -0.7872763 -0.4895599 0.3748695
    outer loop
      vertex -0.8075884 -0.4662614 0.3611111
      vertex -0.7660202 -0.5118383 0.3888889
      vertex -0.7978559 -0.4606423 0.3888889
    endloop
  endfacet
  facet normal -0.7535719 -0.540002 0.3748695
    outer loop
      vertex -0.7753644 -0.5180819 0.3611111
      vertex -0.7398201 -0.5676839 0.3611111
      vertex -0.7309043 -0.5608426 0.3888889
    endloop
  endfacet
  facet normal -0.7535719 -0.540002 0.3748695
    outer loop
      vertex -0.7753644 -0.5180819 0.3611111
      vertex -0.7309043 -0.5608426 0.3888889
      vertex -0.7660202 -0.5118383 0.3888889
    endloop
  endfacet
  facet normal -0.7166407 -0.5881318 0.3748695
    outer loop
      vertex -0.7398201 -0.5676839 0.3611111
      vertex -0.7011078 -0.614855 0.3611111
      vertex -0.6926585 -0.6074452 0.3888889
    endloop
  endfacet
  facet normal -0.7166407 -0.5881318 0.3748695
    outer loop
      vertex -0.7398201 -0.5676839 0.3611111
      vertex -0.6926585 -0.6074452 0.3888889
      vertex -0.7309043 -0.5608426 0.3888889
    endloop
  endfacet
  facet normal -0.6766406 -0.6337431 0.3748695
    outer loop
      vertex -0.7011078 -0.614855 0.3611111
      vertex -0.6593932 -0.6593932 0.3611111
      vertex -0.6514466 -0.6514466 0.3888889
    endloop
  endfacet
  facet normal -0.6766406 -0.6337431 0.3748695
    outer loop
      vertex -0.7011078 -0.614855 0.3611111
      vertex -0.6514466 -0.6514466 0.3888889
      vertex -0.6926585 -0.6074452 0.3888889
    endloop
  endfacet
  facet normal -0.6337431 -0.6766406 0.3748695
    outer loop
      vertex -0.6593932 -0.6593932 0.3611111
      vertex -0.614855 -0.7011078 0.3611111
      vertex -0.6074452 -0.6926585 0.3888889
    endloop
  endfacet
  facet normal -0.6337431 -0.6766406 0.3748695
    outer loop
      vertex -0.6593932 -0.6593932 0.3611111
      vertex -0.6074452 -0.6926585 0.3888889
      vertex -0.6514466 -0.6514466 0.3888889
    endloop
  endfacet
  facet normal -0.5881318 -0.7166407 0.3748695
    outer loop
      vertex -0.614855 -0.7011078 0.3611111
      vertex -0.5676839 -0.7398201 0.3611111
      vertex -0.5608426 -0.7309043 0.3888889
    endloop
  endfacet
  facet normal -0.5881318 -0.7166407 0.3748695
    outer loop
      vertex -0.614855 -0.7011078 0.3611111
      vertex -0.5608426 -0.7309043 0.3888889
      vertex -0.6074452 -0.6926585 0.3888889
    endloop
  endfacet
  facet normal -0.540002 -0.7535719 0.3748695
    outer loop
      vertex -0.5676839 -0.7398201 0.3611111
      vertex -0.5180819 -0.7753644 0.3611111
      vertex -0.5118383 -0.7660202 0.3888889
    endloop
  endfacet
  facet normal -0.540002 -0.7535719 0.3748695
    outer loop
      vertex -0.5676839 -0.7398201 0.3611111
      vertex -0.5118383 -0.7660202 0.3888889
      vertex -0.5608426 -0.7309043 0.3888889
    endloop
  endfacet
  facet normal -0.4895599 -0.7872763 0.3748695
    outer loop
      vertex -0.5180819 -0.7753644 0.3611111
      vertex -0.4662614 -0.8075884 0.3611111
      vertex -0.4606423 -0.7978559 0.3888889
    endloop
  endfacet
  facet normal -0.4895599 -0.7872763 0.3748695
    outer loop
      vertex -0.5180819 -0.7753644 0.3611111
      vertex -0.4606423 -0.7978559 0.3888889
      vertex -0.5118383 -0.7660202 0.3888889
    endloop
  endfacet
  facet normal -0.4370213 -0.8176094 0.3748695
    outer loop
      vertex -0.4662614 -0.8075884 0.3611111
      vertex -0.4124443 -0.8363543 0.3611111
      vertex -0.4074738 -0.8262751 0.3888889
    endloop
  endfacet
  facet normal -0.4370213 -0.8176094 0.3748695
    outer loop
      vertex -0.4662614 -0.8075884 0.3611111
      vertex -0.4074738 -0.8262751 0.3888889
      vertex -0.4606423 -0.7978559 0.3888889
    endloop
  endfacet
  facet normal -0.3826114 -0.8444414 0.3748695
    outer loop
      vertex -0.4124443 -0.8363543 0.3611111
      vertex -0.356861 -0.8615387 0.3611111
      vertex -0.3525604 -0.851156 0.3888889
    endloop
  endfacet
  facet normal -0.3826114 -0.8444414 0.3748695
    outer loop
      vertex -0.4124443 -0.8363543 0.3611111
      vertex -0.3525604 -0.851156 0.3888889
      vertex -0.4074738 -0.8262751 0.3888889
    endloop
  endfacet
  facet normal -0.3265631 -0.8676574 0.3748695
    outer loop
      vertex -0.356861 -0.8615387 0.3611111
      vertex -0.2997496 -0.8830339 0.3611111
      vertex -0.2961372 -0.8723922 0.3888889
    endloop
  endfacet
  facet normal -0.3265631 -0.8676574 0.3748695
    outer loop
      vertex -0.356861 -0.8615387 0.3611111
      vertex -0.2961372 -0.8723922 0.3888889
      vertex -0.3525604 -0.851156 0.3888889
    endloop
  endfacet
  facet normal -0.2691164 -0.8871579 0.3748695
    outer loop
      vertex -0.2997496 -0.8830339 0.3611111
      vertex -0.2413547 -0.9007479 0.3611111
      vertex -0.238446 -0.8898927 0.3888889
    endloop
  endfacet
  facet normal -0.2691164 -0.8871579 0.3748695
    outer loop
      vertex -0.2997496 -0.8830339 0.3611111
      vertex -0.238446 -0.8898927 0.3888889
      vertex -0.2961372 -0.8723922 0.3888889
    endloop
  endfacet
  facet normal -0.2105173 -0.9028595 0.3748695
    outer loop
      vertex -0.2413547 -0.9007479 0.3611111
      vertex -0.1819262 -0.9146046 0.3611111
      vertex -0.1797337 -0.9035824 0.3888889
    endloop
  endfacet
  facet normal -0.2105173 -0.9028595 0.3748695
    outer loop
      vertex -0.2413547 -0.9007479 0.3611111
      vertex -0.1797337 -0.9035824 0.3888889
      vertex -0.238446 -0.8898927 0.3888889
    endloop
  endfacet
  facet normal -0.1510167 -0.9146949 0.3748695
    outer loop
      vertex -0.1819262 -0.9146046 0.3611111
      vertex -0.1217186 -0.9245449 0.3611111
      vertex -0.1202518 -0.9134029 0.3888889
    endloop
  endfacet
  facet normal -0.1510167 -0.9146949 0.3748695
    outer loop
      vertex -0.1819262 -0.9146046 0.3611111
      vertex -0.1202518 -0.9134029 0.3888889
      vertex -0.1797337 -0.9035824 0.3888889
    endloop
  endfacet
  facet normal -0.09086949 -0.9226135 0.3748695
    outer loop
      vertex -0.1217186 -0.9245449 0.3611111
      vertex -0.06098991 -0.9305262 0.3611111
      vertex -0.0602549 -0.9193121 0.3888889
    endloop
  endfacet
  facet normal -0.09086949 -0.9226135 0.3748695
    outer loop
      vertex -0.1217186 -0.9245449 0.3611111
      vertex -0.0602549 -0.9193121 0.3888889
      vertex -0.1202518 -0.9134029 0.3888889
    endloop
  endfacet
  facet normal -0.03033313 -0.9265812 0.3748695
    outer loop
      vertex -0.06098991 -0.9305262 0.3611111
      vertex -1.713017e-16 -0.9325228 0.3611111
      vertex -1.692372e-16 -0.9212847 0.3888889
    endloop
  endfacet
  facet normal -0.03033313 -0.9265812 0.3748695
    outer loop
      vertex -0.06098991 -0.9305262 0.3611111
      vertex -1.692372e-16 -0.9212847 0.3888889
      vertex -0.0602549 -0.9193121 0.3888889
    endloop
  endfacet
  facet normal 0.03033313 -0.9265812 0.3748695
    outer loop
      vertex -1.713017e-16 -0.9325228 0.3611111
      vertex 0.06098991 -0.9305262 0.3611111
      vertex 0.0602549 -0.9193121 0.3888889
    endloop
  endfacet
  facet normal 0.03033313 -0.9265812 0.3748695
    outer loop
      vertex -1.713017e-16 -0.9325228 0.3611111
      vertex 0.0602549 -0.9193121 0.3888889
      vertex -1.692372e-16 -0.9212847 0.3888889
    endloop
  endfacet
  facet normal 0.09086949 -0.9226135 0.3748695
    outer loop
      vertex 0.06098991 -0.9305262 0.3611111
      vertex 0.1217186 -0.9245449 0.3611111
      vertex 0.1202518 -0.9134029 0.3888889
    endloop
  endfacet
  facet normal 0.09086949 -0.9226135 0.3748695
    outer loop
      vertex 0.06098991 -0.9305262 0.3611111
      vertex 0.1202518 -0.9134029 0.3888889
      vertex 0.0602549 -0.9193121 0.3888889
    endloop
  endfacet
  facet normal 0.1510167 -0.9146949 0.3748695
    outer loop
      vertex 0.1217186 -0.9245449 0.3611111
      vertex 0.1819262 -0.9146046 0.3611111
      vertex 0.1797337 -0.9035824 0.3888889
    endloop
  endfacet
  facet normal 0.1510167 -0.9146949 0.3748695
    outer loop
      vertex 0.1217186 -0.9245449 0.3611111
      vertex 0.1797337 -0.9035824 0.3888889
      vertex 0.1202518 -0.9134029 0.3888889
    endloop
  endfacet
  facet normal 0.2105173 -0.9028595 0.3748695
    outer loop
      vertex 0.1819262 -0.9146046 0.3611111
      vertex 0.2413547 -0.9007479 0.3611111
      vertex 0.238446 -0.8898927 0.3888889
    endloop
  endfacet
  facet normal 0.2105173 -0.9028595 0.3748695
    outer loop
      vertex 0.1819262 -0.9146046 0.3611111
      vertex 0.238446 -0.8898927 0.3888889
      vertex 0.1797337 -0.9035824 0.3888889
    endloop
  endfacet
  facet normal 0.2691164 -0.8871579 0.3748695
    outer loop
      vertex 0.2413547 -0.9007479 0.3611111
      vertex 0.2997496 -0.8830339 0.3611111
      vertex 0.2961372 -0.8723922 0.3888889
    endloop
  endfacet
  facet normal 0.2691164 -0.8871579 0.3748695
    outer loop
      vertex 0.2413547 -0.9007479 0.3611111
      vertex 0.2961372 -0.8723922 0.3888889
      vertex 0.238446 -0.8898927 0.3888889
    endloop
  endfacet
  facet normal 0.3265631 -0.8676574 0.3748695
    outer loop
      vertex 0.2997496 -0.8830339 0.3611111
      vertex 0.356861 -0.8615387 0.3611111
      vertex 0.3525604 -0.851156 0.3888889
    endloop
  endfacet
  facet normal 0.3265631 -0.8676574 0.3748695
    outer loop
      vertex 0.2997496 -0.8830339 0.3611111
      vertex 0.3525604 -0.851156 0.3888889
      vertex 0.2961372 -0.8723922 0.3888889
    endloop
  endfacet
  facet normal 0.3826114 -0.8444414 0.3748695
    outer loop
      vertex 0.356861 -0.8615387 0.3611111
      vertex 0.4124443 -0.8363543 0.3611111
      vertex 0.4074738 -0.8262751 0.3888889
    endloop
  endfacet
  facet normal 0.3826114 -0.8444414 0.3748695
    outer loop
      vertex 0.356861 -0.8615387 0.3611111
      vertex 0.4074738 -0.8262751 0.3888889
      vertex 0.3525604 -0.851156 0.3888889
    endloop
  endfacet
  facet normal 0.4370213 -0.8176094 0.3748695
    outer loop
      vertex 0.4124443 -0.8363543 0.3611111
      vertex 0.4662614 -0.8075884 0.3611111
      vertex 0.4606423 -0.7978559 0.3888889
    endloop
  endfacet
  facet normal 0.4370213 -0.8176094 0.3748695
    outer loop
      vertex 0.4124443 -0.8363543 0.3611111
      vertex 0.4606423 -0.7978559 0.3888889
      vertex 0.4074738 -0.8262751 0.3888889
    endloop
  endfacet
  facet normal 0.4895599 -0.7872763 0.3748695
    outer loop
      vertex 0.4662614 -0.8075884 0.3611111
      vertex 0.5180819 -0.7753644 0.3611111
      vertex 0.5118383 -0.7660202 0.3888889
    endloop
  endfacet
  facet normal 0.4895599 -0.7872763 0.3748695
    outer loop
      vertex 0.4662614 -0.8075884 0.3611111
      vertex 0.5118383 -0.7660202 0.3888889
      vertex 0.4606423 -0.7978559 0.3888889
    endloop
  endfacet
  facet normal 0.540002 -0.7535719 0.3748695
    outer loop
      vertex 0.5180819 -0.7753644 0.3611111
      vertex 0.5676839 -0.7398201 0.3611111
      vertex 0.5608426 -0.7309043 0.3888889
    endloop
  endfacet
  facet normal 0.540002 -0.7535719 0.3748695
    outer loop
      vertex 0.5180819 -0.7753644 0.3611111
      vertex 0.5608426 -0.7309043 0.3888889
      vertex 0.5118383 -0.7660202 0.3888889
    endloop
  endfacet
  facet normal 0.5881318 -0.7166407 0.3748695
    outer loop
      vertex 0.5676839 -0.7398201 0.3611111
      vertex 0.614855 -0.7011078 0.3611111
      vertex 0.6074452 -0.6926585 0.3888889
    endloop
  endfacet
  facet normal 0.5881318 -0.7166407 0.3748695
    outer loop
      vertex 0.5676839 -0.7398201 0.3611111
      vertex 0.6074452 -0.6926585 0.3888889
      vertex 0.5608426 -0.7309043 0.3888889
    endloop
  endfacet
  facet normal 0.6337431 -0.6766406 0.3748695
    outer loop
      vertex 0.614855 -0.7011078 0.3611111
      vertex 0.6593932 -0.6593932 0.3611111
      vertex 0.6514466 -0.6514466 0.3888889
    endloop
  endfacet
  facet normal 0.6337431 -0.6766406 0.3748695
    outer loop
      vertex 0.614855 -0.7011078 0.3611111
      vertex 0.6514466 -0.6514466 0.3888889
      vertex 0.6074452 -0.6926585 0.3888889
    endloop
  endfacet
  facet normal 0.6766406 -0.6337431 0.3748695
    outer loop
      vertex 0.6593932 -0.6593932 0.3611111
      vertex 0.7011078 -0.614855 0.3611111
      vertex 0.6926585 -0.6074452 0.3888889
    endloop
  endfacet
  facet normal 0.6766406 -0.6337431 0.3748695
    outer loop
      vertex 0.6593932 -0.6593932 0.3611111
      vertex 0.6926585 -0.6074452 0.3888889
      vertex 0.6514466 -0.6514466 0.3888889
    endloop
  endfacet
  facet normal 0.7166407 -0.5881318 0.3748695
    outer loop
      vertex 0.7011078 -0.614855 0.3611111
      vertex 0.7398201 -0.5676839 0.3611111
      vertex 0.7309043 -0.5608426 0.3888889
    endloop
  endfacet
  facet normal 0.7166407 -0.5881318 0.3748695
    outer loop
      vertex 0.7011078 -0.614855 0.3611111
      vertex 0.7309043 -0.5608426 0.3888889
      vertex 0.6926585 -0.6074452 0.3888889
    endloop
  endfacet
  facet normal 0.7535719 -0.540002 0.3748695
    outer loop
      vertex 0.7398201 -0.5676839 0.3611111
      vertex 0.7753644 -0.5180819 0.3611111
      vertex 0.7660202 -0.5118383 0.3888889
    endloop
  endfacet
  facet normal 0.7535719 -0.540002 0.3748695
    outer loop
      vertex 0.7398201 -0.5676839 0.3611111
      vertex 0.7660202 -0.5118383 0.3888889
      vertex 0.7309043 -0.5608426 0.3888889
    endloop
  endfacet
  facet normal 0.7872763 -0.4895599 0.3748695
    outer loop
      vertex 0.7753644 -0.5180819 0.3611111
      vertex 0.8075884 -0.4662614 0.3611111
      vertex 0.7978559 -0.4606423 0.3888889
    endloop
  endfacet
  facet normal 0.7872763 -0.4895599 0.3748695
    outer loop
      vertex 0.7753644 -0.5180819 0.3611111
      vertex 0.7978559 -0.4606423 0.3888889
      vertex 0.7660202 -0.5118383 0.3888889
    endloop
  endfacet
  facet normal 0.8176094 -0.4370213 0.3748695
    outer loop
      vertex 0.8075884 -0.4662614 0.3611111
      vertex 0.8363543 -0.4124443 0.3611111
      vertex 0.8262751 -0.4074738 0.3888889
    endloop
  endfacet
  facet normal 0.8176094 -0.4370213 0.3748695
    outer loop
      vertex 0.8075884 -0.4662614 0.3611111
      vertex 0.8262751 -0.4074738 0.3888889
      vertex 0.7978559 -0.4606423 0.3888889
    endloop
  endfacet
  facet normal 0.8444414 -0.3826114 0.3748695
    outer loop
      vertex 0.8363543 -0.4124443 0.3611111
      vertex 0.8615387 -0.356861 0.3611111
      vertex 0.851156 -0.3525604 0.3888889
    endloop
  endfacet
  facet normal 0.8444414 -0.3826114 0.3748695
    outer loop
      vertex 0.8363543 -0.4124443 0.3611111
      vertex 0.851156 -0.3525604 0.3888889
      vertex 0.8262751 -0.4074738 0.3888889
    endloop
  endfacet
  facet normal 0.8676574 -0.3265631 0.3748695
    outer loop
      vertex 0.8615387 -0.356861 0.3611111
      vertex 0.8830339 -0.2997496 0.3611111
      vertex 0.8723922 -0.2961372 0.3888889
    endloop
  endfacet
  facet normal 0.8676574 -0.3265631 0.3748695
    outer loop
      vertex 0.8615387 -0.356861 0.3611111
      vertex 0.8723922 -0.2961372 0.3888889
      vertex 0.851156 -0.3525604 0.3888889
    endloop
  endfacet
  facet normal 0.8871579 -0.2691164 0.3748695
    outer loop
      vertex 0.8830339 -0.2997496 0.3611111
      vertex 0.9007479 -0.2413547 0.3611111
      vertex 0.8898927 -0.238446 0.3888889
    endloop
  endfacet
  facet normal 0.8871579 -0.2691164 0.3748695
    outer loop
      vertex 0.8830339 -0.2997496 0.3611111
      vertex 0.8898927 -0.238446 0.3888889
      vertex 0.8723922 -0.2961372 0.3888889
    endloop
  endfacet
  facet normal 0.9028595 -0.2105173 0.3748695
    outer loop
      vertex 0.9007479 -0.2413547 0.3611111
      vertex 0.9146046 -0.1819262 0.3611111
      vertex 0.9035824 -0.1797337 0.3888889
    endloop
  endfacet
  facet normal 0.9028595 -0.2105173 0.3748695
    outer loop
      vertex 0.9007479 -0.2413547 0.3611111
      vertex 0.9035824 -0.1797337 0.3888889
      vertex 0.8898927 -0.238446 0.3888889
    endloop
  endfacet
  facet normal 0.9146949 -0.1510167 0.3748695
    outer loop
      vertex 0.9146046 -0.1819262 0.3611111
      vertex 0.9245449 -0.1217186 0.3611111
      vertex 0.9134029 -0.1202518 0.3888889
    endloop
  endfacet
  facet normal 0.9146949 -0.1510167 0.3748695
    outer loop
      vertex 0.9146046 -0.1819262 0.3611111
      vertex 0.9134029 -0.1202518 0.3888889
      vertex 0.9035824 -0.1797337 0.3888889
    endloop
  endfacet
  facet normal 0.9226135 -0.09086949 0.3748695
    outer loop
      vertex 0.9245449 -0.1217186 0.3611111
      vertex 0.9305262 -0.06098991 0.3611111
      vertex 0.9193121 -0.0602549 0.3888889
    endloop
  endfacet
  facet normal 0.9226135 -0.09086949 0.3748695
    outer loop
      vertex 0.9245449 -0.1217186 0.3611111
      vertex 0.9193121 -0.0602549 0.3888889
      vertex 0.9134029 -0.1202518 0.3888889
    endloop
  endfacet
  facet normal 0.9265812 -0.03033313 0.3748695
    outer loop
      vertex 0.9305262 -0.06098991 0.3611111
      vertex 0.9325228 0 0.3611111
      vertex 0.9212847 0 0.3888889
    endloop
  endfacet
  facet normal 0.9265812 -0.03033313 0.3748695
    outer loop
      vertex 0.9305262 -0.06098991 0.3611111
      vertex 0.9212847 0 0.3888889
      vertex 0.9193121 -0.0602549 0.3888889
    endloop
  endfacet
  facet normal 0.9148668 0.02994964 0.4026435
    outer loop
      vertex 0.9212847 0 0.3888889
      vertex 0.9193121 0.0602549 0.3888889
      vertex 0.907113 0.05945533 0.4166667
    endloop
  endfacet
  facet normal 0.9148668 0.02994964 0.4026435
    outer loop
      vertex 0.9212847 0 0.3888889
      vertex 0.907113 0.05945533 0.4166667
      vertex 0.9090593 0 0.4166667
    endloop
  endfacet
  facet normal 0.9109492 0.08972067 0.4026435
    outer loop
      vertex 0.9193121 0.0602549 0.3888889
      vertex 0.9134029 0.1202518 0.3888889
      vertex 0.9012822 0.1186561 0.4166667
    endloop
  endfacet
  facet normal 0.9109492 0.08972067 0.4026435
    outer loop
      vertex 0.9193121 0.0602549 0.3888889
      vertex 0.9012822 0.1186561 0.4166667
      vertex 0.907113 0.05945533 0.4166667
    endloop
  endfacet
  facet normal 0.9031308 0.1491075 0.4026435
    outer loop
      vertex 0.9134029 0.1202518 0.3888889
      vertex 0.9035824 0.1797337 0.3888889
      vertex 0.891592 0.1773487 0.4166667
    endloop
  endfacet
  facet normal 0.9031308 0.1491075 0.4026435
    outer loop
      vertex 0.9134029 0.1202518 0.3888889
      vertex 0.891592 0.1773487 0.4166667
      vertex 0.9012822 0.1186561 0.4166667
    endloop
  endfacet
  facet normal 0.891445 0.2078558 0.4026435
    outer loop
      vertex 0.9035824 0.1797337 0.3888889
      vertex 0.8898927 0.238446 0.3888889
      vertex 0.8780839 0.2352819 0.4166667
    endloop
  endfacet
  facet normal 0.891445 0.2078558 0.4026435
    outer loop
      vertex 0.9035824 0.1797337 0.3888889
      vertex 0.8780839 0.2352819 0.4166667
      vertex 0.891592 0.1773487 0.4166667
    endloop
  endfacet
  facet normal 0.8759419 0.2657141 0.4026435
    outer loop
      vertex 0.8898927 0.238446 0.3888889
      vertex 0.8723922 0.2961372 0.3888889
      vertex 0.8608157 0.2922075 0.4166667
    endloop
  endfacet
  facet normal 0.8759419 0.2657141 0.4026435
    outer loop
      vertex 0.8898927 0.238446 0.3888889
      vertex 0.8608157 0.2922075 0.4166667
      vertex 0.8780839 0.2352819 0.4166667
    endloop
  endfacet
  facet normal 0.8566879 0.3224345 0.4026435
    outer loop
      vertex 0.8723922 0.2961372 0.3888889
      vertex 0.851156 0.3525604 0.3888889
      vertex 0.8398613 0.3478819 0.4166667
    endloop
  endfacet
  facet normal 0.8566879 0.3224345 0.4026435
    outer loop
      vertex 0.8723922 0.2961372 0.3888889
      vertex 0.8398613 0.3478819 0.4166667
      vertex 0.8608157 0.2922075 0.4166667
    endloop
  endfacet
  facet normal 0.8337655 0.3777742 0.4026435
    outer loop
      vertex 0.851156 0.3525604 0.3888889
      vertex 0.8262751 0.4074738 0.3888889
      vertex 0.8153105 0.4020667 0.4166667
    endloop
  endfacet
  facet normal 0.8337655 0.3777742 0.4026435
    outer loop
      vertex 0.851156 0.3525604 0.3888889
      vertex 0.8153105 0.4020667 0.4166667
      vertex 0.8398613 0.3478819 0.4166667
    endloop
  endfacet
  facet normal 0.8072727 0.4314963 0.4026435
    outer loop
      vertex 0.8262751 0.4074738 0.3888889
      vertex 0.7978559 0.4606423 0.3888889
      vertex 0.7872685 0.4545297 0.4166667
    endloop
  endfacet
  facet normal 0.8072727 0.4314963 0.4026435
    outer loop
      vertex 0.8262751 0.4074738 0.3888889
      vertex 0.7872685 0.4545297 0.4166667
      vertex 0.8153105 0.4020667 0.4166667
    endloop
  endfacet
  facet normal 0.7773231 0.4833705 0.4026435
    outer loop
      vertex 0.7978559 0.4606423 0.3888889
      vertex 0.7660202 0.5118383 0.3888889
      vertex 0.7558552 0.5050463 0.4166667
    endloop
  endfacet
  facet normal 0.7773231 0.4833705 0.4026435
    outer loop
      vertex 0.7978559 0.4606423 0.3888889
      vertex 0.7558552 0.5050463 0.4166667
      vertex 0.7872685 0.4545297 0.4166667
    endloop
  endfacet
  facet normal 0.7440448 0.533175 0.4026435
    outer loop
      vertex 0.7660202 0.5118383 0.3888889
      vertex 0.7309043 0.5608426 0.3888889
      vertex 0.7212053 0.5534003 0.4166667
    endloop
  endfacet
  facet normal 0.7440448 0.533175 0.4026435
    outer loop
      vertex 0.7660202 0.5118383 0.3888889
      vertex 0.7212053 0.5534003 0.4166667
      vertex 0.7558552 0.5050463 0.4166667
    endloop
  endfacet
  facet normal 0.7075804 0.5806963 0.4026435
    outer loop
      vertex 0.7309043 0.5608426 0.3888889
      vertex 0.6926585 0.6074452 0.3888889
      vertex 0.683467 0.5993845 0.4166667
    endloop
  endfacet
  facet normal 0.7075804 0.5806963 0.4026435
    outer loop
      vertex 0.7309043 0.5608426 0.3888889
      vertex 0.683467 0.5993845 0.4166667
      vertex 0.7212053 0.5534003 0.4166667
    endloop
  endfacet
  facet normal 0.6680861 0.6257309 0.4026435
    outer loop
      vertex 0.6926585 0.6074452 0.3888889
      vertex 0.6514466 0.6514466 0.3888889
      vertex 0.642802 0.642802 0.4166667
    endloop
  endfacet
  facet normal 0.6680861 0.6257309 0.4026435
    outer loop
      vertex 0.6926585 0.6074452 0.3888889
      vertex 0.642802 0.642802 0.4166667
      vertex 0.683467 0.5993845 0.4166667
    endloop
  endfacet
  facet normal 0.6257309 0.6680861 0.4026435
    outer loop
      vertex 0.6514466 0.6514466 0.3888889
      vertex 0.6074452 0.6926585 0.3888889
      vertex 0.5993845 0.683467 0.4166667
    endloop
  endfacet
  facet normal 0.6257309 0.6680861 0.4026435
    outer loop
      vertex 0.6514466 0.6514466 0.3888889
      vertex 0.5993845 0.683467 0.4166667
      vertex 0.642802 0.642802 0.4166667
    endloop
  endfacet
  facet normal 0.5806963 0.7075804 0.4026435
    outer loop
      vertex 0.6074452 0.6926585 0.3888889
      vertex 0.5608426 0.7309043 0.3888889
      vertex 0.5534003 0.7212053 0.4166667
    endloop
  endfacet
  facet normal 0.5806963 0.7075804 0.4026435
    outer loop
      vertex 0.6074452 0.6926585 0.3888889
      vertex 0.5534003 0.7212053 0.4166667
      vertex 0.5993845 0.683467 0.4166667
    endloop
  endfacet
  facet normal 0.533175 0.7440448 0.4026435
    outer loop
      vertex 0.5608426 0.7309043 0.3888889
      vertex 0.5118383 0.7660202 0.3888889
      vertex 0.5050463 0.7558552 0.4166667
    endloop
  endfacet
  facet normal 0.533175 0.7440448 0.4026435
    outer loop
      vertex 0.5608426 0.7309043 0.3888889
      vertex 0.5050463 0.7558552 0.4166667
      vertex 0.5534003 0.7212053 0.4166667
    endloop
  endfacet
  facet normal 0.4833705 0.7773231 0.4026435
    outer loop
      vertex 0.5118383 0.7660202 0.3888889
      vertex 0.4606423 0.7978559 0.3888889
      vertex 0.4545297 0.7872685 0.4166667
    endloop
  endfacet
  facet normal 0.4833705 0.7773231 0.4026435
    outer loop
      vertex 0.5118383 0.7660202 0.3888889
      vertex 0.4545297 0.7872685 0.4166667
      vertex 0.5050463 0.7558552 0.4166667
    endloop
  endfacet
  facet normal 0.4314963 0.8072727 0.4026435
    outer loop
      vertex 0.4606423 0.7978559 0.3888889
      vertex 0.4074738 0.8262751 0.3888889
      vertex 0.4020667 0.8153105 0.4166667
    endloop
  endfacet
  facet normal 0.4314963 0.8072727 0.4026435
    outer loop
      vertex 0.4606423 0.7978559 0.3888889
      vertex 0.4020667 0.8153105 0.4166667
      vertex 0.4545297 0.7872685 0.4166667
    endloop
  endfacet
  facet normal 0.3777742 0.8337655 0.4026435
    outer loop
      vertex 0.4074738 0.8262751 0.3888889
      vertex 0.3525604 0.851156 0.3888889
      vertex 0.3478819 0.8398613 0.4166667
    endloop
  endfacet
  facet normal 0.3777742 0.8337655 0.4026435
    outer loop
      vertex 0.4074738 0.8262751 0.3888889
      vertex 0.3478819 0.8398613 0.4166667
      vertex 0.4020667 0.8153105 0.4166667
    endloop
  endfacet
  facet normal 0.3224345 0.8566879 0.4026435
    outer loop
      vertex 0.3525604 0.851156 0.3888889
      vertex 0.2961372 0.8723922 0.3888889
      vertex 0.2922075 0.8608157 0.4166667
    endloop
  endfacet
  facet normal 0.3224345 0.8566879 0.4026435
    outer loop
      vertex 0.3525604 0.851156 0.3888889
      vertex 0.2922075 0.8608157 0.4166667
      vertex 0.3478819 0.8398613 0.4166667
    endloop
  endfacet
  facet normal 0.2657141 0.8759419 0.4026435
    outer loop
      vertex 0.2961372 0.8723922 0.3888889
      vertex 0.238446 0.8898927 0.3888889
      vertex 0.2352819 0.8780839 0.4166667
    endloop
  endfacet
  facet normal 0.2657141 0.8759419 0.4026435
    outer loop
      vertex 0.2961372 0.8723922 0.3888889
      vertex 0.2352819 0.8780839 0.4166667
      vertex 0.2922075 0.8608157 0.4166667
    endloop
  endfacet
  facet normal 0.2078558 0.891445 0.4026435
    outer loop
      vertex 0.238446 0.8898927 0.3888889
      vertex 0.1797337 0.9035824 0.3888889
      vertex 0.1773487 0.891592 0.4166667
    endloop
  endfacet
  facet normal 0.2078558 0.891445 0.4026435
    outer loop
      vertex 0.238446 0.8898927 0.3888889
      vertex 0.1773487 0.891592 0.4166667
      vertex 0.2352819 0.8780839 0.4166667
    endloop
  endfacet
  facet normal 0.1491075 0.9031308 0.4026435
    outer loop
      vertex 0.1797337 0.9035824 0.3888889
      vertex 0.1202518 0.9134029 0.3888889
      vertex 0.1186561 0.9012822 0.4166667
    endloop
  endfacet
  facet normal 0.1491075 0.9031308 0.4026435
    outer loop
      vertex 0.1797337 0.9035824 0.3888889
      vertex 0.1186561 0.9012822 0.4166667
      vertex 0.1773487 0.891592 0.4166667
    endloop
  endfacet
  facet normal 0.08972067 0.9109492 0.4026435
    outer loop
      vertex 0.1202518 0.9134029 0.3888889
      vertex 0.0602549 0.9193121 0.3888889
      vertex 0.05945533 0.907113 0.4166667
    endloop
  endfacet
  facet normal 0.08972067 0.9109492 0.4026435
    outer loop
      vertex 0.1202518 0.9134029 0.3888889
      vertex 0.05945533 0.907113 0.4166667
      vertex 0.1186561 0.9012822 0.4166667
    endloop
  endfacet
  facet normal 0.02994964 0.9148668 0.4026435
    outer loop
      vertex 0.0602549 0.9193121 0.3888889
      vertex 5.641242e-17 0.9212847 0.3888889
      vertex 5.566383e-17 0.9090593 0.4166667
    endloop
  endfacet
  facet normal 0.02994964 0.9148668 0.4026435
    outer loop
      vertex 0.0602549 0.9193121 0.3888889
      vertex 5.566383e-17 0.9090593 0.4166667
      vertex 0.05945533 0.907113 0.4166667
    endloop
  endfacet
  facet normal -0.02994964 0.9148668 0.4026435
    outer loop
      vertex 5.641242e-17 0.9212847 0.3888889
      vertex -0.0602549 0.9193121 0.3888889
      vertex -0.05945533 0.907113 0.4166667
    endloop
  endfacet
  facet normal -0.02994964 0.9148668 0.4026435
    outer loop
      vertex 5.641242e-17 0.9212847 0.3888889
      vertex -0.05945533 0.907113 0.4166667
      vertex 5.566383e-17 0.9090593 0.4166667
    endloop
  endfacet
  facet normal -0.08972067 0.9109492 0.4026435
    outer loop
      vertex -0.0602549 0.9193121 0.3888889
      vertex -0.1202518 0.9134029 0.3888889
      vertex -0.1186561 0.9012822 0.4166667
    endloop
  endfacet
  facet normal -0.08972067 0.9109492 0.4026435
    outer loop
      vertex -0.0602549 0.9193121 0.3888889
      vertex -0.1186561 0.9012822 0.4166667
      vertex -0.05945533 0.907113 0.4166667
    endloop
  endfacet
  facet normal -0.1491075 0.9031308 0.4026435
    outer loop
      vertex -0.1202518 0.9134029 0.3888889
      vertex -0.1797337 0.9035824 0.3888889
      vertex -0.1773487 0.891592 0.4166667
    endloop
  endfacet
  facet normal -0.1491075 0.9031308 0.4026435
    outer loop
      vertex -0.1202518 0.9134029 0.3888889
      vertex -0.1773487 0.891592 0.4166667
      vertex -0.1186561 0.9012822 0.4166667
    endloop
  endfacet
  facet normal -0.2078558 0.891445 0.4026435
    outer loop
      vertex -0.1797337 0.9035824 0.3888889
      vertex -0.238446 0.8898927 0.3888889
      vertex -0.2352819 0.8780839 0.4166667
    endloop
  endfacet
  facet normal -0.2078558 0.891445 0.4026435
    outer loop
      vertex -0.1797337 0.9035824 0.3888889
      vertex -0.2352819 0.8780839 0.4166667
      vertex -0.1773487 0.891592 0.4166667
    endloop
  endfacet
  facet normal -0.2657141 0.8759419 0.4026435
    outer loop
      vertex -0.238446 0.8898927 0.3888889
      vertex -0.2961372 0.8723922 0.3888889
      vertex -0.2922075 0.8608157 0.4166667
    endloop
  endfacet
  facet normal -0.2657141 0.8759419 0.4026435
    outer loop
      vertex -0.238446 0.8898927 0.3888889
      vertex -0.2922075 0.8608157 0.4166667
      vertex -0.2352819 0.8780839 0.4166667
    endloop
  endfacet
  facet normal -0.3224345 0.8566879 0.4026435
    outer loop
      vertex -0.2961372 0.8723922 0.3888889
      vertex -0.3525604 0.851156 0.3888889
      vertex -0.3478819 0.8398613 0.4166667
    endloop
  endfacet
  facet normal -0.3224345 0.8566879 0.4026435
    outer loop
      vertex -0.2961372 0.8723922 0.3888889
      vertex -0.3478819 0.8398613 0.4166667
      vertex -0.2922075 0.8608157 0.4166667
    endloop
  endfacet
  facet normal -0.3777742 0.8337655 0.4026435
    outer loop
      vertex -0.3525604 0.851156 0.3888889
      vertex -0.4074738 0.8262751 0.3888889
      vertex -0.4020667 0.8153105 0.4166667
    endloop
  endfacet
  facet normal -0.3777742 0.8337655 0.4026435
    outer loop
      vertex -0.3525604 0.851156 0.3888889
      vertex -0.4020667 0.8153105 0.4166667
      vertex -0.3478819 0.8398613 0.4166667
    endloop
  endfacet
  facet normal -0.4314963 0.8072727 0.4026435
    outer loop
      vertex -0.4074738 0.8262751 0.3888889
      vertex -0.4606423 0.7978559 0.3888889
      vertex -0.4545297 0.7872685 0.4166667
    endloop
  endfacet
  facet normal -0.4314963 0.8072727 0.4026435
    outer loop
      vertex -0.4074738 0.8262751 0.3888889
      vertex -0.4545297 0.7872685 0.4166667
      vertex -0.4020667 0.8153105 0.4166667
    endloop
  endfacet
  facet normal -0.4833705 0.7773231 0.4026435
    outer loop
      vertex -0.4606423 0.7978559 0.3888889
      vertex -0.5118383 0.7660202 0.3888889
      vertex -0.5050463 0.7558552 0.4166667
    endloop
  endfacet
  facet normal -0.4833705 0.7773231 0.4026435
    outer loop
      vertex -0.4606423 0.7978559 0.3888889
      vertex -0.5050463 0.7558552 0.4166667
      vertex -0.4545297 0.7872685 0.4166667
    endloop
  endfacet
  facet normal -0.533175 0.7440448 0.4026435
    outer loop
      vertex -0.5118383 0.7660202 0.3888889
      vertex -0.5608426 0.7309043 0.3888889
      vertex -0.5534003 0.7212053 0.4166667
    endloop
  endfacet
  facet normal -0.533175 0.7440448 0.4026435
    outer loop
      vertex -0.5118383 0.7660202 0.3888889
      vertex -0.5534003 0.7212053 0.4166667
      vertex -0.5050463 0.7558552 0.4166667
    endloop
  endfacet
  facet normal -0.5806963 0.7075804 0.4026435
    outer loop
      vertex -0.5608426 0.7309043 0.3888889
      vertex -0.6074452 0.6926585 0.3888889
      vertex -0.5993845 0.683467 0.4166667
    endloop
  endfacet
  facet normal -0.5806963 0.7075804 0.4026435
    outer loop
      vertex -0.5608426 0.7309043 0.3888889
      vertex -0.5993845 0.683467 0.4166667
      vertex -0.5534003 0.7212053 0.4166667
    endloop
  endfacet
  facet normal -0.6257309 0.6680861 0.4026435
    outer loop
      vertex -0.6074452 0.6926585 0.3888889
      vertex -0.6514466 0.6514466 0.3888889
      vertex -0.642802 0.642802 0.4166667
    endloop
  endfacet
  facet normal -0.6257309 0.6680861 0.4026435
    outer loop
      vertex -0.6074452 0.6926585 0.3888889
      vertex -0.642802 0.642802 0.4166667
      vertex -0.5993845 0.683467 0.4166667
    endloop
  endfacet
  facet normal -0.6680861 0.6257309 0.4026435
    outer loop
      vertex -0.6514466 0.6514466 0.3888889
      vertex -0.6926585 0.6074452 0.3888889
      vertex -0.683467 0.5993845 0.4166667
    endloop
  endfacet
  facet normal -0.6680861 0.6257309 0.4026435
    outer loop
      vertex -0.6514466 0.6514466 0.3888889
      vertex -0.683467 0.5993845 0.4166667
      vertex -0.642802 0.642802 0.4166667
    endloop
  endfacet
  facet normal -0.7075804 0.5806963 0.4026435
    outer loop
      vertex -0.6926585 0.6074452 0.3888889
      vertex -0.7309043 0.5608426 0.3888889
      vertex -0.7212053 0.5534003 0.4166667
    endloop
  endfacet
  facet normal -0.7075804 0.5806963 0.4026435
    outer loop
      vertex -0.6926585 0.6074452 0.3888889
      vertex -0.7212053 0.5534003 0.4166667
      vertex -0.683467 0.5993845 0.4166667
    endloop
  endfacet
  facet normal -0.7440448 0.533175 0.4026435
    outer loop
      vertex -0.7309043 0.5608426 0.3888889
      vertex -0.7660202 0.5118383 0.3888889
      vertex -0.7558552 0.5050463 0.4166667
    endloop
  endfacet
  facet normal -0.7440448 0.533175 0.4026435
    outer loop
      vertex -0.7309043 0.5608426 0.3888889
      vertex -0.7558552 0.5050463 0.4166667
      vertex -0.7212053 0.5534003 0.4166667
    endloop
  endfacet
  facet normal -0.7773231 0.4833705 0.4026435
    outer loop
      vertex -0.7660202 0.5118383 0.3888889
      vertex -0.7978559 0.4606423 0.3888889
      vertex -0.7872685 0.4545297 0.4166667
    endloop
  endfacet
  facet normal -0.7773231 0.4833705 0.4026435
    outer loop
      vertex -0.7660202 0.5118383 0.3888889
      vertex -0.7872685 0.4545297 0.4166667
      vertex -0.7558552 0.5050463 0.4166667
    endloop
  endfacet
  facet normal -0.8072727 0.4314963 0.4026435
    outer loop
      vertex -0.7978559 0.4606423 0.3888889
      vertex -0.8262751 0.4074738 0.3888889
      vertex -0.8153105 0.4020667 0.4166667
    endloop
  endfacet
  facet normal -0.8072727 0.4314963 0.4026435
    outer loop
      vertex -0.7978559 0.4606423 0.3888889
      vertex -0.8153105 0.4020667 0.4166667
      vertex -0.7872685 0.4545297 0.4166667
    endloop
  endfacet
  facet normal -0.8337655 0.3777742 0.4026435
    outer loop
      vertex -0.8262751 0.4074738 0.3888889
      vertex -0.851156 0.3525604 0.3888889
      vertex -0.8398613 0.3478819 0.4166667
    endloop
  endfacet
  facet normal -0.8337655 0.3777742 0.4026435
    outer loop
      vertex -0.8262751 0.4074738 0.3888889
      vertex -0.8398613 0.3478819 0.4166667
      vertex -0.8153105 0.4020667 0.4166667
    endloop
  endfacet
  facet normal -0.8566879 0.3224345 0.4026435
    outer loop
      vertex -0.851156 0.3525604 0.3888889
      vertex -0.8723922 0.2961372 0.3888889
      vertex -0.8608157 0.2922075 0.4166667
    endloop
  endfacet
  facet normal -0.8566879 0.3224345 0.4026435
    outer loop
      vertex -0.851156 0.3525604 0.3888889
      vertex -0.8608157 0.2922075 0.4166667
      vertex -0.8398613 0.3478819 0.4166667
    endloop
  endfacet
  facet normal -0.8759419 0.2657141 0.4026435
    outer loop
      vertex -0.8723922 0.2961372 0.3888889
      vertex -0.8898927 0.238446 0.3888889
      vertex -0.8780839 0.2352819 0.4166667
    endloop
  endfacet
  facet normal -0.8759419 0.2657141 0.4026435
    outer loop
      vertex -0.8723922 0.2961372 0.3888889
      vertex -0.8780839 0.2352819 0.4166667
      vertex -0.8608157 0.2922075 0.4166667
    endloop
  endfacet
  facet normal -0.891445 0.2078558 0.4026435
    outer loop
      vertex -0.8898927 0.238446 0.3888889
      vertex -0.9035824 0.1797337 0.3888889
      vertex -0.891592 0.1773487 0.4166667
    endloop
  endfacet
  facet normal -0.891445 0.2078558 0.4026435
    outer loop
      vertex -0.8898927 0.238446 0.3888889
      vertex -0.891592 0.1773487 0.4166667
      vertex -0.8780839 0.2352819 0.4166667
    endloop
  endfacet
  facet normal -0.9031308 0.1491075 0.4026435
    outer loop
      vertex -0.9035824 0.1797337 0.3888889
      vertex -0.9134029 0.1202518 0.3888889
      vertex -0.9012822 0.1186561 0.4166667
    endloop
  endfacet
  facet normal -0.9031308 0.1491075 0.4026435
    outer loop
      vertex -0.9035824 0.1797337 0.3888889
      vertex -0.9012822 0.1186561 0.4166667
      vertex -0.891592 0.1773487 0.4166667
    endloop
  endfacet
  facet normal -0.9109492 0.08972067 0.4026435
    outer loop
      vertex -0.9134029 0.1202518 0.3888889
      vertex -0.9193121 0.0602549 0.3888889
      vertex -0.907113 0.05945533 0.4166667
    endloop
  endfacet
  facet normal -0.9109492 0.08972067 0.4026435
    outer loop
      vertex -0.9134029 0.1202518 0.3888889
      vertex -0.907113 0.05945533 0.4166667
      vertex -0.9012822 0.1186561 0.4166667
    endloop
  endfacet
  facet normal -0.9148668 0.02994964 0.4026435
    outer loop
      vertex -0.9193121 0.0602549 0.3888889
      vertex -0.9212847 1.128248e-16 0.3888889
      vertex -0.9090593 1.113277e-16 0.4166667
    endloop
  endfacet
  facet normal -0.9148668 0.02994964 0.4026435
    outer loop
      vertex -0.9193121 0.0602549 0.3888889
      vertex -0.9090593 1.113277e-16 0.4166667
      vertex -0.907113 0.05945533 0.4166667
    endloop
  endfacet
  facet normal -0.9148668 -0.02994964 0.4026435
    outer loop
      vertex -0.9212847 1.128248e-16 0.3888889
      vertex -0.9193121 -0.0602549 0.3888889
      vertex -0.907113 -0.05945533 0.4166667
    endloop
  endfacet
  facet normal -0.9148668 -0.02994964 0.4026435
    outer loop
      vertex -0.9212847 1.128248e-16 0.3888889
      vertex -0.907113 -0.05945533 0.4166667
      vertex -0.9090593 1.113277e-16 0.4166667
    endloop
  endfacet
  facet normal -0.9109492 -0.08972067 0.4026435
    outer loop
      vertex -0.9193121 -0.0602549 0.3888889
      vertex -0.9134029 -0.1202518 0.3888889
      vertex -0.9012822 -0.1186561 0.4166667
    endloop
  endfacet
  facet normal -0.9109492 -0.08972067 0.4026435
    outer loop
      vertex -0.9193121 -0.0602549 0.3888889
      vertex -0.9012822 -0.1186561 0.4166667
      vertex -0.907113 -0.05945533 0.4166667
    endloop
  endfacet
  facet normal -0.9031308 -0.1491075 0.4026435
    outer loop
      vertex -0.9134029 -0.1202518 0.3888889
      vertex -0.9035824 -0.1797337 0.3888889
      vertex -0.891592 -0.1773487 0.4166667
    endloop
  endfacet
  facet normal -0.9031308 -0.1491075 0.4026435
    outer loop
      vertex -0.9134029 -0.1202518 0.3888889
      vertex -0.891592 -0.1773487 0.4166667
      vertex -0.9012822 -0.1186561 0.4166667
    endloop
  endfacet
  facet normal -0.891445 -0.2078558 0.4026435
    outer loop
      vertex -0.9035824 -0.1797337 0.3888889
      vertex -0.8898927 -0.238446 0.3888889
      vertex -0.8780839 -0.2352819 0.4166667
    endloop
  endfacet
  facet normal -0.891445 -0.2078558 0.4026435
    outer loop
      vertex -0.9035824 -0.1797337 0.3888889
      vertex -0.8780839 -0.2352819 0.4166667
      vertex -0.891592 -0.1773487 0.4166667
    endloop
  endfacet
  facet normal -0.8759419 -0.2657141 0.4026435
    outer loop
      vertex -0.8898927 -0.238446 0.3888889
      vertex -0.8723922 -0.2961372 0.3888889
      vertex -0.8608157 -0.2922075 0.4166667
    endloop
  endfacet
  facet normal -0.8759419 -0.2657141 0.4026435
    outer loop
      vertex -0.8898927 -0.238446 0.3888889
      vertex -0.8608157 -0.2922075 0.4166667
      vertex -0.8780839 -0.2352819 0.4166667
    endloop
  endfacet
  facet normal -0.8566879 -0.3224345 0.4026435
    outer loop
      vertex -0.8723922 -0.2961372 0.3888889
      vertex -0.851156 -0.3525604 0.3888889
      vertex -0.8398613 -0.3478819 0.4166667
    endloop
  endfacet
  facet normal -0.8566879 -0.3224345 0.4026435
    outer loop
      vertex -0.8723922 -0.2961372 0.3888889
      vertex -0.8398613 -0.3478819 0.4166667
      vertex -0.8608157 -0.2922075 0.4166667
    endloop
  endfacet
  facet normal -0.8337655 -0.3777742 0.4026435
    outer loop
      vertex -0.851156 -0.3525604 0.3888889
      vertex -0.8262751 -0.4074738 0.3888889
      vertex -0.8153105 -0.4020667 0.4166667
    endloop
  endfacet
  facet normal -0.8337655 -0.3777742 0.4026435
    outer loop
      vertex -0.851156 -0.3525604 0.3888889
      vertex -0.8153105 -0.4020667 0.4166667
      vertex -0.8398613 -0.3478819 0.4166667
    endloop
  endfacet
  facet normal -0.8072727 -0.4314963 0.4026435
    outer loop
      vertex -0.8262751 -0.4074738 0.3888889
      vertex -0.7978559 -0.4606423 0.3888889
      vertex -0.7872685 -0.4545297 0.4166667
    endloop
  endfacet
  facet normal -0.8072727 -0.4314963 0.4026435
    outer loop
      vertex -0.8262751 -0.4074738 0.3888889
      vertex -0.7872685 -0.4545297 0.4166667
      vertex -0.8153105 -0.4020667 0.4166667
    endloop
  endfacet
  facet normal -0.7773231 -0.4833705 0.4026435
    outer loop
      vertex -0.7978559 -0.4606423 0.3888889
      vertex -0.7660202 -0.5118383 0.3888889
      vertex -0.7558552 -0.5050463 0.4166667
    endloop
  endfacet
  facet normal -0.7773231 -0.4833705 0.4026435
    outer loop
      vertex -0.7978559 -0.4606423 0.3888889
      vertex -0.7558552 -0.5050463 0.4166667
      vertex -0.7872685 -0.4545297 0.4166667
    endloop
  endfacet
  facet normal -0.7440448 -0.533175 0.4026435
    outer loop
      vertex -0.7660202 -0.5118383 0.3888889
      vertex -0.7309043 -0.5608426 0.3888889
      vertex -0.7212053 -0.5534003 0.4166667
    endloop
  endfacet
  facet normal -0.7440448 -0.533175 0.4026435
    outer loop
      vertex -0.7660202 -0.5118383 0.3888889
      vertex -0.7212053 -0.5534003 0.4166667
      vertex -0.7558552 -0.5050463 0.4166667
    endloop
  endfacet
  facet normal -0.7075804 -0.5806963 0.4026435
    outer loop
      vertex -0.7309043 -0.5608426 0.3888889
      vertex -0.6926585 -0.6074452 0.3888889
      vertex -0.683467 -0.5993845 0.4166667
    endloop
  endfacet
  facet normal -0.7075804 -0.5806963 0.4026435
    outer loop
      vertex -0.7309043 -0.5608426 0.3888889
      vertex -0.683467 -0.5993845 0.4166667
      vertex -0.7212053 -0.5534003 0.4166667
    endloop
  endfacet
  facet normal -0.6680861 -0.6257309 0.4026435
    outer loop
      vertex -0.6926585 -0.6074452 0.3888889
      vertex -0.6514466 -0.6514466 0.3888889
      vertex -0.642802 -0.642802 0.4166667
    endloop
  endfacet
  facet normal -0.6680861 -0.6257309 0.4026435
    outer loop
      vertex -0.6926585 -0.6074452 0.3888889
      vertex -0.642802 -0.642802 0.4166667
      vertex -0.683467 -0.5993845 0.4166667
    endloop
  endfacet
  facet normal -0.6257309 -0.6680861 0.4026435
    outer loop
      vertex -0.6514466 -0.6514466 0.3888889
      vertex -0.6074452 -0.6926585 0.3888889
      vertex -0.5993845 -0.683467 0.4166667
    endloop
  endfacet
  facet normal -0.6257309 -0.6680861 0.4026435
    outer loop
      vertex -0.6514466 -0.6514466 0.3888889
      vertex -0.5993845 -0.683467 0.4166667
      vertex -0.642802 -0.642802 0.4166667
    endloop
  endfacet
  facet normal -0.5806963 -0.7075804 0.4026435
    outer loop
      vertex -0.6074452 -0.6926585 0.3888889
      vertex -0.5608426 -0.7309043 0.3888889
      vertex -0.5534003 -0.7212053 0.4166667
    endloop
  endfacet
  facet normal -0.5806963 -0.7075804 0.4026435
    outer loop
      vertex -0.6074452 -0.6926585 0.3888889
      vertex -0.5534003 -0.7212053 0.4166667
      vertex -0.5993845 -0.683467 0.4166667
    endloop
  endfacet
  facet normal -0.533175 -0.7440448 0.4026435
    outer loop
      vertex -0.5608426 -0.7309043 0.3888889
      vertex -0.5118383 -0.7660202 0.3888889
      vertex -0.5050463 -0.7558552 0.4166667
    endloop
  endfacet
  facet normal -0.533175 -0.7440448 0.4026435
    outer loop
      vertex -0.5608426 -0.7309043 0.3888889
      vertex -0.5050463 -0.7558552 0.4166667
      vertex -0.5534003 -0.7212053 0.4166667
    endloop
  endfacet
  facet normal -0.4833705 -0.7773231 0.4026435
    outer loop
      vertex -0.5118383 -0.7660202 0.3888889
      vertex -0.4606423 -0.7978559 0.3888889
      vertex -0.4545297 -0.7872685 0.4166667
    endloop
  endfacet
  facet normal -0.4833705 -0.7773231 0.4026435
    outer loop
      vertex -0.5118383 -0.7660202 0.3888889
      vertex -0.4545297 -0.7872685 0.4166667
      vertex -0.5050463 -0.7558552 0.4166667
    endloop
  endfacet
  facet normal -0.4314963 -0.8072727 0.4026435
    outer loop
      vertex -0.4606423 -0.7978559 0.3888889
      vertex -0.4074738 -0.8262751 0.3888889
      vertex -0.4020667 -0.8153105 0.4166667
    endloop
  endfacet
  facet normal -0.4314963 -0.8072727 0.4026435
    outer loop
      vertex -0.4606423 -0.7978559 0.3888889
      vertex -0.4020667 -0.8153105 0.4166667
      vertex -0.4545297 -0.7872685 0.4166667
    endloop
  endfacet
  facet normal -0.3777742 -0.8337655 0.4026435
    outer loop
      vertex -0.4074738 -0.8262751 0.3888889
      vertex -0.3525604 -0.851156 0.3888889
      vertex -0.3478819 -0.8398613 0.4166667
    endloop
  endfacet
  facet normal -0.3777742 -0.8337655 0.4026435
    outer loop
      vertex -0.4074738 -0.8262751 0.3888889
      vertex -0.3478819 -0.8398613 0.4166667
      vertex -0.4020667 -0.8153105 0.4166667
    endloop
  endfacet
  facet normal -0.3224345 -0.8566879 0.4026435
    outer loop
      vertex -0.3525604 -0.851156 0.3888889
      vertex -0.2961372 -0.8723922 0.3888889
      vertex -0.2922075 -0.8608157 0.4166667
    endloop
  endfacet
  facet normal -0.3224345 -0.8566879 0.4026435
    outer loop
      vertex -0.3525604 -0.851156 0.3888889
      vertex -0.2922075 -0.8608157 0.4166667
      vertex -0.3478819 -0.8398613 0.4166667
    endloop
  endfacet
  facet normal -0.2657141 -0.8759419 0.4026435
    outer loop
      vertex -0.2961372 -0.8723922 0.3888889
      vertex -0.238446 -0.8898927 0.3888889
      vertex -0.2352819 -0.8780839 0.4166667
    endloop
  endfacet
  facet normal -0.2657141 -0.8759419 0.4026435
    outer loop
      vertex -0.2961372 -0.8723922 0.3888889
      vertex -0.2352819 -0.8780839 0.4166667
      vertex -0.2922075 -0.8608157 0.4166667
    endloop
  endfacet
  facet normal -0.2078558 -0.891445 0.4026435
    outer loop
      vertex -0.238446 -0.8898927 0.3888889
      vertex -0.1797337 -0.9035824 0.3888889
      vertex -0.1773487 -0.891592 0.4166667
    endloop
  endfacet
  facet normal -0.2078558 -0.891445 0.4026435
    outer loop
      vertex -0.238446 -0.8898927 0.3888889
      vertex -0.1773487 -0.891592 0.4166667
      vertex -0.2352819 -0.8780839 0.4166667
    endloop
  endfacet
  facet normal -0.1491075 -0.9031308 0.4026435
    outer loop
      vertex -0.1797337 -0.9035824 0.3888889
      vertex -0.1202518 -0.9134029 0.3888889
      vertex -0.1186561 -0.9012822 0.4166667
    endloop
  endfacet
  facet normal -0.1491075 -0.9031308 0.4026435
    outer loop
      vertex -0.1797337 -0.9035824 0.3888889
      vertex -0.1186561 -0.9012822 0.4166667
      vertex -0.1773487 -0.891592 0.4166667
    endloop
  endfacet
  facet normal -0.08972067 -0.9109492 0.4026435
    outer loop
      vertex -0.1202518 -0.9134029 0.3888889
      vertex -0.0602549 -0.9193121 0.3888889
      vertex -0.05945533 -0.907113 0.4166667
    endloop
  endfacet
  facet normal -0.08972067 -0.9109492 0.4026435
    outer loop
      vertex -0.1202518 -0.9134029 0.3888889
      vertex -0.05945533 -0.907113 0.4166667
      vertex -0.1186561 -0.9012822 0.4166667
    endloop
  endfacet
  facet normal -0.02994964 -0.9148668 0.4026435
    outer loop
      vertex -0.0602549 -0.9193121 0.3888889
      vertex -1.692372e-16 -0.9212847 0.3888889
      vertex -1.669915e-16 -0.9090593 0.4166667
    endloop
  endfacet
  facet normal -0.02994964 -0.9148668 0.4026435
    outer loop
      vertex -0.0602549 -0.9193121 0.3888889
      vertex -1.669915e-16 -0.9090593 0.4166667
      vertex -0.05945533 -0.907113 0.4166667
    endloop
  endfacet
  facet normal 0.02994964 -0.9148668 0.4026435
    outer loop
      vertex -1.692372e-16 -0.9212847 0.3888889
      vertex 0.0602549 -0.9193121 0.3888889
      vertex 0.05945533 -0.907113 0.4166667
    endloop
  endfacet
  facet normal 0.02994964 -0.9148668 0.4026435
    outer loop
      vertex -1.692372e-16 -0.9212847 0.3888889
      vertex 0.05945533 -0.907113 0.4166667
      vertex -1.669915e-16 -0.9090593 0.4166667
    endloop
  endfacet
  facet normal 0.08972067 -0.9109492 0.4026435
    outer loop
      vertex 0.0602549 -0.9193121 0.3888889
      vertex 0.1202518 -0.9134029 0.3888889
      vertex 0.1186561 -0.9012822 0.4166667
    endloop
  endfacet
  facet normal 0.08972067 -0.9109492 0.4026435
    outer loop
      vertex 0.0602549 -0.9193121 0.3888889
      vertex 0.1186561 -0.9012822 0.4166667
      vertex 0.05945533 -0.907113 0.4166667
    endloop
  endfacet
  facet normal 0.1491075 -0.9031308 0.4026435
    outer loop
      vertex 0.1202518 -0.9134029 0.3888889
      vertex 0.1797337 -0.9035824 0.3888889
      vertex 0.1773487 -0.891592 0.4166667
    endloop
  endfacet
  facet normal 0.1491075 -0.9031308 0.4026435
    outer loop
      vertex 0.1202518 -0.9134029 0.3888889
      vertex 0.1773487 -0.891592 0.4166667
      vertex 0.1186561 -0.9012822 0.4166667
    endloop
  endfacet
  facet normal 0.2078558 -0.891445 0.4026435
    outer loop
      vertex 0.1797337 -0.9035824 0.3888889
      vertex 0.238446 -0.8898927 0.3888889
      vertex 0.2352819 -0.8780839 0.4166667
    endloop
  endfacet
  facet normal 0.2078558 -0.891445 0.4026435
    outer loop
      vertex 0.1797337 -0.9035824 0.3888889
      vertex 0.2352819 -0.8780839 0.4166667
      vertex 0.1773487 -0.891592 0.4166667
    endloop
  endfacet
  facet normal 0.2657141 -0.8759419 0.4026435
    outer loop
      vertex 0.238446 -0.8898927 0.3888889
      vertex 0.2961372 -0.8723922 0.3888889
      vertex 0.2922075 -0.8608157 0.4166667
    endloop
  endfacet
  facet normal 0.2657141 -0.8759419 0.4026435
    outer loop
      vertex 0.238446 -0.8898927 0.3888889
      vertex 0.2922075 -0.8608157 0.4166667
      vertex 0.2352819 -0.8780839 0.4166667
    endloop
  endfacet
  facet normal 0.3224345 -0.8566879 0.4026435
    outer loop
      vertex 0.2961372 -0.8723922 0.3888889
      vertex 0.3525604 -0.851156 0.3888889
      vertex 0.3478819 -0.8398613 0.4166667
    endloop
  endfacet
  facet normal 0.3224345 -0.8566879 0.4026435
    outer loop
      vertex 0.2961372 -0.8723922 0.3888889
      vertex 0.3478819 -0.8398613 0.4166667
      vertex 0.2922075 -0.8608157 0.4166667
    endloop
  endfacet
  facet normal 0.3777742 -0.8337655 0.4026435
    outer loop
      vertex 0.3525604 -0.851156 0.3888889
      vertex 0.4074738 -0.8262751 0.3888889
      vertex 0.4020667 -0.8153105 0.4166667
    endloop
  endfacet
  facet normal 0.3777742 -0.8337655 0.4026435
    outer loop
      vertex 0.3525604 -0.851156 0.3888889
      vertex 0.4020667 -0.8153105 0.4166667
      vertex 0.3478819 -0.8398613 0.4166667
    endloop
  endfacet
  facet normal 0.4314963 -0.8072727 0.4026435
    outer loop
      vertex 0.4074738 -0.8262751 0.3888889
      vertex 0.4606423 -0.7978559 0.3888889
      vertex 0.4545297 -0.7872685 0.4166667
    endloop
  endfacet
  facet normal 0.4314963 -0.8072727 0.4026435
    outer loop
      vertex 0.4074738 -0.8262751 0.3888889
      vertex 0.4545297 -0.7872685 0.4166667
      vertex 0.4020667 -0.8153105 0.4166667
    endloop
  endfacet
  facet normal 0.4833705 -0.7773231 0.4026435
    outer loop
      vertex 0.4606423 -0.7978559 0.3888889
      vertex 0.5118383 -0.7660202 0.3888889
      vertex 0.5050463 -0.7558552 0.4166667
    endloop
  endfacet
  facet normal 0.4833705 -0.7773231 0.4026435
    outer loop
      vertex 0.4606423 -0.7978559 0.3888889
      vertex 0.5050463 -0.7558552 0.4166667
      vertex 0.4545297 -0.7872685 0.4166667
    endloop
  endfacet
  facet normal 0.533175 -0.7440448 0.4026435
    outer loop
      vertex 0.5118383 -0.7660202 0.3888889
      vertex 0.5608426 -0.7309043 0.3888889
      vertex 0.5534003 -0.7212053 0.4166667
    endloop
  endfacet
  facet normal 0.533175 -0.7440448 0.4026435
    outer loop
      vertex 0.5118383 -0.7660202 0.3888889
      vertex 0.5534003 -0.7212053 0.4166667
      vertex 0.5050463 -0.7558552 0.4166667
    endloop
  endfacet
  facet normal 0.5806963 -0.7075804 0.4026435
    outer loop
      vertex 0.5608426 -0.7309043 0.3888889
      vertex 0.6074452 -0.6926585 0.3888889
      vertex 0.5993845 -0.683467 0.4166667
    endloop
  endfacet
  facet normal 0.5806963 -0.7075804 0.4026435
    outer loop
      vertex 0.5608426 -0.7309043 0.3888889
      vertex 0.5993845 -0.683467 0.4166667
      vertex 0.5534003 -0.7212053 0.4166667
    endloop
  endfacet
  facet normal 0.6257309 -0.6680861 0.4026435
    outer loop
      vertex 0.6074452 -0.6926585 0.3888889
      vertex 0.6514466 -0.6514466 0.3888889
      vertex 0.642802 -0.642802 0.4166667
    endloop
  endfacet
  facet normal 0.6257309 -0.6680861 0.4026435
    outer loop
      vertex 0.6074452 -0.6926585 0.3888889
      vertex 0.642802 -0.642802 0.4166667
      vertex 0.5993845 -0.683467 0.4166667
    endloop
  endfacet
  facet normal 0.6680861 -0.6257309 0.4026435
    outer loop
      vertex 0.6514466 -0.6514466 0.3888889
      vertex 0.6926585 -0.6074452 0.3888889
      vertex 0.683467 -0.5993845 0.4166667
    endloop
  endfacet
  facet normal 0.6680861 -0.6257309 0.4026435
    outer loop
      vertex 0.6514466 -0.6514466 0.3888889
      vertex 0.683467 -0.5993845 0.4166667
      vertex 0.642802 -0.642802 0.4166667
    endloop
  endfacet
  facet normal 0.7075804 -0.5806963 0.4026435
    outer loop
      vertex 0.6926585 -0.6074452 0.3888889
      vertex 0.7309043 -0.5608426 0.3888889
      vertex 0.7212053 -0.5534003 0.4166667
    endloop
  endfacet
  facet normal 0.7075804 -0.5806963 0.4026435
    outer loop
      vertex 0.6926585 -0.6074452 0.3888889
      vertex 0.7212053 -0.5534003 0.4166667
      vertex 0.683467 -0.5993845 0.4166667
    endloop
  endfacet
  facet normal 0.7440448 -0.533175 0.4026435
    outer loop
      vertex 0.7309043 -0.5608426 0.3888889
      vertex 0.7660202 -0.5118383 0.3888889
      vertex 0.7558552 -0.5050463 0.4166667
    endloop
  endfacet
  facet normal 0.7440448 -0.533175 0.4026435
    outer loop
      vertex 0.7309043 -0.5608426 0.3888889
      vertex 0.7558552 -0.5050463 0.4166667
      vertex 0.7212053 -0.5534003 0.4166667
    endloop
  endfacet
  facet normal 0.7773231 -0.4833705 0.4026435
    outer loop
      vertex 0.7660202 -0.5118383 0.3888889
      vertex 0.7978559 -0.4606423 0.3888889
      vertex 0.7872685 -0.4545297 0.4166667
    endloop
  endfacet
  facet normal 0.7773231 -0.4833705 0.4026435
    outer loop
      vertex 0.7660202 -0.5118383 0.3888889
      vertex 0.7872685 -0.4545297 0.4166667
      vertex 0.7558552 -0.5050463 0.4166667
    endloop
  endfacet
  facet normal 0.8072727 -0.4314963 0.4026435
    outer loop
      vertex 0.7978559 -0.4606423 0.3888889
      vertex 0.8262751 -0.4074738 0.3888889
      vertex 0.8153105 -0.4020667 0.4166667
    endloop
  endfacet
  facet normal 0.8072727 -0.4314963 0.4026435
    outer loop
      vertex 0.7978559 -0.4606423 0.3888889
      vertex 0.8153105 -0.4020667 0.4166667
      vertex 0.7872685 -0.4545297 0.4166667
    endloop
  endfacet
  facet normal 0.8337655 -0.3777742 0.4026435
    outer loop
      vertex 0.8262751 -0.4074738 0.3888889
      vertex 0.851156 -0.3525604 0.3888889
      vertex 0.8398613 -0.3478819 0.4166667
    endloop
  endfacet
  facet normal 0.8337655 -0.3777742 0.4026435
    outer loop
      vertex 0.8262751 -0.4074738 0.3888889
      vertex 0.8398613 -0.3478819 0.4166667
      vertex 0.8153105 -0.4020667 0.4166667
    endloop
  endfacet
  facet normal 0.8566879 -0.3224345 0.4026435
    outer loop
      vertex 0.851156 -0.3525604 0.3888889
      vertex 0.8723922 -0.2961372 0.3888889
      vertex 0.8608157 -0.2922075 0.4166667
    endloop
  endfacet
  facet normal 0.8566879 -0.3224345 0.4026435
    outer loop
      vertex 0.851156 -0.3525604 0.3888889
      vertex 0.8608157 -0.2922075 0.4166667
      vertex 0.8398613 -0.3478819 0.4166667
    endloop
  endfacet
  facet normal 0.8759419 -0.2657141 0.4026435
    outer loop
      vertex 0.8723922 -0.2961372 0.3888889
      vertex 0.8898927 -0.238446 0.3888889
      vertex 0.8780839 -0.2352819 0.4166667
    endloop
  endfacet
  facet normal 0.8759419 -0.2657141 0.4026435
    outer loop
      vertex 0.8723922 -0.2961372 0.3888889
      vertex 0.8780839 -0.2352819 0.4166667
      vertex 0.8608157 -0.2922075 0.4166667
    endloop
  endfacet
  facet normal 0.891445 -0.2078558 0.4026435
    outer loop
      vertex 0.8898927 -0.238446 0.3888889
      vertex 0.9035824 -0.1797337 0.3888889
      vertex 0.891592 -0.1773487 0.4166667
    endloop
  endfacet
  facet normal 0.891445 -0.2078558 0.4026435
    outer loop
      vertex 0.8898927 -0.238446 0.3888889
      vertex 0.891592 -0.1773487 0.4166667
      vertex 0.8780839 -0.2352819 0.4166667
    endloop
  endfacet
  facet normal 0.9031308 -0.1491075 0.4026435
    outer loop
      vertex 0.9035824 -0.1797337 0.3888889
      vertex 0.9134029 -0.1202518 0.3888889
      vertex 0.9012822 -0.1186561 0.4166667
    endloop
  endfacet
  facet normal 0.9031308 -0.1491075 0.4026435
    outer loop
      vertex 0.9035824 -0.1797337 0.3888889
      vertex 0.9012822 -0.1186561 0.4166667
      vertex 0.891592 -0.1773487 0.4166667
    endloop
  endfacet
  facet normal 0.9109492 -0.08972067 0.4026435
    outer loop
      vertex 0.9134029 -0.1202518 0.3888889
      vertex 0.9193121 -0.0602549 0.3888889
      vertex 0.907113 -0.05945533 0.4166667
    endloop
  endfacet
  facet normal 0.9109492 -0.08972067 0.4026435
    outer loop
      vertex 0.9134029 -0.1202518 0.3888889
      vertex 0.907113 -0.05945533 0.4166667
      vertex 0.9012822 -0.1186561 0.4166667
    endloop
  endfacet
  facet normal 0.9148668 -0.02994964 0.4026435
    outer loop
      vertex 0.9193121 -0.0602549 0.3888889
      vertex 0.9212847 0 0.3888889
      vertex 0.9090593 0 0.4166667
    endloop
  endfacet
  facet normal 0.9148668 -0.02994964 0.4026435
    outer loop
      vertex 0.9193121 -0.0602549 0.3888889
      vertex 0.9090593 0 0.4166667
      vertex 0.907113 -0.05945533 0.4166667
    endloop
  endfacet
  facet normal 0.9021461 0.0295332 0.4304187
    outer loop
      vertex 0.9090593 0 0.4166667
      vertex 0.907113 0.05945533 0.4166667
      vertex 0.8938884 0.05858854 0.4444444
    endloop
  endfacet
  facet normal 0.9021461 0.0295332 0.4304187
    outer loop
      vertex 0.9090593 0 0.4166667
      vertex 0.8938884 0.05858854 0.4444444
      vertex 0.8958064 0 0.4444444
    endloop
  endfacet
  facet normal 0.8982829 0.08847315 0.4304187
    outer loop
      vertex 0.907113 0.05945533 0.4166667
      vertex 0.9012822 0.1186561 0.4166667
      vertex 0.8881427 0.1169262 0.4444444
    endloop
  endfacet
  facet normal 0.8982829 0.08847315 0.4304187
    outer loop
      vertex 0.907113 0.05945533 0.4166667
      vertex 0.8881427 0.1169262 0.4444444
      vertex 0.8938884 0.05858854 0.4444444
    endloop
  endfacet
  facet normal 0.8905732 0.1470342 0.4304187
    outer loop
      vertex 0.9012822 0.1186561 0.4166667
      vertex 0.891592 0.1773487 0.4166667
      vertex 0.8785937 0.1747632 0.4444444
    endloop
  endfacet
  facet normal 0.8905732 0.1470342 0.4304187
    outer loop
      vertex 0.9012822 0.1186561 0.4166667
      vertex 0.8785937 0.1747632 0.4444444
      vertex 0.8881427 0.1169262 0.4444444
    endloop
  endfacet
  facet normal 0.8790499 0.2049657 0.4304187
    outer loop
      vertex 0.891592 0.1773487 0.4166667
      vertex 0.8780839 0.2352819 0.4166667
      vertex 0.8652826 0.2318518 0.4444444
    endloop
  endfacet
  facet normal 0.8790499 0.2049657 0.4304187
    outer loop
      vertex 0.891592 0.1773487 0.4166667
      vertex 0.8652826 0.2318518 0.4444444
      vertex 0.8785937 0.1747632 0.4444444
    endloop
  endfacet
  facet normal 0.8637624 0.2620195 0.4304187
    outer loop
      vertex 0.8780839 0.2352819 0.4166667
      vertex 0.8608157 0.2922075 0.4166667
      vertex 0.8482661 0.2879475 0.4444444
    endloop
  endfacet
  facet normal 0.8637624 0.2620195 0.4304187
    outer loop
      vertex 0.8780839 0.2352819 0.4166667
      vertex 0.8482661 0.2879475 0.4444444
      vertex 0.8652826 0.2318518 0.4444444
    endloop
  endfacet
  facet normal 0.8447762 0.3179512 0.4304187
    outer loop
      vertex 0.8608157 0.2922075 0.4166667
      vertex 0.8398613 0.3478819 0.4166667
      vertex 0.8276172 0.3428103 0.4444444
    endloop
  endfacet
  facet normal 0.8447762 0.3179512 0.4304187
    outer loop
      vertex 0.8608157 0.2922075 0.4166667
      vertex 0.8276172 0.3428103 0.4444444
      vertex 0.8482661 0.2879475 0.4444444
    endloop
  endfacet
  facet normal 0.8221724 0.3725215 0.4304187
    outer loop
      vertex 0.8398613 0.3478819 0.4166667
      vertex 0.8153105 0.4020667 0.4166667
      vertex 0.8034244 0.396205 0.4444444
    endloop
  endfacet
  facet normal 0.8221724 0.3725215 0.4304187
    outer loop
      vertex 0.8398613 0.3478819 0.4166667
      vertex 0.8034244 0.396205 0.4444444
      vertex 0.8276172 0.3428103 0.4444444
    endloop
  endfacet
  facet normal 0.796048 0.4254965 0.4304187
    outer loop
      vertex 0.8153105 0.4020667 0.4166667
      vertex 0.7872685 0.4545297 0.4166667
      vertex 0.7757911 0.4479032 0.4444444
    endloop
  endfacet
  facet normal 0.796048 0.4254965 0.4304187
    outer loop
      vertex 0.8153105 0.4020667 0.4166667
      vertex 0.7757911 0.4479032 0.4444444
      vertex 0.8034244 0.396205 0.4444444
    endloop
  endfacet
  facet normal 0.7665148 0.4766495 0.4304187
    outer loop
      vertex 0.7872685 0.4545297 0.4166667
      vertex 0.7558552 0.5050463 0.4166667
      vertex 0.7448358 0.4976834 0.4444444
    endloop
  endfacet
  facet normal 0.7665148 0.4766495 0.4304187
    outer loop
      vertex 0.7872685 0.4545297 0.4166667
      vertex 0.7448358 0.4976834 0.4444444
      vertex 0.7757911 0.4479032 0.4444444
    endloop
  endfacet
  facet normal 0.7336993 0.5257615 0.4304187
    outer loop
      vertex 0.7558552 0.5050463 0.4166667
      vertex 0.7212053 0.5534003 0.4166667
      vertex 0.710691 0.5453324 0.4444444
    endloop
  endfacet
  facet normal 0.7336993 0.5257615 0.4304187
    outer loop
      vertex 0.7558552 0.5050463 0.4166667
      vertex 0.710691 0.5453324 0.4444444
      vertex 0.7448358 0.4976834 0.4444444
    endloop
  endfacet
  facet normal 0.6977419 0.572622 0.4304187
    outer loop
      vertex 0.7212053 0.5534003 0.4166667
      vertex 0.683467 0.5993845 0.4166667
      vertex 0.6735029 0.5906462 0.4444444
    endloop
  endfacet
  facet normal 0.6977419 0.572622 0.4304187
    outer loop
      vertex 0.7212053 0.5534003 0.4166667
      vertex 0.6735029 0.5906462 0.4444444
      vertex 0.710691 0.5453324 0.4444444
    endloop
  endfacet
  facet normal 0.6587967 0.6170305 0.4304187
    outer loop
      vertex 0.683467 0.5993845 0.4166667
      vertex 0.642802 0.642802 0.4166667
      vertex 0.6334308 0.6334308 0.4444444
    endloop
  endfacet
  facet normal 0.6587967 0.6170305 0.4304187
    outer loop
      vertex 0.683467 0.5993845 0.4166667
      vertex 0.6334308 0.6334308 0.4444444
      vertex 0.6735029 0.5906462 0.4444444
    endloop
  endfacet
  facet normal 0.6170305 0.6587967 0.4304187
    outer loop
      vertex 0.642802 0.642802 0.4166667
      vertex 0.5993845 0.683467 0.4166667
      vertex 0.5906462 0.6735029 0.4444444
    endloop
  endfacet
  facet normal 0.6170305 0.6587967 0.4304187
    outer loop
      vertex 0.642802 0.642802 0.4166667
      vertex 0.5906462 0.6735029 0.4444444
      vertex 0.6334308 0.6334308 0.4444444
    endloop
  endfacet
  facet normal 0.572622 0.6977419 0.4304187
    outer loop
      vertex 0.5993845 0.683467 0.4166667
      vertex 0.5534003 0.7212053 0.4166667
      vertex 0.5453324 0.710691 0.4444444
    endloop
  endfacet
  facet normal 0.572622 0.6977419 0.4304187
    outer loop
      vertex 0.5993845 0.683467 0.4166667
      vertex 0.5453324 0.710691 0.4444444
      vertex 0.5906462 0.6735029 0.4444444
    endloop
  endfacet
  facet normal 0.5257615 0.7336993 0.4304187
    outer loop
      vertex 0.5534003 0.7212053 0.4166667
      vertex 0.5050463 0.7558552 0.4166667
      vertex 0.4976834 0.7448358 0.4444444
    endloop
  endfacet
  facet normal 0.5257615 0.7336993 0.4304187
    outer loop
      vertex 0.5534003 0.7212053 0.4166667
      vertex 0.4976834 0.7448358 0.4444444
      vertex 0.5453324 0.710691 0.4444444
    endloop
  endfacet
  facet normal 0.4766495 0.7665148 0.4304187
    outer loop
      vertex 0.5050463 0.7558552 0.4166667
      vertex 0.4545297 0.7872685 0.4166667
      vertex 0.4479032 0.7757911 0.4444444
    endloop
  endfacet
  facet normal 0.4766495 0.7665148 0.4304187
    outer loop
      vertex 0.5050463 0.7558552 0.4166667
      vertex 0.4479032 0.7757911 0.4444444
      vertex 0.4976834 0.7448358 0.4444444
    endloop
  endfacet
  facet normal 0.4254965 0.796048 0.4304187
    outer loop
      vertex 0.4545297 0.7872685 0.4166667
      vertex 0.4020667 0.8153105 0.4166667
      vertex 0.396205 0.8034244 0.4444444
    endloop
  endfacet
  facet normal 0.4254965 0.796048 0.4304187
    outer loop
      vertex 0.4545297 0.7872685 0.4166667
      vertex 0.396205 0.8034244 0.4444444
      vertex 0.4479032 0.7757911 0.4444444
    endloop
  endfacet
  facet normal 0.3725215 0.8221724 0.4304187
    outer loop
      vertex 0.4020667 0.8153105 0.4166667
      vertex 0.3478819 0.8398613 0.4166667
      vertex 0.3428103 0.8276172 0.4444444
    endloop
  endfacet
  facet normal 0.3725215 0.8221724 0.4304187
    outer loop
      vertex 0.4020667 0.8153105 0.4166667
      vertex 0.3428103 0.8276172 0.4444444
      vertex 0.396205 0.8034244 0.4444444
    endloop
  endfacet
  facet normal 0.3179512 0.8447762 0.4304187
    outer loop
      vertex 0.3478819 0.8398613 0.4166667
      vertex 0.2922075 0.8608157 0.4166667
      vertex 0.2879475 0.8482661 0.4444444
    endloop
  endfacet
  facet normal 0.3179512 0.8447762 0.4304187
    outer loop
      vertex 0.3478819 0.8398613 0.4166667
      vertex 0.2879475 0.8482661 0.4444444
      vertex 0.3428103 0.8276172 0.4444444
    endloop
  endfacet
  facet normal 0.2620195 0.8637624 0.4304187
    outer loop
      vertex 0.2922075 0.8608157 0.4166667
      vertex 0.2352819 0.8780839 0.4166667
      vertex 0.2318518 0.8652826 0.4444444
    endloop
  endfacet
  facet normal 0.2620195 0.8637624 0.4304187
    outer loop
      vertex 0.2922075 0.8608157 0.4166667
      vertex 0.2318518 0.8652826 0.4444444
      vertex 0.2879475 0.8482661 0.4444444
    endloop
  endfacet
  facet normal 0.2049657 0.8790499 0.4304187
    outer loop
      vertex 0.2352819 0.8780839 0.4166667
      vertex 0.1773487 0.891592 0.4166667
      vertex 0.1747632 0.8785937 0.4444444
    endloop
  endfacet
  facet normal 0.2049657 0.8790499 0.4304187
    outer loop
      vertex 0.2352819 0.8780839 0.4166667
      vertex 0.1747632 0.8785937 0.4444444
      vertex 0.2318518 0.8652826 0.4444444
    endloop
  endfacet
  facet normal 0.1470342 0.8905732 0.4304187
    outer loop
      vertex 0.1773487 0.891592 0.4166667
      vertex 0.1186561 0.9012822 0.4166667
      vertex 0.1169262 0.8881427 0.4444444
    endloop
  endfacet
  facet normal 0.1470342 0.8905732 0.4304187
    outer loop
      vertex 0.1773487 0.891592 0.4166667
      vertex 0.1169262 0.8881427 0.4444444
      vertex 0.1747632 0.8785937 0.4444444
    endloop
  endfacet
  facet normal 0.08847315 0.8982829 0.4304187
    outer loop
      vertex 0.1186561 0.9012822 0.4166667
      vertex 0.05945533 0.907113 0.4166667
      vertex 0.05858854 0.8938884 0.4444444
    endloop
  endfacet
  facet normal 0.08847315 0.8982829 0.4304187
    outer loop
      vertex 0.1186561 0.9012822 0.4166667
      vertex 0.05858854 0.8938884 0.4444444
      vertex 0.1169262 0.8881427 0.4444444
    endloop
  endfacet
  facet normal 0.0295332 0.9021461 0.4304187
    outer loop
      vertex 0.05945533 0.907113 0.4166667
      vertex 5.566383e-17 0.9090593 0.4166667
      vertex 5.485232e-17 0.8958064 0.4444444
    endloop
  endfacet
  facet normal 0.0295332 0.9021461 0.4304187
    outer loop
      vertex 0.05945533 0.907113 0.4166667
      vertex 5.485232e-17 0.8958064 0.4444444
      vertex 0.05858854 0.8938884 0.4444444
    endloop
  endfacet
  facet normal -0.0295332 0.9021461 0.4304187
    outer loop
      vertex 5.566383e-17 0.9090593 0.4166667
      vertex -0.05945533 0.907113 0.4166667
      vertex -0.05858854 0.8938884 0.4444444
    endloop
  endfacet
  facet normal -0.0295332 0.9021461 0.4304187
    outer loop
      vertex 5.566383e-17 0.9090593 0.4166667
      vertex -0.05858854 0.8938884 0.4444444
      vertex 5.485232e-17 0.8958064 0.4444444
    endloop
  endfacet
  facet normal -0.08847315 0.8982829 0.4304187
    outer loop
      vertex -0.05945533 0.907113 0.4166667
      vertex -0.1186561 0.9012822 0.4166667
      vertex -0.1169262 0.8881427 0.4444444
    endloop
  endfacet
  facet normal -0.08847315 0.8982829 0.4304187
    outer loop
      vertex -0.05945533 0.907113 0.4166667
      vertex -0.1169262 0.8881427 0.4444444
      vertex -0.05858854 0.8938884 0.4444444
    endloop
  endfacet
  facet normal -0.1470342 0.8905732 0.4304187
    outer loop
      vertex -0.1186561 0.9012822 0.4166667
      vertex -0.1773487 0.891592 0.4166667
      vertex -0.1747632 0.8785937 0.4444444
    endloop
  endfacet
  facet normal -0.1470342 0.8905732 0.4304187
    outer loop
      vertex -0.1186561 0.9012822 0.4166667
      vertex -0.1747632 0.8785937 0.4444444
      vertex -0.1169262 0.8881427 0.4444444
    endloop
  endfacet
  facet normal -0.2049657 0.8790499 0.4304187
    outer loop
      vertex -0.1773487 0.891592 0.4166667
      vertex -0.2352819 0.8780839 0.4166667
      vertex -0.2318518 0.8652826 0.4444444
    endloop
  endfacet
  facet normal -0.2049657 0.8790499 0.4304187
    outer loop
      vertex -0.1773487 0.891592 0.4166667
      vertex -0.2318518 0.8652826 0.4444444
      vertex -0.1747632 0.8785937 0.4444444
    endloop
  endfacet
  facet normal -0.2620195 0.8637624 0.4304187
    outer loop
      vertex -0.2352819 0.8780839 0.4166667
      vertex -0.2922075 0.8608157 0.4166667
      vertex -0.2879475 0.8482661 0.4444444
    endloop
  endfacet
  facet normal -0.2620195 0.8637624 0.4304187
    outer loop
      vertex -0.2352819 0.8780839 0.4166667
      vertex -0.2879475 0.8482661 0.4444444
      vertex -0.2318518 0.8652826 0.4444444
    endloop
  endfacet
  facet normal -0.3179512 0.8447762 0.4304187
    outer loop
      vertex -0.2922075 0.8608157 0.4166667
      vertex -0.3478819 0.8398613 0.4166667
      vertex -0.3428103 0.8276172 0.4444444
    endloop
  endfacet
  facet normal -0.3179512 0.8447762 0.4304187
    outer loop
      vertex -0.2922075 0.8608157 0.4166667
      vertex -0.3428103 0.8276172 0.4444444
      vertex -0.2879475 0.8482661 0.4444444
    endloop
  endfacet
  facet normal -0.3725215 0.8221724 0.4304187
    outer loop
      vertex -0.3478819 0.8398613 0.4166667
      vertex -0.4020667 0.8153105 0.4166667
      vertex -0.396205 0.8034244 0.4444444
    endloop
  endfacet
  facet normal -0.3725215 0.8221724 0.4304187
    outer loop
      vertex -0.3478819 0.8398613 0.4166667
      vertex -0.396205 0.8034244 0.4444444
      vertex -0.3428103 0.8276172 0.4444444
    endloop
  endfacet
  facet normal -0.4254965 0.796048 0.4304187
    outer loop
      vertex -0.4020667 0.8153105 0.4166667
      vertex -0.4545297 0.7872685 0.4166667
      vertex -0.4479032 0.7757911 0.4444444
    endloop
  endfacet
  facet normal -0.4254965 0.796048 0.4304187
    outer loop
      vertex -0.4020667 0.8153105 0.4166667
      vertex -0.4479032 0.7757911 0.4444444
      vertex -0.396205 0.8034244 0.4444444
    endloop
  endfacet
  facet normal -0.4766495 0.7665148 0.4304187
    outer loop
      vertex -0.4545297 0.7872685 0.4166667
      vertex -0.5050463 0.7558552 0.4166667
      vertex -0.4976834 0.7448358 0.4444444
    endloop
  endfacet
  facet normal -0.4766495 0.7665148 0.4304187
    outer loop
      vertex -0.4545297 0.7872685 0.4166667
      vertex -0.4976834 0.7448358 0.4444444
      vertex -0.4479032 0.7757911 0.4444444
    endloop
  endfacet
  facet normal -0.5257615 0.7336993 0.4304187
    outer loop
      vertex -0.5050463 0.7558552 0.4166667
      vertex -0.5534003 0.7212053 0.4166667
      vertex -0.5453324 0.710691 0.4444444
    endloop
  endfacet
  facet normal -0.5257615 0.7336993 0.4304187
    outer loop
      vertex -0.5050463 0.7558552 0.4166667
      vertex -0.5453324 0.710691 0.4444444
      vertex -0.4976834 0.7448358 0.4444444
    endloop
  endfacet
  facet normal -0.572622 0.6977419 0.4304187
    outer loop
      vertex -0.5534003 0.7212053 0.4166667
      vertex -0.5993845 0.683467 0.4166667
      vertex -0.5906462 0.6735029 0.4444444
    endloop
  endfacet
  facet normal -0.572622 0.6977419 0.4304187
    outer loop
      vertex -0.5534003 0.7212053 0.4166667
      vertex -0.5906462 0.6735029 0.4444444
      vertex -0.5453324 0.710691 0.4444444
    endloop
  endfacet
  facet normal -0.6170305 0.6587967 0.4304187
    outer loop
      vertex -0.5993845 0.683467 0.4166667
      vertex -0.642802 0.642802 0.4166667
      vertex -0.6334308 0.6334308 0.4444444
    endloop
  endfacet
  facet normal -0.6170305 0.6587967 0.4304187
    outer loop
      vertex -0.5993845 0.683467 0.4166667
      vertex -0.6334308 0.6334308 0.4444444
      vertex -0.5906462 0.6735029 0.4444444
    endloop
  endfacet
  facet normal -0.6587967 0.6170305 0.4304187
    outer loop
      vertex -0.642802 0.642802 0.4166667
      vertex -0.683467 0.5993845 0.4166667
      vertex -0.6735029 0.5906462 0.4444444
    endloop
  endfacet
  facet normal -0.6587967 0.6170305 0.4304187
    outer loop
      vertex -0.642802 0.642802 0.4166667
      vertex -0.6735029 0.5906462 0.4444444
      vertex -0.6334308 0.6334308 0.4444444
    endloop
  endfacet
  facet normal -0.6977419 0.572622 0.4304187
    outer loop
      vertex -0.683467 0.5993845 0.4166667
      vertex -0.7212053 0.5534003 0.4166667
      vertex -0.710691 0.5453324 0.4444444
    endloop
  endfacet
  facet normal -0.6977419 0.572622 0.4304187
    outer loop
      vertex -0.683467 0.5993845 0.4166667
      vertex -0.710691 0.5453324 0.4444444
      vertex -0.6735029 0.5906462 0.4444444
    endloop
  endfacet
  facet normal -0.7336993 0.5257615 0.4304187
    outer loop
      vertex -0.7212053 0.5534003 0.4166667
      vertex -0.7558552 0.5050463 0.4166667
      vertex -0.7448358 0.4976834 0.4444444
    endloop
  endfacet
  facet normal -0.7336993 0.5257615 0.4304187
    outer loop
      vertex -0.7212053 0.5534003 0.4166667
      vertex -0.7448358 0.4976834 0.4444444
      vertex -0.710691 0.5453324 0.4444444
    endloop
  endfacet
  facet normal -0.7665148 0.4766495 0.4304187
    outer loop
      vertex -0.7558552 0.5050463 0.4166667
      vertex -0.7872685 0.4545297 0.4166667
      vertex -0.7757911 0.4479032 0.4444444
    endloop
  endfacet
  facet normal -0.7665148 0.4766495 0.4304187
    outer loop
      vertex -0.7558552 0.5050463 0.4166667
      vertex -0.7757911 0.4479032 0.4444444
      vertex -0.7448358 0.4976834 0.4444444
    endloop
  endfacet
  facet normal -0.796048 0.4254965 0.4304187
    outer loop
      vertex -0.7872685 0.4545297 0.4166667
      vertex -0.8153105 0.4020667 0.4166667
      vertex -0.8034244 0.396205 0.4444444
    endloop
  endfacet
  facet normal -0.796048 0.4254965 0.4304187
    outer loop
      vertex -0.7872685 0.4545297 0.4166667
      vertex -0.8034244 0.396205 0.4444444
      vertex -0.7757911 0.4479032 0.4444444
    endloop
  endfacet
  facet normal -0.8221724 0.3725215 0.4304187
    outer loop
      vertex -0.8153105 0.4020667 0.4166667
      vertex -0.8398613 0.3478819 0.4166667
      vertex -0.8276172 0.3428103 0.4444444
    endloop
  endfacet
  facet normal -0.8221724 0.3725215 0.4304187
    outer loop
      vertex -0.8153105 0.4020667 0.4166667
      vertex -0.8276172 0.3428103 0.4444444
      vertex -0.8034244 0.396205 0.4444444
    endloop
  endfacet
  facet normal -0.8447762 0.3179512 0.4304187
    outer loop
      vertex -0.8398613 0.3478819 0.4166667
      vertex -0.8608157 0.2922075 0.4166667
      vertex -0.8482661 0.2879475 0.4444444
    endloop
  endfacet
  facet normal -0.8447762 0.3179512 0.4304187
    outer loop
      vertex -0.8398613 0.3478819 0.4166667
      vertex -0.8482661 0.2879475 0.4444444
      vertex -0.8276172 0.3428103 0.4444444
    endloop
  endfacet
  facet normal -0.8637624 0.2620195 0.4304187
    outer loop
      vertex -0.8608157 0.2922075 0.4166667
      vertex -0.8780839 0.2352819 0.4166667
      vertex -0.8652826 0.2318518 0.4444444
    endloop
  endfacet
  facet normal -0.8637624 0.2620195 0.4304187
    outer loop
      vertex -0.8608157 0.2922075 0.4166667
      vertex -0.8652826 0.2318518 0.4444444
      vertex -0.8482661 0.2879475 0.4444444
    endloop
  endfacet
  facet normal -0.8790499 0.2049657 0.4304187
    outer loop
      vertex -0.8780839 0.2352819 0.4166667
      vertex -0.891592 0.1773487 0.4166667
      vertex -0.8785937 0.1747632 0.4444444
    endloop
  endfacet
  facet normal -0.8790499 0.2049657 0.4304187
    outer loop
      vertex -0.8780839 0.2352819 0.4166667
      vertex -0.8785937 0.1747632 0.4444444
      vertex -0.8652826 0.2318518 0.4444444
    endloop
  endfacet
  facet normal -0.8905732 0.1470342 0.4304187
    outer loop
      vertex -0.891592 0.1773487 0.4166667
      vertex -0.9012822 0.1186561 0.4166667
      vertex -0.8881427 0.1169262 0.4444444
    endloop
  endfacet
  facet normal -0.8905732 0.1470342 0.4304187
    outer loop
      vertex -0.891592 0.1773487 0.4166667
      vertex -0.8881427 0.1169262 0.4444444
      vertex -0.8785937 0.1747632 0.4444444
    endloop
  endfacet
  facet normal -0.8982829 0.08847315 0.4304187
    outer loop
      vertex -0.9012822 0.1186561 0.4166667
      vertex -0.907113 0.05945533 0.4166667
      vertex -0.8938884 0.05858854 0.4444444
    endloop
  endfacet
  facet normal -0.8982829 0.08847315 0.4304187
    outer loop
      vertex -0.9012822 0.1186561 0.4166667
      vertex -0.8938884 0.05858854 0.4444444
      vertex -0.8881427 0.1169262 0.4444444
    endloop
  endfacet
  facet normal -0.9021461 0.0295332 0.4304187
    outer loop
      vertex -0.907113 0.05945533 0.4166667
      vertex -0.9090593 1.113277e-16 0.4166667
      vertex -0.8958064 1.097046e-16 0.4444444
    endloop
  endfacet
  facet normal -0.9021461 0.0295332 0.4304187
    outer loop
      vertex -0.907113 0.05945533 0.4166667
      vertex -0.8958064 1.097046e-16 0.4444444
      vertex -0.8938884 0.05858854 0.4444444
    endloop
  endfacet
  facet normal -0.9021461 -0.0295332 0.4304187
    outer loop
      vertex -0.9090593 1.113277e-16 0.4166667
      vertex -0.907113 -0.05945533 0.4166667
      vertex -0.8938884 -0.05858854 0.4444444
    endloop
  endfacet
  facet normal -0.9021461 -0.0295332 0.4304187
    outer loop
      vertex -0.9090593 1.113277e-16 0.4166667
      vertex -0.8938884 -0.05858854 0.4444444
      vertex -0.8958064 1.097046e-16 0.4444444
    endloop
  endfacet
  facet normal -0.8982829 -0.08847315 0.4304187
    outer loop
      vertex -0.907113 -0.05945533 0.4166667
      vertex -0.9012822 -0.1186561 0.4166667
      vertex -0.8881427 -0.1169262 0.4444444
    endloop
  endfacet
  facet normal -0.8982829 -0.08847315 0.4304187
    outer loop
      vertex -0.907113 -0.05945533 0.4166667
      vertex -0.8881427 -0.1169262 0.4444444
      vertex -0.8938884 -0.05858854 0.4444444
    endloop
  endfacet
  facet normal -0.8905732 -0.1470342 0.4304187
    outer loop
      vertex -0.9012822 -0.1186561 0.4166667
      vertex -0.891592 -0.1773487 0.4166667
      vertex -0.8785937 -0.1747632 0.4444444
    endloop
  endfacet
  facet normal -0.8905732 -0.1470342 0.4304187
    outer loop
      vertex -0.9012822 -0.1186561 0.4166667
      vertex -0.8785937 -0.1747632 0.4444444
      vertex -0.8881427 -0.1169262 0.4444444
    endloop
  endfacet
  facet normal -0.8790499 -0.2049657 0.4304187
    outer loop
      vertex -0.891592 -0.1773487 0.4166667
      vertex -0.8780839 -0.2352819 0.4166667
      vertex -0.8652826 -0.2318518 0.4444444
    endloop
  endfacet
  facet normal -0.8790499 -0.2049657 0.4304187
    outer loop
      vertex -0.891592 -0.1773487 0.4166667
      vertex -0.8652826 -0.2318518 0.4444444
      vertex -0.8785937 -0.1747632 0.4444444
    endloop
  endfacet
  facet normal -0.8637624 -0.2620195 0.4304187
    outer loop
      vertex -0.8780839 -0.2352819 0.4166667
      vertex -0.8608157 -0.2922075 0.4166667
      vertex -0.8482661 -0.2879475 0.4444444
    endloop
  endfacet
  facet normal -0.8637624 -0.2620195 0.4304187
    outer loop
      vertex -0.8780839 -0.2352819 0.4166667
      vertex -0.8482661 -0.2879475 0.4444444
      vertex -0.8652826 -0.2318518 0.4444444
    endloop
  endfacet
  facet normal -0.8447762 -0.3179512 0.4304187
    outer loop
      vertex -0.8608157 -0.2922075 0.4166667
      vertex -0.8398613 -0.3478819 0.4166667
      vertex -0.8276172 -0.3428103 0.4444444
    endloop
  endfacet
  facet normal -0.8447762 -0.3179512 0.4304187
    outer loop
      vertex -0.8608157 -0.2922075 0.4166667
      vertex -0.8276172 -0.3428103 0.4444444
      vertex -0.8482661 -0.2879475 0.4444444
    endloop
  endfacet
  facet normal -0.8221724 -0.3725215 0.4304187
    outer loop
      vertex -0.8398613 -0.3478819 0.4166667
      vertex -0.8153105 -0.4020667 0.4166667
      vertex -0.8034244 -0.396205 0.4444444
    endloop
  endfacet
  facet normal -0.8221724 -0.3725215 0.4304187
    outer loop
      vertex -0.8398613 -0.3478819 0.4166667
      vertex -0.8034244 -0.396205 0.4444444
      vertex -0.8276172 -0.3428103 0.4444444
    endloop
  endfacet
  facet normal -0.796048 -0.4254965 0.4304187
    outer loop
      vertex -0.8153105 -0.4020667 0.4166667
      vertex -0.7872685 -0.4545297 0.4166667
      vertex -0.7757911 -0.4479032 0.4444444
    endloop
  endfacet
  facet normal -0.796048 -0.4254965 0.4304187
    outer loop
      vertex -0.8153105 -0.4020667 0.4166667
      vertex -0.7757911 -0.4479032 0.4444444
      vertex -0.8034244 -0.396205 0.4444444
    endloop
  endfacet
  facet normal -0.7665148 -0.4766495 0.4304187
    outer loop
      vertex -0.7872685 -0.4545297 0.4166667
      vertex -0.7558552 -0.5050463 0.4166667
      vertex -0.7448358 -0.4976834 0.4444444
    endloop
  endfacet
  facet normal -0.7665148 -0.4766495 0.4304187
    outer loop
      vertex -0.7872685 -0.4545297 0.4166667
      vertex -0.7448358 -0.4976834 0.4444444
      vertex -0.7757911 -0.4479032 0.4444444
    endloop
  endfacet
  facet normal -0.7336993 -0.5257615 0.4304187
    outer loop
      vertex -0.7558552 -0.5050463 0.4166667
      vertex -0.7212053 -0.5534003 0.4166667
      vertex -0.710691 -0.5453324 0.4444444
    endloop
  endfacet
  facet normal -0.7336993 -0.5257615 0.4304187
    outer loop
      vertex -0.7558552 -0.5050463 0.4166667
      vertex -0.710691 -0.5453324 0.4444444
      vertex -0.7448358 -0.4976834 0.4444444
    endloop
  endfacet
  facet normal -0.6977419 -0.572622 0.4304187
    outer loop
      vertex -0.7212053 -0.5534003 0.4166667
      vertex -0.683467 -0.5993845 0.4166667
      vertex -0.6735029 -0.5906462 0.4444444
    endloop
  endfacet
  facet normal -0.6977419 -0.572622 0.4304187
    outer loop
      vertex -0.7212053 -0.5534003 0.4166667
      vertex -0.6735029 -0.5906462 0.4444444
      vertex -0.710691 -0.5453324 0.4444444
    endloop
  endfacet
  facet normal -0.6587967 -0.6170305 0.4304187
    outer loop
      vertex -0.683467 -0.5993845 0.4166667
      vertex -0.642802 -0.642802 0.4166667
      vertex -0.6334308 -0.6334308 0.4444444
    endloop
  endfacet
  facet normal -0.6587967 -0.6170305 0.4304187
    outer loop
      vertex -0.683467 -0.5993845 0.4166667
      vertex -0.6334308 -0.6334308 0.4444444
      vertex -0.6735029 -0.5906462 0.4444444
    endloop
  endfacet
  facet normal -0.6170305 -0.6587967 0.4304187
    outer loop
      vertex -0.642802 -0.642802 0.4166667
      vertex -0.5993845 -0.683467 0.4166667
      vertex -0.5906462 -0.6735029 0.4444444
    endloop
  endfacet
  facet normal -0.6170305 -0.6587967 0.4304187
    outer loop
      vertex -0.642802 -0.642802 0.4166667
      vertex -0.5906462 -0.6735029 0.4444444
      vertex -0.6334308 -0.6334308 0.4444444
    endloop
  endfacet
  facet normal -0.572622 -0.6977419 0.4304187
    outer loop
      vertex -0.5993845 -0.683467 0.4166667
      vertex -0.5534003 -0.7212053 0.4166667
      vertex -0.5453324 -0.710691 0.4444444
    endloop
  endfacet
  facet normal -0.572622 -0.6977419 0.4304187
    outer loop
      vertex -0.5993845 -0.683467 0.4166667
      vertex -0.5453324 -0.710691 0.4444444
      vertex -0.5906462 -0.6735029 0.4444444
    endloop
  endfacet
  facet normal -0.5257615 -0.7336993 0.4304187
    outer loop
      vertex -0.5534003 -0.7212053 0.4166667
      vertex -0.5050463 -0.7558552 0.4166667
      vertex -0.4976834 -0.7448358 0.4444444
    endloop
  endfacet
  facet normal -0.5257615 -0.7336993 0.4304187
    outer loop
      vertex -0.5534003 -0.7212053 0.4166667
      vertex -0.4976834 -0.7448358 0.4444444
      vertex -0.5453324 -0.710691 0.4444444
    endloop
  endfacet
  facet normal -0.4766495 -0.7665148 0.4304187
    outer loop
      vertex -0.5050463 -0.7558552 0.4166667
      vertex -0.4545297 -0.7872685 0.4166667
      vertex -0.4479032 -0.7757911 0.4444444
    endloop
  endfacet
  facet normal -0.4766495 -0.7665148 0.4304187
    outer loop
      vertex -0.5050463 -0.7558552 0.4166667
      vertex -0.4479032 -0.7757911 0.4444444
      vertex -0.4976834 -0.7448358 0.4444444
    endloop
  endfacet
  facet normal -0.4254965 -0.796048 0.4304187
    outer loop
      vertex -0.4545297 -0.7872685 0.4166667
      vertex -0.4020667 -0.8153105 0.4166667
      vertex -0.396205 -0.8034244 0.4444444
    endloop
  endfacet
  facet normal -0.4254965 -0.796048 0.4304187
    outer loop
      vertex -0.4545297 -0.7872685 0.4166667
      vertex -0.396205 -0.8034244 0.4444444
      vertex -0.4479032 -0.7757911 0.4444444
    endloop
  endfacet
  facet normal -0.3725215 -0.8221724 0.4304187
    outer loop
      vertex -0.4020667 -0.8153105 0.4166667
      vertex -0.3478819 -0.8398613 0.4166667
      vertex -0.3428103 -0.8276172 0.4444444
    endloop
  endfacet
  facet normal -0.3725215 -0.8221724 0.4304187
    outer loop
      vertex -0.4020667 -0.8153105 0.4166667
      vertex -0.3428103 -0.8276172 0.4444444
      vertex -0.396205 -0.8034244 0.4444444
    endloop
  endfacet
  facet normal -0.3179512 -0.8447762 0.4304187
    outer loop
      vertex -0.3478819 -0.8398613 0.4166667
      vertex -0.2922075 -0.8608157 0.4166667
      vertex -0.2879475 -0.8482661 0.4444444
    endloop
  endfacet
  facet normal -0.3179512 -0.8447762 0.4304187
    outer loop
      vertex -0.3478819 -0.8398613 0.4166667
      vertex -0.2879475 -0.8482661 0.4444444
      vertex -0.3428103 -0.8276172 0.4444444
    endloop
  endfacet
  facet normal -0.2620195 -0.8637624 0.4304187
    outer loop
      vertex -0.2922075 -0.8608157 0.4166667
      vertex -0.2352819 -0.8780839 0.4166667
      vertex -0.2318518 -0.8652826 0.4444444
    endloop
  endfacet
  facet normal -0.2620195 -0.8637624 0.4304187
    outer loop
      vertex -0.2922075 -0.8608157 0.4166667
      vertex -0.2318518 -0.8652826 0.4444444
      vertex -0.2879475 -0.8482661 0.4444444
    endloop
  endfacet
  facet normal -0.2049657 -0.8790499 0.4304187
    outer loop
      vertex -0.2352819 -0.8780839 0.4166667
      vertex -0.1773487 -0.891592 0.4166667
      vertex -0.1747632 -0.8785937 0.4444444
    endloop
  endfacet
  facet normal -0.2049657 -0.8790499 0.4304187
    outer loop
      vertex -0.2352819 -0.8780839 0.4166667
      vertex -0.1747632 -0.8785937 0.4444444
      vertex -0.2318518 -0.8652826 0.4444444
    endloop
  endfacet
  facet normal -0.1470342 -0.8905732 0.4304187
    outer loop
      vertex -0.1773487 -0.891592 0.4166667
      vertex -0.1186561 -0.9012822 0.4166667
      vertex -0.1169262 -0.8881427 0.4444444
    endloop
  endfacet
  facet normal -0.1470342 -0.8905732 0.4304187
    outer loop
      vertex -0.1773487 -0.891592 0.4166667
      vertex -0.1169262 -0.8881427 0.4444444
      vertex -0.1747632 -0.8785937 0.4444444
    endloop
  endfacet
  facet normal -0.08847315 -0.8982829 0.4304187
    outer loop
      vertex -0.1186561 -0.9012822 0.4166667
      vertex -0.05945533 -0.907113 0.4166667
      vertex -0.05858854 -0.8938884 0.4444444
    endloop
  endfacet
  facet normal -0.08847315 -0.8982829 0.4304187
    outer loop
      vertex -0.1186561 -0.9012822 0.4166667
      vertex -0.05858854 -0.8938884 0.4444444
      vertex -0.1169262 -0.8881427 0.4444444
    endloop
  endfacet
  facet normal -0.0295332 -0.9021461 0.4304187
    outer loop
      vertex -0.05945533 -0.907113 0.4166667
      vertex -1.669915e-16 -0.9090593 0.4166667
      vertex -1.64557e-16 -0.8958064 0.4444444
    endloop
  endfacet
  facet normal -0.0295332 -0.9021461 0.4304187
    outer loop
      vertex -0.05945533 -0.907113 0.4166667
      vertex -1.64557e-16 -0.8958064 0.4444444
      vertex -0.05858854 -0.8938884 0.4444444
    endloop
  endfacet
  facet normal 0.0295332 -0.9021461 0.4304187
    outer loop
      vertex -1.669915e-16 -0.9090593 0.4166667
      vertex 0.05945533 -0.907113 0.4166667
      vertex 0.05858854 -0.8938884 0.4444444
    endloop
  endfacet
  facet normal 0.0295332 -0.9021461 0.4304187
    outer loop
      vertex -1.669915e-16 -0.9090593 0.4166667
      vertex 0.05858854 -0.8938884 0.4444444
      vertex -1.64557e-16 -0.8958064 0.4444444
    endloop
  endfacet
  facet normal 0.08847315 -0.8982829 0.4304187
    outer loop
      vertex 0.05945533 -0.907113 0.4166667
      vertex 0.1186561 -0.9012822 0.4166667
      vertex 0.1169262 -0.8881427 0.4444444
    endloop
  endfacet
  facet normal 0.08847315 -0.8982829 0.4304187
    outer loop
      vertex 0.05945533 -0.907113 0.4166667
      vertex 0.1169262 -0.8881427 0.4444444
      vertex 0.05858854 -0.8938884 0.4444444
    endloop
  endfacet
  facet normal 0.1470342 -0.8905732 0.4304187
    outer loop
      vertex 0.1186561 -0.9012822 0.4166667
      vertex 0.1773487 -0.891592 0.4166667
      vertex 0.1747632 -0.8785937 0.4444444
    endloop
  endfacet
  facet normal 0.1470342 -0.8905732 0.4304187
    outer loop
      vertex 0.1186561 -0.9012822 0.4166667
      vertex 0.1747632 -0.8785937 0.4444444
      vertex 0.1169262 -0.8881427 0.4444444
    endloop
  endfacet
  facet normal 0.2049657 -0.8790499 0.4304187
    outer loop
      vertex 0.1773487 -0.891592 0.4166667
      vertex 0.2352819 -0.8780839 0.4166667
      vertex 0.2318518 -0.8652826 0.4444444
    endloop
  endfacet
  facet normal 0.2049657 -0.8790499 0.4304187
    outer loop
      vertex 0.1773487 -0.891592 0.4166667
      vertex 0.2318518 -0.8652826 0.4444444
      vertex 0.1747632 -0.8785937 0.4444444
    endloop
  endfacet
  facet normal 0.2620195 -0.8637624 0.4304187
    outer loop
      vertex 0.2352819 -0.8780839 0.4166667
      vertex 0.2922075 -0.8608157 0.4166667
      vertex 0.2879475 -0.8482661 0.4444444
    endloop
  endfacet
  facet normal 0.2620195 -0.8637624 0.4304187
    outer loop
      vertex 0.2352819 -0.8780839 0.4166667
      vertex 0.2879475 -0.8482661 0.4444444
      vertex 0.2318518 -0.8652826 0.4444444
    endloop
  endfacet
  facet normal 0.3179512 -0.8447762 0.4304187
    outer loop
      vertex 0.2922075 -0.8608157 0.4166667
      vertex 0.3478819 -0.8398613 0.4166667
      vertex 0.3428103 -0.8276172 0.4444444
    endloop
  endfacet
  facet normal 0.3179512 -0.8447762 0.4304187
    outer loop
      vertex 0.2922075 -0.8608157 0.4166667
      vertex 0.3428103 -0.8276172 0.4444444
      vertex 0.2879475 -0.8482661 0.4444444
    endloop
  endfacet
  facet normal 0.3725215 -0.8221724 0.4304187
    outer loop
      vertex 0.3478819 -0.8398613 0.4166667
      vertex 0.4020667 -0.8153105 0.4166667
      vertex 0.396205 -0.8034244 0.4444444
    endloop
  endfacet
  facet normal 0.3725215 -0.8221724 0.4304187
    outer loop
      vertex 0.3478819 -0.8398613 0.4166667
      vertex 0.396205 -0.8034244 0.4444444
      vertex 0.3428103 -0.8276172 0.4444444
    endloop
  endfacet
  facet normal 0.4254965 -0.796048 0.4304187
    outer loop
      vertex 0.4020667 -0.8153105 0.4166667
      vertex 0.4545297 -0.7872685 0.4166667
      vertex 0.4479032 -0.7757911 0.4444444
    endloop
  endfacet
  facet normal 0.4254965 -0.796048 0.4304187
    outer loop
      vertex 0.4020667 -0.8153105 0.4166667
      vertex 0.4479032 -0.7757911 0.4444444
      vertex 0.396205 -0.8034244 0.4444444
    endloop
  endfacet
  facet normal 0.4766495 -0.7665148 0.4304187
    outer loop
      vertex 0.4545297 -0.7872685 0.4166667
      vertex 0.5050463 -0.7558552 0.4166667
      vertex 0.4976834 -0.7448358 0.4444444
    endloop
  endfacet
  facet normal 0.4766495 -0.7665148 0.4304187
    outer loop
      vertex 0.4545297 -0.7872685 0.4166667
      vertex 0.4976834 -0.7448358 0.4444444
      vertex 0.4479032 -0.7757911 0.4444444
    endloop
  endfacet
  facet normal 0.5257615 -0.7336993 0.4304187
    outer loop
      vertex 0.5050463 -0.7558552 0.4166667
      vertex 0.5534003 -0.7212053 0.4166667
      vertex 0.5453324 -0.710691 0.4444444
    endloop
  endfacet
  facet normal 0.5257615 -0.7336993 0.4304187
    outer loop
      vertex 0.5050463 -0.7558552 0.4166667
      vertex 0.5453324 -0.710691 0.4444444
      vertex 0.4976834 -0.7448358 0.4444444
    endloop
  endfacet
  facet normal 0.572622 -0.6977419 0.4304187
    outer loop
      vertex 0.5534003 -0.7212053 0.4166667
      vertex 0.5993845 -0.683467 0.4166667
      vertex 0.5906462 -0.6735029 0.4444444
    endloop
  endfacet
  facet normal 0.572622 -0.6977419 0.4304187
    outer loop
      vertex 0.5534003 -0.7212053 0.4166667
      vertex 0.5906462 -0.6735029 0.4444444
      vertex 0.5453324 -0.710691 0.4444444
    endloop
  endfacet
  facet normal 0.6170305 -0.6587967 0.4304187
    outer loop
      vertex 0.5993845 -0.683467 0.4166667
      vertex 0.642802 -0.642802 0.4166667
      vertex 0.6334308 -0.6334308 0.4444444
    endloop
  endfacet
  facet normal 0.6170305 -0.6587967 0.4304187
    outer loop
      vertex 0.5993845 -0.683467 0.4166667
      vertex 0.6334308 -0.6334308 0.4444444
      vertex 0.5906462 -0.6735029 0.4444444
    endloop
  endfacet
  facet normal 0.6587967 -0.6170305 0.4304187
    outer loop
      vertex 0.642802 -0.642802 0.4166667
      vertex 0.683467 -0.5993845 0.4166667
      vertex 0.6735029 -0.5906462 0.4444444
    endloop
  endfacet
  facet normal 0.6587967 -0.6170305 0.4304187
    outer loop
      vertex 0.642802 -0.642802 0.4166667
      vertex 0.6735029 -0.5906462 0.4444444
      vertex 0.6334308 -0.6334308 0.4444444
    endloop
  endfacet
  facet normal 0.6977419 -0.572622 0.4304187
    outer loop
      vertex 0.683467 -0.5993845 0.4166667
      vertex 0.7212053 -0.5534003 0.4166667
      vertex 0.710691 -0.5453324 0.4444444
    endloop
  endfacet
  facet normal 0.6977419 -0.572622 0.4304187
    outer loop
      vertex 0.683467 -0.5993845 0.4166667
      vertex 0.710691 -0.5453324 0.4444444
      vertex 0.6735029 -0.5906462 0.4444444
    endloop
  endfacet
  facet normal 0.7336993 -0.5257615 0.4304187
    outer loop
      vertex 0.7212053 -0.5534003 0.4166667
      vertex 0.7558552 -0.5050463 0.4166667
      vertex 0.7448358 -0.4976834 0.4444444
    endloop
  endfacet
  facet normal 0.7336993 -0.5257615 0.4304187
    outer loop
      vertex 0.7212053 -0.5534003 0.4166667
      vertex 0.7448358 -0.4976834 0.4444444
      vertex 0.710691 -0.5453324 0.4444444
    endloop
  endfacet
  facet normal 0.7665148 -0.4766495 0.4304187
    outer loop
      vertex 0.7558552 -0.5050463 0.4166667
      vertex 0.7872685 -0.4545297 0.4166667
      vertex 0.7757911 -0.4479032 0.4444444
    endloop
  endfacet
  facet normal 0.7665148 -0.4766495 0.4304187
    outer loop
      vertex 0.7558552 -0.5050463 0.4166667
      vertex 0.7757911 -0.4479032 0.4444444
      vertex 0.7448358 -0.4976834 0.4444444
    endloop
  endfacet
  facet normal 0.796048 -0.4254965 0.4304187
    outer loop
      vertex 0.7872685 -0.4545297 0.4166667
      vertex 0.8153105 -0.4020667 0.4166667
      vertex 0.8034244 -0.396205 0.4444444
    endloop
  endfacet
  facet normal 0.796048 -0.4254965 0.4304187
    outer loop
      vertex 0.7872685 -0.4545297 0.4166667
      vertex 0.8034244 -0.396205 0.4444444
      vertex 0.7757911 -0.4479032 0.4444444
    endloop
  endfacet
  facet normal 0.8221724 -0.3725215 0.4304187
    outer loop
      vertex 0.8153105 -0.4020667 0.4166667
      vertex 0.8398613 -0.3478819 0.4166667
      vertex 0.8276172 -0.3428103 0.4444444
    endloop
  endfacet
  facet normal 0.8221724 -0.3725215 0.4304187
    outer loop
      vertex 0.8153105 -0.4020667 0.4166667
      vertex 0.8276172 -0.3428103 0.4444444
      vertex 0.8034244 -0.396205 0.4444444
    endloop
  endfacet
  facet normal 0.8447762 -0.3179512 0.4304187
    outer loop
      vertex 0.8398613 -0.3478819 0.4166667
      vertex 0.8608157 -0.2922075 0.4166667
      vertex 0.8482661 -0.2879475 0.4444444
    endloop
  endfacet
  facet normal 0.8447762 -0.3179512 0.4304187
    outer loop
      vertex 0.8398613 -0.3478819 0.4166667
      vertex 0.8482661 -0.2879475 0.4444444
      vertex 0.8276172 -0.3428103 0.4444444
    endloop
  endfacet
  facet normal 0.8637624 -0.2620195 0.4304187
    outer loop
      vertex 0.8608157 -0.2922075 0.4166667
      vertex 0.8780839 -0.2352819 0.4166667
      vertex 0.8652826 -0.2318518 0.4444444
    endloop
  endfacet
  facet normal 0.8637624 -0.2620195 0.4304187
    outer loop
      vertex 0.8608157 -0.2922075 0.4166667
      vertex 0.8652826 -0.2318518 0.4444444
      vertex 0.8482661 -0.2879475 0.4444444
    endloop
  endfacet
  facet normal 0.8790499 -0.2049657 0.4304187
    outer loop
      vertex 0.8780839 -0.2352819 0.4166667
      vertex 0.891592 -0.1773487 0.4166667
      vertex 0.8785937 -0.1747632 0.4444444
    endloop
  endfacet
  facet normal 0.8790499 -0.2049657 0.4304187
    outer loop
      vertex 0.8780839 -0.2352819 0.4166667
      vertex 0.8785937 -0.1747632 0.4444444
      vertex 0.8652826 -0.2318518 0.4444444
    endloop
  endfacet
  facet normal 0.8905732 -0.1470342 0.4304187
    outer loop
      vertex 0.891592 -0.1773487 0.4166667
      vertex 0.9012822 -0.1186561 0.4166667
      vertex 0.8881427 -0.1169262 0.4444444
    endloop
  endfacet
  facet normal 0.8905732 -0.1470342 0.4304187
    outer loop
      vertex 0.891592 -0.1773487 0.4166667
      vertex 0.8881427 -0.1169262 0.4444444
      vertex 0.8785937 -0.1747632 0.4444444
    endloop
  endfacet
  facet normal 0.8982829 -0.08847315 0.4304187
    outer loop
      vertex 0.9012822 -0.1186561 0.4166667
      vertex 0.907113 -0.05945533 0.4166667
      vertex 0.8938884 -0.05858854 0.4444444
    endloop
  endfacet
  facet normal 0.8982829 -0.08847315 0.4304187
    outer loop
      vertex 0.9012822 -0.1186561 0.4166667
      vertex 0.8938884 -0.05858854 0.4444444
      vertex 0.8881427 -0.1169262 0.4444444
    endloop
  endfacet
  facet normal 0.9021461 -0.0295332 0.4304187
    outer loop
      vertex 0.907113 -0.05945533 0.4166667
      vertex 0.9090593 0 0.4166667
      vertex 0.8958064 0 0.4444444
    endloop
  endfacet
  facet normal 0.9021461 -0.0295332 0.4304187
    outer loop
      vertex 0.907113 -0.05945533 0.4166667
      vertex 0.8958064 0 0.4444444
      vertex 0.8938884 -0.05858854 0.4444444
    endloop
  endfacet
  facet normal 0.8883756 0.02908241 0.4581954
    outer loop
      vertex 0.8958064 0 0.4444444
      vertex 0.8938884 0.05858854 0.4444444
      vertex 0.8795922 0.05765152 0.4722222
    endloop
  endfacet
  facet normal 0.8883756 0.02908241 0.4581954
    outer loop
      vertex 0.8958064 0 0.4444444
      vertex 0.8795922 0.05765152 0.4722222
      vertex 0.8814795 0 0.4722222
    endloop
  endfacet
  facet normal 0.8845714 0.08712268 0.4581954
    outer loop
      vertex 0.8938884 0.05858854 0.4444444
      vertex 0.8881427 0.1169262 0.4444444
      vertex 0.8739384 0.1150562 0.4722222
    endloop
  endfacet
  facet normal 0.8845714 0.08712268 0.4581954
    outer loop
      vertex 0.8938884 0.05858854 0.4444444
      vertex 0.8739384 0.1150562 0.4722222
      vertex 0.8795922 0.05765152 0.4722222
    endloop
  endfacet
  facet normal 0.8769794 0.1447899 0.4581954
    outer loop
      vertex 0.8881427 0.1169262 0.4444444
      vertex 0.8785937 0.1747632 0.4444444
      vertex 0.8645422 0.1719681 0.4722222
    endloop
  endfacet
  facet normal 0.8769794 0.1447899 0.4581954
    outer loop
      vertex 0.8881427 0.1169262 0.4444444
      vertex 0.8645422 0.1719681 0.4722222
      vertex 0.8739384 0.1150562 0.4722222
    endloop
  endfacet
  facet normal 0.865632 0.2018371 0.4581954
    outer loop
      vertex 0.8785937 0.1747632 0.4444444
      vertex 0.8652826 0.2318518 0.4444444
      vertex 0.8514438 0.2281437 0.4722222
    endloop
  endfacet
  facet normal 0.865632 0.2018371 0.4581954
    outer loop
      vertex 0.8785937 0.1747632 0.4444444
      vertex 0.8514438 0.2281437 0.4722222
      vertex 0.8645422 0.1719681 0.4722222
    endloop
  endfacet
  facet normal 0.8505778 0.25802 0.4581954
    outer loop
      vertex 0.8652826 0.2318518 0.4444444
      vertex 0.8482661 0.2879475 0.4444444
      vertex 0.8346995 0.2833423 0.4722222
    endloop
  endfacet
  facet normal 0.8505778 0.25802 0.4581954
    outer loop
      vertex 0.8652826 0.2318518 0.4444444
      vertex 0.8346995 0.2833423 0.4722222
      vertex 0.8514438 0.2281437 0.4722222
    endloop
  endfacet
  facet normal 0.8318814 0.313098 0.4581954
    outer loop
      vertex 0.8482661 0.2879475 0.4444444
      vertex 0.8276172 0.3428103 0.4444444
      vertex 0.8143809 0.3373276 0.4722222
    endloop
  endfacet
  facet normal 0.8318814 0.313098 0.4581954
    outer loop
      vertex 0.8482661 0.2879475 0.4444444
      vertex 0.8143809 0.3373276 0.4722222
      vertex 0.8346995 0.2833423 0.4722222
    endloop
  endfacet
  facet normal 0.8096227 0.3668353 0.4581954
    outer loop
      vertex 0.8276172 0.3428103 0.4444444
      vertex 0.8034244 0.396205 0.4444444
      vertex 0.790575 0.3898684 0.4722222
    endloop
  endfacet
  facet normal 0.8096227 0.3668353 0.4581954
    outer loop
      vertex 0.8276172 0.3428103 0.4444444
      vertex 0.790575 0.3898684 0.4722222
      vertex 0.8143809 0.3373276 0.4722222
    endloop
  endfacet
  facet normal 0.783897 0.4190017 0.4581954
    outer loop
      vertex 0.8034244 0.396205 0.4444444
      vertex 0.7757911 0.4479032 0.4444444
      vertex 0.7633837 0.4407398 0.4722222
    endloop
  endfacet
  facet normal 0.783897 0.4190017 0.4581954
    outer loop
      vertex 0.8034244 0.396205 0.4444444
      vertex 0.7633837 0.4407398 0.4722222
      vertex 0.790575 0.3898684 0.4722222
    endloop
  endfacet
  facet normal 0.7548146 0.4693739 0.4581954
    outer loop
      vertex 0.7757911 0.4479032 0.4444444
      vertex 0.7448358 0.4976834 0.4444444
      vertex 0.7329234 0.4897238 0.4722222
    endloop
  endfacet
  facet normal 0.7548146 0.4693739 0.4581954
    outer loop
      vertex 0.7757911 0.4479032 0.4444444
      vertex 0.7329234 0.4897238 0.4722222
      vertex 0.7633837 0.4407398 0.4722222
    endloop
  endfacet
  facet normal 0.7225 0.5177362 0.4581954
    outer loop
      vertex 0.7448358 0.4976834 0.4444444
      vertex 0.710691 0.5453324 0.4444444
      vertex 0.6993247 0.5366107 0.4722222
    endloop
  endfacet
  facet normal 0.7225 0.5177362 0.4581954
    outer loop
      vertex 0.7448358 0.4976834 0.4444444
      vertex 0.6993247 0.5366107 0.4722222
      vertex 0.7329234 0.4897238 0.4722222
    endloop
  endfacet
  facet normal 0.6870915 0.5638814 0.4581954
    outer loop
      vertex 0.710691 0.5453324 0.4444444
      vertex 0.6735029 0.5906462 0.4444444
      vertex 0.6627314 0.5811998 0.4722222
    endloop
  endfacet
  facet normal 0.6870915 0.5638814 0.4581954
    outer loop
      vertex 0.710691 0.5453324 0.4444444
      vertex 0.6627314 0.5811998 0.4722222
      vertex 0.6993247 0.5366107 0.4722222
    endloop
  endfacet
  facet normal 0.6487408 0.607612 0.4581954
    outer loop
      vertex 0.6735029 0.5906462 0.4444444
      vertex 0.6334308 0.6334308 0.4444444
      vertex 0.6233002 0.6233002 0.4722222
    endloop
  endfacet
  facet normal 0.6487408 0.607612 0.4581954
    outer loop
      vertex 0.6735029 0.5906462 0.4444444
      vertex 0.6233002 0.6233002 0.4722222
      vertex 0.6627314 0.5811998 0.4722222
    endloop
  endfacet
  facet normal 0.607612 0.6487408 0.4581954
    outer loop
      vertex 0.6334308 0.6334308 0.4444444
      vertex 0.5906462 0.6735029 0.4444444
      vertex 0.5811998 0.6627314 0.4722222
    endloop
  endfacet
  facet normal 0.607612 0.6487408 0.4581954
    outer loop
      vertex 0.6334308 0.6334308 0.4444444
      vertex 0.5811998 0.6627314 0.4722222
      vertex 0.6233002 0.6233002 0.4722222
    endloop
  endfacet
  facet normal 0.5638814 0.6870915 0.4581954
    outer loop
      vertex 0.5906462 0.6735029 0.4444444
      vertex 0.5453324 0.710691 0.4444444
      vertex 0.5366107 0.6993247 0.4722222
    endloop
  endfacet
  facet normal 0.5638814 0.6870915 0.4581954
    outer loop
      vertex 0.5906462 0.6735029 0.4444444
      vertex 0.5366107 0.6993247 0.4722222
      vertex 0.5811998 0.6627314 0.4722222
    endloop
  endfacet
  facet normal 0.5177362 0.7225 0.4581954
    outer loop
      vertex 0.5453324 0.710691 0.4444444
      vertex 0.4976834 0.7448358 0.4444444
      vertex 0.4897238 0.7329234 0.4722222
    endloop
  endfacet
  facet normal 0.5177362 0.7225 0.4581954
    outer loop
      vertex 0.5453324 0.710691 0.4444444
      vertex 0.4897238 0.7329234 0.4722222
      vertex 0.5366107 0.6993247 0.4722222
    endloop
  endfacet
  facet normal 0.4693739 0.7548146 0.4581954
    outer loop
      vertex 0.4976834 0.7448358 0.4444444
      vertex 0.4479032 0.7757911 0.4444444
      vertex 0.4407398 0.7633837 0.4722222
    endloop
  endfacet
  facet normal 0.4693739 0.7548146 0.4581954
    outer loop
      vertex 0.4976834 0.7448358 0.4444444
      vertex 0.4407398 0.7633837 0.4722222
      vertex 0.4897238 0.7329234 0.4722222
    endloop
  endfacet
  facet normal 0.4190017 0.783897 0.4581954
    outer loop
      vertex 0.4479032 0.7757911 0.4444444
      vertex 0.396205 0.8034244 0.4444444
      vertex 0.3898684 0.790575 0.4722222
    endloop
  endfacet
  facet normal 0.4190017 0.783897 0.4581954
    outer loop
      vertex 0.4479032 0.7757911 0.4444444
      vertex 0.3898684 0.790575 0.4722222
      vertex 0.4407398 0.7633837 0.4722222
    endloop
  endfacet
  facet normal 0.3668353 0.8096227 0.4581954
    outer loop
      vertex 0.396205 0.8034244 0.4444444
      vertex 0.3428103 0.8276172 0.4444444
      vertex 0.3373276 0.8143809 0.4722222
    endloop
  endfacet
  facet normal 0.3668353 0.8096227 0.4581954
    outer loop
      vertex 0.396205 0.8034244 0.4444444
      vertex 0.3373276 0.8143809 0.4722222
      vertex 0.3898684 0.790575 0.4722222
    endloop
  endfacet
  facet normal 0.313098 0.8318814 0.4581954
    outer loop
      vertex 0.3428103 0.8276172 0.4444444
      vertex 0.2879475 0.8482661 0.4444444
      vertex 0.2833423 0.8346995 0.4722222
    endloop
  endfacet
  facet normal 0.313098 0.8318814 0.4581954
    outer loop
      vertex 0.3428103 0.8276172 0.4444444
      vertex 0.2833423 0.8346995 0.4722222
      vertex 0.3373276 0.8143809 0.4722222
    endloop
  endfacet
  facet normal 0.25802 0.8505778 0.4581954
    outer loop
      vertex 0.2879475 0.8482661 0.4444444
      vertex 0.2318518 0.8652826 0.4444444
      vertex 0.2281437 0.8514438 0.4722222
    endloop
  endfacet
  facet normal 0.25802 0.8505778 0.4581954
    outer loop
      vertex 0.2879475 0.8482661 0.4444444
      vertex 0.2281437 0.8514438 0.4722222
      vertex 0.2833423 0.8346995 0.4722222
    endloop
  endfacet
  facet normal 0.2018371 0.865632 0.4581954
    outer loop
      vertex 0.2318518 0.8652826 0.4444444
      vertex 0.1747632 0.8785937 0.4444444
      vertex 0.1719681 0.8645422 0.4722222
    endloop
  endfacet
  facet normal 0.2018371 0.865632 0.4581954
    outer loop
      vertex 0.2318518 0.8652826 0.4444444
      vertex 0.1719681 0.8645422 0.4722222
      vertex 0.2281437 0.8514438 0.4722222
    endloop
  endfacet
  facet normal 0.1447899 0.8769794 0.4581954
    outer loop
      vertex 0.1747632 0.8785937 0.4444444
      vertex 0.1169262 0.8881427 0.4444444
      vertex 0.1150562 0.8739384 0.4722222
    endloop
  endfacet
  facet normal 0.1447899 0.8769794 0.4581954
    outer loop
      vertex 0.1747632 0.8785937 0.4444444
      vertex 0.1150562 0.8739384 0.4722222
      vertex 0.1719681 0.8645422 0.4722222
    endloop
  endfacet
  facet normal 0.08712268 0.8845714 0.4581954
    outer loop
      vertex 0.1169262 0.8881427 0.4444444
      vertex 0.05858854 0.8938884 0.4444444
      vertex 0.05765152 0.8795922 0.4722222
    endloop
  endfacet
  facet normal 0.08712268 0.8845714 0.4581954
    outer loop
      vertex 0.1169262 0.8881427 0.4444444
      vertex 0.05765152 0.8795922 0.4722222
      vertex 0.1150562 0.8739384 0.4722222
    endloop
  endfacet
  facet normal 0.02908241 0.8883756 0.4581954
    outer loop
      vertex 0.05858854 0.8938884 0.4444444
      vertex 5.485232e-17 0.8958064 0.4444444
      vertex 5.397505e-17 0.8814795 0.4722222
    endloop
  endfacet
  facet normal 0.02908241 0.8883756 0.4581954
    outer loop
      vertex 0.05858854 0.8938884 0.4444444
      vertex 5.397505e-17 0.8814795 0.4722222
      vertex 0.05765152 0.8795922 0.4722222
    endloop
  endfacet
  facet normal -0.02908241 0.8883756 0.4581954
    outer loop
      vertex 5.485232e-17 0.8958064 0.4444444
      vertex -0.05858854 0.8938884 0.4444444
      vertex -0.05765152 0.8795922 0.4722222
    endloop
  endfacet
  facet normal -0.02908241 0.8883756 0.4581954
    outer loop
      vertex 5.485232e-17 0.8958064 0.4444444
      vertex -0.05765152 0.8795922 0.4722222
      vertex 5.397505e-17 0.8814795 0.4722222
    endloop
  endfacet
  facet normal -0.08712268 0.8845714 0.4581954
    outer loop
      vertex -0.05858854 0.8938884 0.4444444
      vertex -0.1169262 0.8881427 0.4444444
      vertex -0.1150562 0.8739384 0.4722222
    endloop
  endfacet
  facet normal -0.08712268 0.8845714 0.4581954
    outer loop
      vertex -0.05858854 0.8938884 0.4444444
      vertex -0.1150562 0.8739384 0.4722222
      vertex -0.05765152 0.8795922 0.4722222
    endloop
  endfacet
  facet normal -0.1447899 0.8769794 0.4581954
    outer loop
      vertex -0.1169262 0.8881427 0.4444444
      vertex -0.1747632 0.8785937 0.4444444
      vertex -0.1719681 0.8645422 0.4722222
    endloop
  endfacet
  facet normal -0.1447899 0.8769794 0.4581954
    outer loop
      vertex -0.1169262 0.8881427 0.4444444
      vertex -0.1719681 0.8645422 0.4722222
      vertex -0.1150562 0.8739384 0.4722222
    endloop
  endfacet
  facet normal -0.2018371 0.865632 0.4581954
    outer loop
      vertex -0.1747632 0.8785937 0.4444444
      vertex -0.2318518 0.8652826 0.4444444
      vertex -0.2281437 0.8514438 0.4722222
    endloop
  endfacet
  facet normal -0.2018371 0.865632 0.4581954
    outer loop
      vertex -0.1747632 0.8785937 0.4444444
      vertex -0.2281437 0.8514438 0.4722222
      vertex -0.1719681 0.8645422 0.4722222
    endloop
  endfacet
  facet normal -0.25802 0.8505778 0.4581954
    outer loop
      vertex -0.2318518 0.8652826 0.4444444
      vertex -0.2879475 0.8482661 0.4444444
      vertex -0.2833423 0.8346995 0.4722222
    endloop
  endfacet
  facet normal -0.25802 0.8505778 0.4581954
    outer loop
      vertex -0.2318518 0.8652826 0.4444444
      vertex -0.2833423 0.8346995 0.4722222
      vertex -0.2281437 0.8514438 0.4722222
    endloop
  endfacet
  facet normal -0.313098 0.8318814 0.4581954
    outer loop
      vertex -0.2879475 0.8482661 0.4444444
      vertex -0.3428103 0.8276172 0.4444444
      vertex -0.3373276 0.8143809 0.4722222
    endloop
  endfacet
  facet normal -0.313098 0.8318814 0.4581954
    outer loop
      vertex -0.2879475 0.8482661 0.4444444
      vertex -0.3373276 0.8143809 0.4722222
      vertex -0.2833423 0.8346995 0.4722222
    endloop
  endfacet
  facet normal -0.3668353 0.8096227 0.4581954
    outer loop
      vertex -0.3428103 0.8276172 0.4444444
      vertex -0.396205 0.8034244 0.4444444
      vertex -0.3898684 0.790575 0.4722222
    endloop
  endfacet
  facet normal -0.3668353 0.8096227 0.4581954
    outer loop
      vertex -0.3428103 0.8276172 0.4444444
      vertex -0.3898684 0.790575 0.4722222
      vertex -0.3373276 0.8143809 0.4722222
    endloop
  endfacet
  facet normal -0.4190017 0.783897 0.4581954
    outer loop
      vertex -0.396205 0.8034244 0.4444444
      vertex -0.4479032 0.7757911 0.4444444
      vertex -0.4407398 0.7633837 0.4722222
    endloop
  endfacet
  facet normal -0.4190017 0.783897 0.4581954
    outer loop
      vertex -0.396205 0.8034244 0.4444444
      vertex -0.4407398 0.7633837 0.4722222
      vertex -0.3898684 0.790575 0.4722222
    endloop
  endfacet
  facet normal -0.4693739 0.7548146 0.4581954
    outer loop
      vertex -0.4479032 0.7757911 0.4444444
      vertex -0.4976834 0.7448358 0.4444444
      vertex -0.4897238 0.7329234 0.4722222
    endloop
  endfacet
  facet normal -0.4693739 0.7548146 0.4581954
    outer loop
      vertex -0.4479032 0.7757911 0.4444444
      vertex -0.4897238 0.7329234 0.4722222
      vertex -0.4407398 0.7633837 0.4722222
    endloop
  endfacet
  facet normal -0.5177362 0.7225 0.4581954
    outer loop
      vertex -0.4976834 0.7448358 0.4444444
      vertex -0.5453324 0.710691 0.4444444
      vertex -0.5366107 0.6993247 0.4722222
    endloop
  endfacet
  facet normal -0.5177362 0.7225 0.4581954
    outer loop
      vertex -0.4976834 0.7448358 0.4444444
      vertex -0.5366107 0.6993247 0.4722222
      vertex -0.4897238 0.7329234 0.4722222
    endloop
  endfacet
  facet normal -0.5638814 0.6870915 0.4581954
    outer loop
      vertex -0.5453324 0.710691 0.4444444
      vertex -0.5906462 0.6735029 0.4444444
      vertex -0.5811998 0.6627314 0.4722222
    endloop
  endfacet
  facet normal -0.5638814 0.6870915 0.4581954
    outer loop
      vertex -0.5453324 0.710691 0.4444444
      vertex -0.5811998 0.6627314 0.4722222
      vertex -0.5366107 0.6993247 0.4722222
    endloop
  endfacet
  facet normal -0.607612 0.6487408 0.4581954
    outer loop
      vertex -0.5906462 0.6735029 0.4444444
      vertex -0.6334308 0.6334308 0.4444444
      vertex -0.6233002 0.6233002 0.4722222
    endloop
  endfacet
  facet normal -0.607612 0.6487408 0.4581954
    outer loop
      vertex -0.5906462 0.6735029 0.4444444
      vertex -0.6233002 0.6233002 0.4722222
      vertex -0.5811998 0.6627314 0.4722222
    endloop
  endfacet
  facet normal -0.6487408 0.607612 0.4581954
    outer loop
      vertex -0.6334308 0.6334308 0.4444444
      vertex -0.6735029 0.5906462 0.4444444
      vertex -0.6627314 0.5811998 0.4722222
    endloop
  endfacet
  facet normal -0.6487408 0.607612 0.4581954
    outer loop
      vertex -0.6334308 0.6334308 0.4444444
      vertex -0.6627314 0.5811998 0.4722222
      vertex -0.6233002 0.6233002 0.4722222
    endloop
  endfacet
  facet normal -0.6870915 0.5638814 0.4581954
    outer loop
      vertex -0.6735029 0.5906462 0.4444444
      vertex -0.710691 0.5453324 0.4444444
      vertex -0.6993247 0.5366107 0.4722222
    endloop
  endfacet
  facet normal -0.6870915 0.5638814 0.4581954
    outer loop
      vertex -0.6735029 0.5906462 0.4444444
      vertex -0.6993247 0.5366107 0.4722222
      vertex -0.6627314 0.5811998 0.4722222
    endloop
  endfacet
  facet normal -0.7225 0.5177362 0.4581954
    outer loop
      vertex -0.710691 0.5453324 0.4444444
      vertex -0.7448358 0.4976834 0.4444444
      vertex -0.7329234 0.4897238 0.4722222
    endloop
  endfacet
  facet normal -0.7225 0.5177362 0.4581954
    outer loop
      vertex -0.710691 0.5453324 0.4444444
      vertex -0.7329234 0.4897238 0.4722222
      vertex -0.6993247 0.5366107 0.4722222
    endloop
  endfacet
  facet normal -0.7548146 0.4693739 0.4581954
    outer loop
      vertex -0.7448358 0.4976834 0.4444444
      vertex -0.7757911 0.4479032 0.4444444
      vertex -0.7633837 0.4407398 0.4722222
    endloop
  endfacet
  facet normal -0.7548146 0.4693739 0.4581954
    outer loop
      vertex -0.7448358 0.4976834 0.4444444
      vertex -0.7633837 0.4407398 0.4722222
      vertex -0.7329234 0.4897238 0.4722222
    endloop
  endfacet
  facet normal -0.783897 0.4190017 0.4581954
    outer loop
      vertex -0.7757911 0.4479032 0.4444444
      vertex -0.8034244 0.396205 0.4444444
      vertex -0.790575 0.3898684 0.4722222
    endloop
  endfacet
  facet normal -0.783897 0.4190017 0.4581954
    outer loop
      vertex -0.7757911 0.4479032 0.4444444
      vertex -0.790575 0.3898684 0.4722222
      vertex -0.7633837 0.4407398 0.4722222
    endloop
  endfacet
  facet normal -0.8096227 0.3668353 0.4581954
    outer loop
      vertex -0.8034244 0.396205 0.4444444
      vertex -0.8276172 0.3428103 0.4444444
      vertex -0.8143809 0.3373276 0.4722222
    endloop
  endfacet
  facet normal -0.8096227 0.3668353 0.4581954
    outer loop
      vertex -0.8034244 0.396205 0.4444444
      vertex -0.8143809 0.3373276 0.4722222
      vertex -0.790575 0.3898684 0.4722222
    endloop
  endfacet
  facet normal -0.8318814 0.313098 0.4581954
    outer loop
      vertex -0.8276172 0.3428103 0.4444444
      vertex -0.8482661 0.2879475 0.4444444
      vertex -0.8346995 0.2833423 0.4722222
    endloop
  endfacet
  facet normal -0.8318814 0.313098 0.4581954
    outer loop
      vertex -0.8276172 0.3428103 0.4444444
      vertex -0.8346995 0.2833423 0.4722222
      vertex -0.8143809 0.3373276 0.4722222
    endloop
  endfacet
  facet normal -0.8505778 0.25802 0.4581954
    outer loop
      vertex -0.8482661 0.2879475 0.4444444
      vertex -0.8652826 0.2318518 0.4444444
      vertex -0.8514438 0.2281437 0.4722222
    endloop
  endfacet
  facet normal -0.8505778 0.25802 0.4581954
    outer loop
      vertex -0.8482661 0.2879475 0.4444444
      vertex -0.8514438 0.2281437 0.4722222
      vertex -0.8346995 0.2833423 0.4722222
    endloop
  endfacet
  facet normal -0.865632 0.2018371 0.4581954
    outer loop
      vertex -0.8652826 0.2318518 0.4444444
      vertex -0.8785937 0.1747632 0.4444444
      vertex -0.8645422 0.1719681 0.4722222
    endloop
  endfacet
  facet normal -0.865632 0.2018371 0.4581954
    outer loop
      vertex -0.8652826 0.2318518 0.4444444
      vertex -0.8645422 0.1719681 0.4722222
      vertex -0.8514438 0.2281437 0.4722222
    endloop
  endfacet
  facet normal -0.8769794 0.1447899 0.4581954
    outer loop
      vertex -0.8785937 0.1747632 0.4444444
      vertex -0.8881427 0.1169262 0.4444444
      vertex -0.8739384 0.1150562 0.4722222
    endloop
  endfacet
  facet normal -0.8769794 0.1447899 0.4581954
    outer loop
      vertex -0.8785937 0.1747632 0.4444444
      vertex -0.8739384 0.1150562 0.4722222
      vertex -0.8645422 0.1719681 0.4722222
    endloop
  endfacet
  facet normal -0.8845714 0.08712268 0.4581954
    outer loop
      vertex -0.8881427 0.1169262 0.4444444
      vertex -0.8938884 0.05858854 0.4444444
      vertex -0.8795922 0.05765152 0.4722222
    endloop
  endfacet
  facet normal -0.8845714 0.08712268 0.4581954
    outer loop
      vertex -0.8881427 0.1169262 0.4444444
      vertex -0.8795922 0.05765152 0.4722222
      vertex -0.8739384 0.1150562 0.4722222
    endloop
  endfacet
  facet normal -0.8883756 0.02908241 0.4581954
    outer loop
      vertex -0.8938884 0.05858854 0.4444444
      vertex -0.8958064 1.097046e-16 0.4444444
      vertex -0.8814795 1.079501e-16 0.4722222
    endloop
  endfacet
  facet normal -0.8883756 0.02908241 0.4581954
    outer loop
      vertex -0.8938884 0.05858854 0.4444444
      vertex -0.8814795 1.079501e-16 0.4722222
      vertex -0.8795922 0.05765152 0.4722222
    endloop
  endfacet
  facet normal -0.8883756 -0.02908241 0.4581954
    outer loop
      vertex -0.8958064 1.097046e-16 0.4444444
      vertex -0.8938884 -0.05858854 0.4444444
      vertex -0.8795922 -0.05765152 0.4722222
    endloop
  endfacet
  facet normal -0.8883756 -0.02908241 0.4581954
    outer loop
      vertex -0.8958064 1.097046e-16 0.4444444
      vertex -0.8795922 -0.05765152 0.4722222
      vertex -0.8814795 1.079501e-16 0.4722222
    endloop
  endfacet
  facet normal -0.8845714 -0.08712268 0.4581954
    outer loop
      vertex -0.8938884 -0.05858854 0.4444444
      vertex -0.8881427 -0.1169262 0.4444444
      vertex -0.8739384 -0.1150562 0.4722222
    endloop
  endfacet
  facet normal -0.8845714 -0.08712268 0.4581954
    outer loop
      vertex -0.8938884 -0.05858854 0.4444444
      vertex -0.8739384 -0.1150562 0.4722222
      vertex -0.8795922 -0.05765152 0.4722222
    endloop
  endfacet
  facet normal -0.8769794 -0.1447899 0.4581954
    outer loop
      vertex -0.8881427 -0.1169262 0.4444444
      vertex -0.8785937 -0.1747632 0.4444444
      vertex -0.8645422 -0.1719681 0.4722222
    endloop
  endfacet
  facet normal -0.8769794 -0.1447899 0.4581954
    outer loop
      vertex -0.8881427 -0.1169262 0.4444444
      vertex -0.8645422 -0.1719681 0.4722222
      vertex -0.8739384 -0.1150562 0.4722222
    endloop
  endfacet
  facet normal -0.865632 -0.2018371 0.4581954
    outer loop
      vertex -0.8785937 -0.1747632 0.4444444
      vertex -0.8652826 -0.2318518 0.4444444
      vertex -0.8514438 -0.2281437 0.4722222
    endloop
  endfacet
  facet normal -0.865632 -0.2018371 0.4581954
    outer loop
      vertex -0.8785937 -0.1747632 0.4444444
      vertex -0.8514438 -0.2281437 0.4722222
      vertex -0.8645422 -0.1719681 0.4722222
    endloop
  endfacet
  facet normal -0.8505778 -0.25802 0.4581954
    outer loop
      vertex -0.8652826 -0.2318518 0.4444444
      vertex -0.8482661 -0.2879475 0.4444444
      vertex -0.8346995 -0.2833423 0.4722222
    endloop
  endfacet
  facet normal -0.8505778 -0.25802 0.4581954
    outer loop
      vertex -0.8652826 -0.2318518 0.4444444
      vertex -0.8346995 -0.2833423 0.4722222
      vertex -0.8514438 -0.2281437 0.4722222
    endloop
  endfacet
  facet normal -0.8318814 -0.313098 0.4581954
    outer loop
      vertex -0.8482661 -0.2879475 0.4444444
      vertex -0.8276172 -0.3428103 0.4444444
      vertex -0.8143809 -0.3373276 0.4722222
    endloop
  endfacet
  facet normal -0.8318814 -0.313098 0.4581954
    outer loop
      vertex -0.8482661 -0.2879475 0.4444444
      vertex -0.8143809 -0.3373276 0.4722222
      vertex -0.8346995 -0.2833423 0.4722222
    endloop
  endfacet
  facet normal -0.8096227 -0.3668353 0.4581954
    outer loop
      vertex -0.8276172 -0.3428103 0.4444444
      vertex -0.8034244 -0.396205 0.4444444
      vertex -0.790575 -0.3898684 0.4722222
    endloop
  endfacet
  facet normal -0.8096227 -0.3668353 0.4581954
    outer loop
      vertex -0.8276172 -0.3428103 0.4444444
      vertex -0.790575 -0.3898684 0.4722222
      vertex -0.8143809 -0.3373276 0.4722222
    endloop
  endfacet
  facet normal -0.783897 -0.4190017 0.4581954
    outer loop
      vertex -0.8034244 -0.396205 0.4444444
      vertex -0.7757911 -0.4479032 0.4444444
      vertex -0.7633837 -0.4407398 0.4722222
    endloop
  endfacet
  facet normal -0.783897 -0.4190017 0.4581954
    outer loop
      vertex -0.8034244 -0.396205 0.4444444
      vertex -0.7633837 -0.4407398 0.4722222
      vertex -0.790575 -0.3898684 0.4722222
    endloop
  endfacet
  facet normal -0.7548146 -0.4693739 0.4581954
    outer loop
      vertex -0.7757911 -0.4479032 0.4444444
      vertex -0.7448358 -0.4976834 0.4444444
      vertex -0.7329234 -0.4897238 0.4722222
    endloop
  endfacet
  facet normal -0.7548146 -0.4693739 0.4581954
    outer loop
      vertex -0.7757911 -0.4479032 0.4444444
      vertex -0.7329234 -0.4897238 0.4722222
      vertex -0.7633837 -0.4407398 0.4722222
    endloop
  endfacet
  facet normal -0.7225 -0.5177362 0.4581954
    outer loop
      vertex -0.7448358 -0.4976834 0.4444444
      vertex -0.710691 -0.5453324 0.4444444
      vertex -0.6993247 -0.5366107 0.4722222
    endloop
  endfacet
  facet normal -0.7225 -0.5177362 0.4581954
    outer loop
      vertex -0.7448358 -0.4976834 0.4444444
      vertex -0.6993247 -0.5366107 0.4722222
      vertex -0.7329234 -0.4897238 0.4722222
    endloop
  endfacet
  facet normal -0.6870915 -0.5638814 0.4581954
    outer loop
      vertex -0.710691 -0.5453324 0.4444444
      vertex -0.6735029 -0.5906462 0.4444444
      vertex -0.6627314 -0.5811998 0.4722222
    endloop
  endfacet
  facet normal -0.6870915 -0.5638814 0.4581954
    outer loop
      vertex -0.710691 -0.5453324 0.4444444
      vertex -0.6627314 -0.5811998 0.4722222
      vertex -0.6993247 -0.5366107 0.4722222
    endloop
  endfacet
  facet normal -0.6487408 -0.607612 0.4581954
    outer loop
      vertex -0.6735029 -0.5906462 0.4444444
      vertex -0.6334308 -0.6334308 0.4444444
      vertex -0.6233002 -0.6233002 0.4722222
    endloop
  endfacet
  facet normal -0.6487408 -0.607612 0.4581954
    outer loop
      vertex -0.6735029 -0.5906462 0.4444444
      vertex -0.6233002 -0.6233002 0.4722222
      vertex -0.6627314 -0.5811998 0.4722222
    endloop
  endfacet
  facet normal -0.607612 -0.6487408 0.4581954
    outer loop
      vertex -0.6334308 -0.6334308 0.4444444
      vertex -0.5906462 -0.6735029 0.4444444
      vertex -0.5811998 -0.6627314 0.4722222
    endloop
  endfacet
  facet normal -0.607612 -0.6487408 0.4581954
    outer loop
      vertex -0.6334308 -0.6334308 0.4444444
      vertex -0.5811998 -0.6627314 0.4722222
      vertex -0.6233002 -0.6233002 0.4722222
    endloop
  endfacet
  facet normal -0.5638814 -0.6870915 0.4581954
    outer loop
      vertex -0.5906462 -0.6735029 0.4444444
      vertex -0.5453324 -0.710691 0.4444444
      vertex -0.5366107 -0.6993247 0.4722222
    endloop
  endfacet
  facet normal -0.5638814 -0.6870915 0.4581954
    outer loop
      vertex -0.5906462 -0.6735029 0.4444444
      vertex -0.5366107 -0.6993247 0.4722222
      vertex -0.5811998 -0.6627314 0.4722222
    endloop
  endfacet
  facet normal -0.5177362 -0.7225 0.4581954
    outer loop
      vertex -0.5453324 -0.710691 0.4444444
      vertex -0.4976834 -0.7448358 0.4444444
      vertex -0.4897238 -0.7329234 0.4722222
    endloop
  endfacet
  facet normal -0.5177362 -0.7225 0.4581954
    outer loop
      vertex -0.5453324 -0.710691 0.4444444
      vertex -0.4897238 -0.7329234 0.4722222
      vertex -0.5366107 -0.6993247 0.4722222
    endloop
  endfacet
  facet normal -0.4693739 -0.7548146 0.4581954
    outer loop
      vertex -0.4976834 -0.7448358 0.4444444
      vertex -0.4479032 -0.7757911 0.4444444
      vertex -0.4407398 -0.7633837 0.4722222
    endloop
  endfacet
  facet normal -0.4693739 -0.7548146 0.4581954
    outer loop
      vertex -0.4976834 -0.7448358 0.4444444
      vertex -0.4407398 -0.7633837 0.4722222
      vertex -0.4897238 -0.7329234 0.4722222
    endloop
  endfacet
  facet normal -0.4190017 -0.783897 0.4581954
    outer loop
      vertex -0.4479032 -0.7757911 0.4444444
      vertex -0.396205 -0.8034244 0.4444444
      vertex -0.3898684 -0.790575 0.4722222
    endloop
  endfacet
  facet normal -0.4190017 -0.783897 0.4581954
    outer loop
      vertex -0.4479032 -0.7757911 0.4444444
      vertex -0.3898684 -0.790575 0.4722222
      vertex -0.4407398 -0.7633837 0.4722222
    endloop
  endfacet
  facet normal -0.3668353 -0.8096227 0.4581954
    outer loop
      vertex -0.396205 -0.8034244 0.4444444
      vertex -0.3428103 -0.8276172 0.4444444
      vertex -0.3373276 -0.8143809 0.4722222
    endloop
  endfacet
  facet normal -0.3668353 -0.8096227 0.4581954
    outer loop
      vertex -0.396205 -0.8034244 0.4444444
      vertex -0.3373276 -0.8143809 0.4722222
      vertex -0.3898684 -0.790575 0.4722222
    endloop
  endfacet
  facet normal -0.313098 -0.8318814 0.4581954
    outer loop
      vertex -0.3428103 -0.8276172 0.4444444
      vertex -0.2879475 -0.8482661 0.4444444
      vertex -0.2833423 -0.8346995 0.4722222
    endloop
  endfacet
  facet normal -0.313098 -0.8318814 0.4581954
    outer loop
      vertex -0.3428103 -0.8276172 0.4444444
      vertex -0.2833423 -0.8346995 0.4722222
      vertex -0.3373276 -0.8143809 0.4722222
    endloop
  endfacet
  facet normal -0.25802 -0.8505778 0.4581954
    outer loop
      vertex -0.2879475 -0.8482661 0.4444444
      vertex -0.2318518 -0.8652826 0.4444444
      vertex -0.2281437 -0.8514438 0.4722222
    endloop
  endfacet
  facet normal -0.25802 -0.8505778 0.4581954
    outer loop
      vertex -0.2879475 -0.8482661 0.4444444
      vertex -0.2281437 -0.8514438 0.4722222
      vertex -0.2833423 -0.8346995 0.4722222
    endloop
  endfacet
  facet normal -0.2018371 -0.865632 0.4581954
    outer loop
      vertex -0.2318518 -0.8652826 0.4444444
      vertex -0.1747632 -0.8785937 0.4444444
      vertex -0.1719681 -0.8645422 0.4722222
    endloop
  endfacet
  facet normal -0.2018371 -0.865632 0.4581954
    outer loop
      vertex -0.2318518 -0.8652826 0.4444444
      vertex -0.1719681 -0.8645422 0.4722222
      vertex -0.2281437 -0.8514438 0.4722222
    endloop
  endfacet
  facet normal -0.1447899 -0.8769794 0.4581954
    outer loop
      vertex -0.1747632 -0.8785937 0.4444444
      vertex -0.1169262 -0.8881427 0.4444444
      vertex -0.1150562 -0.8739384 0.4722222
    endloop
  endfacet
  facet normal -0.1447899 -0.8769794 0.4581954
    outer loop
      vertex -0.1747632 -0.8785937 0.4444444
      vertex -0.1150562 -0.8739384 0.4722222
      vertex -0.1719681 -0.8645422 0.4722222
    endloop
  endfacet
  facet normal -0.08712268 -0.8845714 0.4581954
    outer loop
      vertex -0.1169262 -0.8881427 0.4444444
      vertex -0.05858854 -0.8938884 0.4444444
      vertex -0.05765152 -0.8795922 0.4722222
    endloop
  endfacet
  facet normal -0.08712268 -0.8845714 0.4581954
    outer loop
      vertex -0.1169262 -0.8881427 0.4444444
      vertex -0.05765152 -0.8795922 0.4722222
      vertex -0.1150562 -0.8739384 0.4722222
    endloop
  endfacet
  facet normal -0.02908241 -0.8883756 0.4581954
    outer loop
      vertex -0.05858854 -0.8938884 0.4444444
      vertex -1.64557e-16 -0.8958064 0.4444444
      vertex -1.619252e-16 -0.8814795 0.4722222
    endloop
  endfacet
  facet normal -0.02908241 -0.8883756 0.4581954
    outer loop
      vertex -0.05858854 -0.8938884 0.4444444
      vertex -1.619252e-16 -0.8814795 0.4722222
      vertex -0.05765152 -0.8795922 0.4722222
    endloop
  endfacet
  facet normal 0.02908241 -0.8883756 0.4581954
    outer loop
      vertex -1.64557e-16 -0.8958064 0.4444444
      vertex 0.05858854 -0.8938884 0.4444444
      vertex 0.05765152 -0.8795922 0.4722222
    endloop
  endfacet
  facet normal 0.02908241 -0.8883756 0.4581954
    outer loop
      vertex -1.64557e-16 -0.8958064 0.4444444
      vertex 0.05765152 -0.8795922 0.4722222
      vertex -1.619252e-16 -0.8814795 0.4722222
    endloop
  endfacet
  facet normal 0.08712268 -0.8845714 0.4581954
    outer loop
      vertex 0.05858854 -0.8938884 0.4444444
      vertex 0.1169262 -0.8881427 0.4444444
      vertex 0.1150562 -0.8739384 0.4722222
    endloop
  endfacet
  facet normal 0.08712268 -0.8845714 0.4581954
    outer loop
      vertex 0.05858854 -0.8938884 0.4444444
      vertex 0.1150562 -0.8739384 0.4722222
      vertex 0.05765152 -0.8795922 0.4722222
    endloop
  endfacet
  facet normal 0.1447899 -0.8769794 0.4581954
    outer loop
      vertex 0.1169262 -0.8881427 0.4444444
      vertex 0.1747632 -0.8785937 0.4444444
      vertex 0.1719681 -0.8645422 0.4722222
    endloop
  endfacet
  facet normal 0.1447899 -0.8769794 0.4581954
    outer loop
      vertex 0.1169262 -0.8881427 0.4444444
      vertex 0.1719681 -0.8645422 0.4722222
      vertex 0.1150562 -0.8739384 0.4722222
    endloop
  endfacet
  facet normal 0.2018371 -0.865632 0.4581954
    outer loop
      vertex 0.1747632 -0.8785937 0.4444444
      vertex 0.2318518 -0.8652826 0.4444444
      vertex 0.2281437 -0.8514438 0.4722222
    endloop
  endfacet
  facet normal 0.2018371 -0.865632 0.4581954
    outer loop
      vertex 0.1747632 -0.8785937 0.4444444
      vertex 0.2281437 -0.8514438 0.4722222
      vertex 0.1719681 -0.8645422 0.4722222
    endloop
  endfacet
  facet normal 0.25802 -0.8505778 0.4581954
    outer loop
      vertex 0.2318518 -0.8652826 0.4444444
      vertex 0.2879475 -0.8482661 0.4444444
      vertex 0.2833423 -0.8346995 0.4722222
    endloop
  endfacet
  facet normal 0.25802 -0.8505778 0.4581954
    outer loop
      vertex 0.2318518 -0.8652826 0.4444444
      vertex 0.2833423 -0.8346995 0.4722222
      vertex 0.2281437 -0.8514438 0.4722222
    endloop
  endfacet
  facet normal 0.313098 -0.8318814 0.4581954
    outer loop
      vertex 0.2879475 -0.8482661 0.4444444
      vertex 0.3428103 -0.8276172 0.4444444
      vertex 0.3373276 -0.8143809 0.4722222
    endloop
  endfacet
  facet normal 0.313098 -0.8318814 0.4581954
    outer loop
      vertex 0.2879475 -0.8482661 0.4444444
      vertex 0.3373276 -0.8143809 0.4722222
      vertex 0.2833423 -0.8346995 0.4722222
    endloop
  endfacet
  facet normal 0.3668353 -0.8096227 0.4581954
    outer loop
      vertex 0.3428103 -0.8276172 0.4444444
      vertex 0.396205 -0.8034244 0.4444444
      vertex 0.3898684 -0.790575 0.4722222
    endloop
  endfacet
  facet normal 0.3668353 -0.8096227 0.4581954
    outer loop
      vertex 0.3428103 -0.8276172 0.4444444
      vertex 0.3898684 -0.790575 0.4722222
      vertex 0.3373276 -0.8143809 0.4722222
    endloop
  endfacet
  facet normal 0.4190017 -0.783897 0.4581954
    outer loop
      vertex 0.396205 -0.8034244 0.4444444
      vertex 0.4479032 -0.7757911 0.4444444
      vertex 0.4407398 -0.7633837 0.4722222
    endloop
  endfacet
  facet normal 0.4190017 -0.783897 0.4581954
    outer loop
      vertex 0.396205 -0.8034244 0.4444444
      vertex 0.4407398 -0.7633837 0.4722222
      vertex 0.3898684 -0.790575 0.4722222
    endloop
  endfacet
  facet normal 0.4693739 -0.7548146 0.4581954
    outer loop
      vertex 0.4479032 -0.7757911 0.4444444
      vertex 0.4976834 -0.7448358 0.4444444
      vertex 0.4897238 -0.7329234 0.4722222
    endloop
  endfacet
  facet normal 0.4693739 -0.7548146 0.4581954
    outer loop
      vertex 0.4479032 -0.7757911 0.4444444
      vertex 0.4897238 -0.7329234 0.4722222
      vertex 0.4407398 -0.7633837 0.4722222
    endloop
  endfacet
  facet normal 0.5177362 -0.7225 0.4581954
    outer loop
      vertex 0.4976834 -0.7448358 0.4444444
      vertex 0.5453324 -0.710691 0.4444444
      vertex 0.5366107 -0.6993247 0.4722222
    endloop
  endfacet
  facet normal 0.5177362 -0.7225 0.4581954
    outer loop
      vertex 0.4976834 -0.7448358 0.4444444
      vertex 0.5366107 -0.6993247 0.4722222
      vertex 0.4897238 -0.7329234 0.4722222
    endloop
  endfacet
  facet normal 0.5638814 -0.6870915 0.4581954
    outer loop
      vertex 0.5453324 -0.710691 0.4444444
      vertex 0.5906462 -0.6735029 0.4444444
      vertex 0.5811998 -0.6627314 0.4722222
    endloop
  endfacet
  facet normal 0.5638814 -0.6870915 0.4581954
    outer loop
      vertex 0.5453324 -0.710691 0.4444444
      vertex 0.5811998 -0.6627314 0.4722222
      vertex 0.5366107 -0.6993247 0.4722222
    endloop
  endfacet
  facet normal 0.607612 -0.6487408 0.4581954
    outer loop
      vertex 0.5906462 -0.6735029 0.4444444
      vertex 0.6334308 -0.6334308 0.4444444
      vertex 0.6233002 -0.6233002 0.4722222
    endloop
  endfacet
  facet normal 0.607612 -0.6487408 0.4581954
    outer loop
      vertex 0.5906462 -0.6735029 0.4444444
      vertex 0.6233002 -0.6233002 0.4722222
      vertex 0.5811998 -0.6627314 0.4722222
    endloop
  endfacet
  facet normal 0.6487408 -0.607612 0.4581954
    outer loop
      vertex 0.6334308 -0.6334308 0.4444444
      vertex 0.6735029 -0.5906462 0.4444444
      vertex 0.6627314 -0.5811998 0.4722222
    endloop
  endfacet
  facet normal 0.6487408 -0.607612 0.4581954
    outer loop
      vertex 0.6334308 -0.6334308 0.4444444
      vertex 0.6627314 -0.5811998 0.4722222
      vertex 0.6233002 -0.6233002 0.4722222
    endloop
  endfacet
  facet normal 0.6870915 -0.5638814 0.4581954
    outer loop
      vertex 0.6735029 -0.5906462 0.4444444
      vertex 0.710691 -0.5453324 0.4444444
      vertex 0.6993247 -0.5366107 0.4722222
    endloop
  endfacet
  facet normal 0.6870915 -0.5638814 0.4581954
    outer loop
      vertex 0.6735029 -0.5906462 0.4444444
      vertex 0.6993247 -0.5366107 0.4722222
      vertex 0.6627314 -0.5811998 0.4722222
    endloop
  endfacet
  facet normal 0.7225 -0.5177362 0.4581954
    outer loop
      vertex 0.710691 -0.5453324 0.4444444
      vertex 0.7448358 -0.4976834 0.4444444
      vertex 0.7329234 -0.4897238 0.4722222
    endloop
  endfacet
  facet normal 0.7225 -0.5177362 0.4581954
    outer loop
      vertex 0.710691 -0.5453324 0.4444444
      vertex 0.7329234 -0.4897238 0.4722222
      vertex 0.6993247 -0.5366107 0.4722222
    endloop
  endfacet
  facet normal 0.7548146 -0.4693739 0.4581954
    outer loop
      vertex 0.7448358 -0.4976834 0.4444444
      vertex 0.7757911 -0.4479032 0.4444444
      vertex 0.7633837 -0.4407398 0.4722222
    endloop
  endfacet
  facet normal 0.7548146 -0.4693739 0.4581954
    outer loop
      vertex 0.7448358 -0.4976834 0.4444444
      vertex 0.7633837 -0.4407398 0.4722222
      vertex 0.7329234 -0.4897238 0.4722222
    endloop
  endfacet
  facet normal 0.783897 -0.4190017 0.4581954
    outer loop
      vertex 0.7757911 -0.4479032 0.4444444
      vertex 0.8034244 -0.396205 0.4444444
      vertex 0.790575 -0.3898684 0.4722222
    endloop
  endfacet
  facet normal 0.783897 -0.4190017 0.4581954
    outer loop
      vertex 0.7757911 -0.4479032 0.4444444
      vertex 0.790575 -0.3898684 0.4722222
      vertex 0.7633837 -0.4407398 0.4722222
    endloop
  endfacet
  facet normal 0.8096227 -0.3668353 0.4581954
    outer loop
      vertex 0.8034244 -0.396205 0.4444444
      vertex 0.8276172 -0.3428103 0.4444444
      vertex 0.8143809 -0.3373276 0.4722222
    endloop
  endfacet
  facet normal 0.8096227 -0.3668353 0.4581954
    outer loop
      vertex 0.8034244 -0.396205 0.4444444
      vertex 0.8143809 -0.3373276 0.4722222
      vertex 0.790575 -0.3898684 0.4722222
    endloop
  endfacet
  facet normal 0.8318814 -0.313098 0.4581954
    outer loop
      vertex 0.8276172 -0.3428103 0.4444444
      vertex 0.8482661 -0.2879475 0.4444444
      vertex 0.8346995 -0.2833423 0.4722222
    endloop
  endfacet
  facet normal 0.8318814 -0.313098 0.4581954
    outer loop
      vertex 0.8276172 -0.3428103 0.4444444
      vertex 0.8346995 -0.2833423 0.4722222
      vertex 0.8143809 -0.3373276 0.4722222
    endloop
  endfacet
  facet normal 0.8505778 -0.25802 0.4581954
    outer loop
      vertex 0.8482661 -0.2879475 0.4444444
      vertex 0.8652826 -0.2318518 0.4444444
      vertex 0.8514438 -0.2281437 0.4722222
    endloop
  endfacet
  facet normal 0.8505778 -0.25802 0.4581954
    outer loop
      vertex 0.8482661 -0.2879475 0.4444444
      vertex 0.8514438 -0.2281437 0.4722222
      vertex 0.8346995 -0.2833423 0.4722222
    endloop
  endfacet
  facet normal 0.865632 -0.2018371 0.4581954
    outer loop
      vertex 0.8652826 -0.2318518 0.4444444
      vertex 0.8785937 -0.1747632 0.4444444
      vertex 0.8645422 -0.1719681 0.4722222
    endloop
  endfacet
  facet normal 0.865632 -0.2018371 0.4581954
    outer loop
      vertex 0.8652826 -0.2318518 0.4444444
      vertex 0.8645422 -0.1719681 0.4722222
      vertex 0.8514438 -0.2281437 0.4722222
    endloop
  endfacet
  facet normal 0.8769794 -0.1447899 0.4581954
    outer loop
      vertex 0.8785937 -0.1747632 0.4444444
      vertex 0.8881427 -0.1169262 0.4444444
      vertex 0.8739384 -0.1150562 0.4722222
    endloop
  endfacet
  facet normal 0.8769794 -0.1447899 0.4581954
    outer loop
      vertex 0.8785937 -0.1747632 0.4444444
      vertex 0.8739384 -0.1150562 0.4722222
      vertex 0.8645422 -0.1719681 0.4722222
    endloop
  endfacet
  facet normal 0.8845714 -0.08712268 0.4581954
    outer loop
      vertex 0.8881427 -0.1169262 0.4444444
      vertex 0.8938884 -0.05858854 0.4444444
      vertex 0.8795922 -0.05765152 0.4722222
    endloop
  endfacet
  facet normal 0.8845714 -0.08712268 0.4581954
    outer loop
      vertex 0.8881427 -0.1169262 0.4444444
      vertex 0.8795922 -0.05765152 0.4722222
      vertex 0.8739384 -0.1150562 0.4722222
    endloop
  endfacet
  facet normal 0.8883756 -0.02908241 0.4581954
    outer loop
      vertex 0.8938884 -0.05858854 0.4444444
      vertex 0.8958064 0 0.4444444
      vertex 0.8814795 0 0.4722222
    endloop
  endfacet
  facet normal 0.8883756 -0.02908241 0.4581954
    outer loop
      vertex 0.8938884 -0.05858854 0.4444444
      vertex 0.8814795 0 0.4722222
      vertex 0.8795922 -0.05765152 0.4722222
    endloop
  endfacet
  facet normal 0.8735055 0.02859561 0.4859737
    outer loop
      vertex 0.8814795 0 0.4722222
      vertex 0.8795922 0.05765152 0.4722222
      vertex 0.8641712 0.05664077 0.5
    endloop
  endfacet
  facet normal 0.8735055 0.02859561 0.4859737
    outer loop
      vertex 0.8814795 0 0.4722222
      vertex 0.8641712 0.05664077 0.5
      vertex 0.8660254 0 0.5
    endloop
  endfacet
  facet normal 0.869765 0.08566438 0.4859737
    outer loop
      vertex 0.8795922 0.05765152 0.4722222
      vertex 0.8739384 0.1150562 0.4722222
      vertex 0.8586164 0.113039 0.5
    endloop
  endfacet
  facet normal 0.869765 0.08566438 0.4859737
    outer loop
      vertex 0.8795922 0.05765152 0.4722222
      vertex 0.8586164 0.113039 0.5
      vertex 0.8641712 0.05664077 0.5
    endloop
  endfacet
  facet normal 0.8623001 0.1423663 0.4859737
    outer loop
      vertex 0.8739384 0.1150562 0.4722222
      vertex 0.8645422 0.1719681 0.4722222
      vertex 0.849385 0.1689532 0.5
    endloop
  endfacet
  facet normal 0.8623001 0.1423663 0.4859737
    outer loop
      vertex 0.8739384 0.1150562 0.4722222
      vertex 0.849385 0.1689532 0.5
      vertex 0.8586164 0.113039 0.5
    endloop
  endfacet
  facet normal 0.8511426 0.1984586 0.4859737
    outer loop
      vertex 0.8645422 0.1719681 0.4722222
      vertex 0.8514438 0.2281437 0.4722222
      vertex 0.8365163 0.2241439 0.5
    endloop
  endfacet
  facet normal 0.8511426 0.1984586 0.4859737
    outer loop
      vertex 0.8645422 0.1719681 0.4722222
      vertex 0.8365163 0.2241439 0.5
      vertex 0.849385 0.1689532 0.5
    endloop
  endfacet
  facet normal 0.8363404 0.2537011 0.4859737
    outer loop
      vertex 0.8514438 0.2281437 0.4722222
      vertex 0.8346995 0.2833423 0.4722222
      vertex 0.8200655 0.2783747 0.5
    endloop
  endfacet
  facet normal 0.8363404 0.2537011 0.4859737
    outer loop
      vertex 0.8514438 0.2281437 0.4722222
      vertex 0.8200655 0.2783747 0.5
      vertex 0.8365163 0.2241439 0.5
    endloop
  endfacet
  facet normal 0.8179569 0.3078572 0.4859737
    outer loop
      vertex 0.8346995 0.2833423 0.4722222
      vertex 0.8143809 0.3373276 0.4722222
      vertex 0.8001031 0.3314136 0.5
    endloop
  endfacet
  facet normal 0.8179569 0.3078572 0.4859737
    outer loop
      vertex 0.8346995 0.2833423 0.4722222
      vertex 0.8001031 0.3314136 0.5
      vertex 0.8200655 0.2783747 0.5
    endloop
  endfacet
  facet normal 0.7960708 0.360695 0.4859737
    outer loop
      vertex 0.8143809 0.3373276 0.4722222
      vertex 0.790575 0.3898684 0.4722222
      vertex 0.7767146 0.3830332 0.5
    endloop
  endfacet
  facet normal 0.7960708 0.360695 0.4859737
    outer loop
      vertex 0.8143809 0.3373276 0.4722222
      vertex 0.7767146 0.3830332 0.5
      vertex 0.8001031 0.3314136 0.5
    endloop
  endfacet
  facet normal 0.7707758 0.4119882 0.4859737
    outer loop
      vertex 0.790575 0.3898684 0.4722222
      vertex 0.7633837 0.4407398 0.4722222
      vertex 0.75 0.4330127 0.5
    endloop
  endfacet
  facet normal 0.7707758 0.4119882 0.4859737
    outer loop
      vertex 0.790575 0.3898684 0.4722222
      vertex 0.75 0.4330127 0.5
      vertex 0.7767146 0.3830332 0.5
    endloop
  endfacet
  facet normal 0.7421801 0.4615173 0.4859737
    outer loop
      vertex 0.7633837 0.4407398 0.4722222
      vertex 0.7329234 0.4897238 0.4722222
      vertex 0.7200738 0.4811379 0.5
    endloop
  endfacet
  facet normal 0.7421801 0.4615173 0.4859737
    outer loop
      vertex 0.7633837 0.4407398 0.4722222
      vertex 0.7200738 0.4811379 0.5
      vertex 0.75 0.4330127 0.5
    endloop
  endfacet
  facet normal 0.7104064 0.50907 0.4859737
    outer loop
      vertex 0.7329234 0.4897238 0.4722222
      vertex 0.6993247 0.5366107 0.4722222
      vertex 0.6870641 0.5272029 0.5
    endloop
  endfacet
  facet normal 0.7104064 0.50907 0.4859737
    outer loop
      vertex 0.7329234 0.4897238 0.4722222
      vertex 0.6870641 0.5272029 0.5
      vertex 0.7200738 0.4811379 0.5
    endloop
  endfacet
  facet normal 0.6755906 0.5544429 0.4859737
    outer loop
      vertex 0.6993247 0.5366107 0.4722222
      vertex 0.6627314 0.5811998 0.4722222
      vertex 0.6511124 0.5710102 0.5
    endloop
  endfacet
  facet normal 0.6755906 0.5544429 0.4859737
    outer loop
      vertex 0.6993247 0.5366107 0.4722222
      vertex 0.6511124 0.5710102 0.5
      vertex 0.6870641 0.5272029 0.5
    endloop
  endfacet
  facet normal 0.6378818 0.5974415 0.4859737
    outer loop
      vertex 0.6627314 0.5811998 0.4722222
      vertex 0.6233002 0.6233002 0.4722222
      vertex 0.6123724 0.6123724 0.5
    endloop
  endfacet
  facet normal 0.6378818 0.5974415 0.4859737
    outer loop
      vertex 0.6627314 0.5811998 0.4722222
      vertex 0.6123724 0.6123724 0.5
      vertex 0.6511124 0.5710102 0.5
    endloop
  endfacet
  facet normal 0.5974415 0.6378818 0.4859737
    outer loop
      vertex 0.6233002 0.6233002 0.4722222
      vertex 0.5811998 0.6627314 0.4722222
      vertex 0.5710102 0.6511124 0.5
    endloop
  endfacet
  facet normal 0.5974415 0.6378818 0.4859737
    outer loop
      vertex 0.6233002 0.6233002 0.4722222
      vertex 0.5710102 0.6511124 0.5
      vertex 0.6123724 0.6123724 0.5
    endloop
  endfacet
  facet normal 0.5544429 0.6755906 0.4859737
    outer loop
      vertex 0.5811998 0.6627314 0.4722222
      vertex 0.5366107 0.6993247 0.4722222
      vertex 0.5272029 0.6870641 0.5
    endloop
  endfacet
  facet normal 0.5544429 0.6755906 0.4859737
    outer loop
      vertex 0.5811998 0.6627314 0.4722222
      vertex 0.5272029 0.6870641 0.5
      vertex 0.5710102 0.6511124 0.5
    endloop
  endfacet
  facet normal 0.50907 0.7104064 0.4859737
    outer loop
      vertex 0.5366107 0.6993247 0.4722222
      vertex 0.4897238 0.7329234 0.4722222
      vertex 0.4811379 0.7200738 0.5
    endloop
  endfacet
  facet normal 0.50907 0.7104064 0.4859737
    outer loop
      vertex 0.5366107 0.6993247 0.4722222
      vertex 0.4811379 0.7200738 0.5
      vertex 0.5272029 0.6870641 0.5
    endloop
  endfacet
  facet normal 0.4615173 0.7421801 0.4859737
    outer loop
      vertex 0.4897238 0.7329234 0.4722222
      vertex 0.4407398 0.7633837 0.4722222
      vertex 0.4330127 0.75 0.5
    endloop
  endfacet
  facet normal 0.4615173 0.7421801 0.4859737
    outer loop
      vertex 0.4897238 0.7329234 0.4722222
      vertex 0.4330127 0.75 0.5
      vertex 0.4811379 0.7200738 0.5
    endloop
  endfacet
  facet normal 0.4119882 0.7707758 0.4859737
    outer loop
      vertex 0.4407398 0.7633837 0.4722222
      vertex 0.3898684 0.790575 0.4722222
      vertex 0.3830332 0.7767146 0.5
    endloop
  endfacet
  facet normal 0.4119882 0.7707758 0.4859737
    outer loop
      vertex 0.4407398 0.7633837 0.4722222
      vertex 0.3830332 0.7767146 0.5
      vertex 0.4330127 0.75 0.5
    endloop
  endfacet
  facet normal 0.360695 0.7960708 0.4859737
    outer loop
      vertex 0.3898684 0.790575 0.4722222
      vertex 0.3373276 0.8143809 0.4722222
      vertex 0.3314136 0.8001031 0.5
    endloop
  endfacet
  facet normal 0.360695 0.7960708 0.4859737
    outer loop
      vertex 0.3898684 0.790575 0.4722222
      vertex 0.3314136 0.8001031 0.5
      vertex 0.3830332 0.7767146 0.5
    endloop
  endfacet
  facet normal 0.3078572 0.8179569 0.4859737
    outer loop
      vertex 0.3373276 0.8143809 0.4722222
      vertex 0.2833423 0.8346995 0.4722222
      vertex 0.2783747 0.8200655 0.5
    endloop
  endfacet
  facet normal 0.3078572 0.8179569 0.4859737
    outer loop
      vertex 0.3373276 0.8143809 0.4722222
      vertex 0.2783747 0.8200655 0.5
      vertex 0.3314136 0.8001031 0.5
    endloop
  endfacet
  facet normal 0.2537011 0.8363404 0.4859737
    outer loop
      vertex 0.2833423 0.8346995 0.4722222
      vertex 0.2281437 0.8514438 0.4722222
      vertex 0.2241439 0.8365163 0.5
    endloop
  endfacet
  facet normal 0.2537011 0.8363404 0.4859737
    outer loop
      vertex 0.2833423 0.8346995 0.4722222
      vertex 0.2241439 0.8365163 0.5
      vertex 0.2783747 0.8200655 0.5
    endloop
  endfacet
  facet normal 0.1984586 0.8511426 0.4859737
    outer loop
      vertex 0.2281437 0.8514438 0.4722222
      vertex 0.1719681 0.8645422 0.4722222
      vertex 0.1689532 0.849385 0.5
    endloop
  endfacet
  facet normal 0.1984586 0.8511426 0.4859737
    outer loop
      vertex 0.2281437 0.8514438 0.4722222
      vertex 0.1689532 0.849385 0.5
      vertex 0.2241439 0.8365163 0.5
    endloop
  endfacet
  facet normal 0.1423663 0.8623001 0.4859737
    outer loop
      vertex 0.1719681 0.8645422 0.4722222
      vertex 0.1150562 0.8739384 0.4722222
      vertex 0.113039 0.8586164 0.5
    endloop
  endfacet
  facet normal 0.1423663 0.8623001 0.4859737
    outer loop
      vertex 0.1719681 0.8645422 0.4722222
      vertex 0.113039 0.8586164 0.5
      vertex 0.1689532 0.849385 0.5
    endloop
  endfacet
  facet normal 0.08566438 0.869765 0.4859737
    outer loop
      vertex 0.1150562 0.8739384 0.4722222
      vertex 0.05765152 0.8795922 0.4722222
      vertex 0.05664077 0.8641712 0.5
    endloop
  endfacet
  facet normal 0.08566438 0.869765 0.4859737
    outer loop
      vertex 0.1150562 0.8739384 0.4722222
      vertex 0.05664077 0.8641712 0.5
      vertex 0.113039 0.8586164 0.5
    endloop
  endfacet
  facet normal 0.02859561 0.8735055 0.4859737
    outer loop
      vertex 0.05765152 0.8795922 0.4722222
      vertex 5.397505e-17 0.8814795 0.4722222
      vertex 5.302876e-17 0.8660254 0.5
    endloop
  endfacet
  facet normal 0.02859561 0.8735055 0.4859737
    outer loop
      vertex 0.05765152 0.8795922 0.4722222
      vertex 5.302876e-17 0.8660254 0.5
      vertex 0.05664077 0.8641712 0.5
    endloop
  endfacet
  facet normal -0.02859561 0.8735055 0.4859737
    outer loop
      vertex 5.397505e-17 0.8814795 0.4722222
      vertex -0.05765152 0.8795922 0.4722222
      vertex -0.05664077 0.8641712 0.5
    endloop
  endfacet
  facet normal -0.02859561 0.8735055 0.4859737
    outer loop
      vertex 5.397505e-17 0.8814795 0.4722222
      vertex -0.05664077 0.8641712 0.5
      vertex 5.302876e-17 0.8660254 0.5
    endloop
  endfacet
  facet normal -0.08566438 0.869765 0.4859737
    outer loop
      vertex -0.05765152 0.8795922 0.4722222
      vertex -0.1150562 0.8739384 0.4722222
      vertex -0.113039 0.8586164 0.5
    endloop
  endfacet
  facet normal -0.08566438 0.869765 0.4859737
    outer loop
      vertex -0.05765152 0.8795922 0.4722222
      vertex -0.113039 0.8586164 0.5
      vertex -0.05664077 0.8641712 0.5
    endloop
  endfacet
  facet normal -0.1423663 0.8623001 0.4859737
    outer loop
      vertex -0.1150562 0.8739384 0.4722222
      vertex -0.1719681 0.8645422 0.4722222
      vertex -0.1689532 0.849385 0.5
    endloop
  endfacet
  facet normal -0.1423663 0.8623001 0.4859737
    outer loop
      vertex -0.1150562 0.8739384 0.4722222
      vertex -0.1689532 0.849385 0.5
      vertex -0.113039 0.8586164 0.5
    endloop
  endfacet
  facet normal -0.1984586 0.8511426 0.4859737
    outer loop
      vertex -0.1719681 0.8645422 0.4722222
      vertex -0.2281437 0.8514438 0.4722222
      vertex -0.2241439 0.8365163 0.5
    endloop
  endfacet
  facet normal -0.1984586 0.8511426 0.4859737
    outer loop
      vertex -0.1719681 0.8645422 0.4722222
      vertex -0.2241439 0.8365163 0.5
      vertex -0.1689532 0.849385 0.5
    endloop
  endfacet
  facet normal -0.2537011 0.8363404 0.4859737
    outer loop
      vertex -0.2281437 0.8514438 0.4722222
      vertex -0.2833423 0.8346995 0.4722222
      vertex -0.2783747 0.8200655 0.5
    endloop
  endfacet
  facet normal -0.2537011 0.8363404 0.4859737
    outer loop
      vertex -0.2281437 0.8514438 0.4722222
      vertex -0.2783747 0.8200655 0.5
      vertex -0.2241439 0.8365163 0.5
    endloop
  endfacet
  facet normal -0.3078572 0.8179569 0.4859737
    outer loop
      vertex -0.2833423 0.8346995 0.4722222
      vertex -0.3373276 0.8143809 0.4722222
      vertex -0.3314136 0.8001031 0.5
    endloop
  endfacet
  facet normal -0.3078572 0.8179569 0.4859737
    outer loop
      vertex -0.2833423 0.8346995 0.4722222
      vertex -0.3314136 0.8001031 0.5
      vertex -0.2783747 0.8200655 0.5
    endloop
  endfacet
  facet normal -0.360695 0.7960708 0.4859737
    outer loop
      vertex -0.3373276 0.8143809 0.4722222
      vertex -0.3898684 0.790575 0.4722222
      vertex -0.3830332 0.7767146 0.5
    endloop
  endfacet
  facet normal -0.360695 0.7960708 0.4859737
    outer loop
      vertex -0.3373276 0.8143809 0.4722222
      vertex -0.3830332 0.7767146 0.5
      vertex -0.3314136 0.8001031 0.5
    endloop
  endfacet
  facet normal -0.4119882 0.7707758 0.4859737
    outer loop
      vertex -0.3898684 0.790575 0.4722222
      vertex -0.4407398 0.7633837 0.4722222
      vertex -0.4330127 0.75 0.5
    endloop
  endfacet
  facet normal -0.4119882 0.7707758 0.4859737
    outer loop
      vertex -0.3898684 0.790575 0.4722222
      vertex -0.4330127 0.75 0.5
      vertex -0.3830332 0.7767146 0.5
    endloop
  endfacet
  facet normal -0.4615173 0.7421801 0.4859737
    outer loop
      vertex -0.4407398 0.7633837 0.4722222
      vertex -0.4897238 0.7329234 0.4722222
      vertex -0.4811379 0.7200738 0.5
    endloop
  endfacet
  facet normal -0.4615173 0.7421801 0.4859737
    outer loop
      vertex -0.4407398 0.7633837 0.4722222
      vertex -0.4811379 0.7200738 0.5
      vertex -0.4330127 0.75 0.5
    endloop
  endfacet
  facet normal -0.50907 0.7104064 0.4859737
    outer loop
      vertex -0.4897238 0.7329234 0.4722222
      vertex -0.5366107 0.6993247 0.4722222
      vertex -0.5272029 0.6870641 0.5
    endloop
  endfacet
  facet normal -0.50907 0.7104064 0.4859737
    outer loop
      vertex -0.4897238 0.7329234 0.4722222
      vertex -0.5272029 0.6870641 0.5
      vertex -0.4811379 0.7200738 0.5
    endloop
  endfacet
  facet normal -0.5544429 0.6755906 0.4859737
    outer loop
      vertex -0.5366107 0.6993247 0.4722222
      vertex -0.5811998 0.6627314 0.4722222
      vertex -0.5710102 0.6511124 0.5
    endloop
  endfacet
  facet normal -0.5544429 0.6755906 0.4859737
    outer loop
      vertex -0.5366107 0.6993247 0.4722222
      vertex -0.5710102 0.6511124 0.5
      vertex -0.5272029 0.6870641 0.5
    endloop
  endfacet
  facet normal -0.5974415 0.6378818 0.4859737
    outer loop
      vertex -0.5811998 0.6627314 0.4722222
      vertex -0.6233002 0.6233002 0.4722222
      vertex -0.6123724 0.6123724 0.5
    endloop
  endfacet
  facet normal -0.5974415 0.6378818 0.4859737
    outer loop
      vertex -0.5811998 0.6627314 0.4722222
      vertex -0.6123724 0.6123724 0.5
      vertex -0.5710102 0.6511124 0.5
    endloop
  endfacet
  facet normal -0.6378818 0.5974415 0.4859737
    outer loop
      vertex -0.6233002 0.6233002 0.4722222
      vertex -0.6627314 0.5811998 0.4722222
      vertex -0.6511124 0.5710102 0.5
    endloop
  endfacet
  facet normal -0.6378818 0.5974415 0.4859737
    outer loop
      vertex -0.6233002 0.6233002 0.4722222
      vertex -0.6511124 0.5710102 0.5
      vertex -0.6123724 0.6123724 0.5
    endloop
  endfacet
  facet normal -0.6755906 0.5544429 0.4859737
    outer loop
      vertex -0.6627314 0.5811998 0.4722222
      vertex -0.6993247 0.5366107 0.4722222
      vertex -0.6870641 0.5272029 0.5
    endloop
  endfacet
  facet normal -0.6755906 0.5544429 0.4859737
    outer loop
      vertex -0.6627314 0.5811998 0.4722222
      vertex -0.6870641 0.5272029 0.5
      vertex -0.6511124 0.5710102 0.5
    endloop
  endfacet
  facet normal -0.7104064 0.50907 0.4859737
    outer loop
      vertex -0.6993247 0.5366107 0.4722222
      vertex -0.7329234 0.4897238 0.4722222
      vertex -0.7200738 0.4811379 0.5
    endloop
  endfacet
  facet normal -0.7104064 0.50907 0.4859737
    outer loop
      vertex -0.6993247 0.5366107 0.4722222
      vertex -0.7200738 0.4811379 0.5
      vertex -0.6870641 0.5272029 0.5
    endloop
  endfacet
  facet normal -0.7421801 0.4615173 0.4859737
    outer loop
      vertex -0.7329234 0.4897238 0.4722222
      vertex -0.7633837 0.4407398 0.4722222
      vertex -0.75 0.4330127 0.5
    endloop
  endfacet
  facet normal -0.7421801 0.4615173 0.4859737
    outer loop
      vertex -0.7329234 0.4897238 0.4722222
      vertex -0.75 0.4330127 0.5
      vertex -0.7200738 0.4811379 0.5
    endloop
  endfacet
  facet normal -0.7707758 0.4119882 0.4859737
    outer loop
      vertex -0.7633837 0.4407398 0.4722222
      vertex -0.790575 0.3898684 0.4722222
      vertex -0.7767146 0.3830332 0.5
    endloop
  endfacet
  facet normal -0.7707758 0.4119882 0.4859737
    outer loop
      vertex -0.7633837 0.4407398 0.4722222
      vertex -0.7767146 0.3830332 0.5
      vertex -0.75 0.4330127 0.5
    endloop
  endfacet
  facet normal -0.7960708 0.360695 0.4859737
    outer loop
      vertex -0.790575 0.3898684 0.4722222
      vertex -0.8143809 0.3373276 0.4722222
      vertex -0.8001031 0.3314136 0.5
    endloop
  endfacet
  facet normal -0.7960708 0.360695 0.4859737
    outer loop
      vertex -0.790575 0.3898684 0.4722222
      vertex -0.8001031 0.3314136 0.5
      vertex -0.7767146 0.3830332 0.5
    endloop
  endfacet
  facet normal -0.8179569 0.3078572 0.4859737
    outer loop
      vertex -0.8143809 0.3373276 0.4722222
      vertex -0.8346995 0.2833423 0.4722222
      vertex -0.8200655 0.2783747 0.5
    endloop
  endfacet
  facet normal -0.8179569 0.3078572 0.4859737
    outer loop
      vertex -0.8143809 0.3373276 0.4722222
      vertex -0.8200655 0.2783747 0.5
      vertex -0.8001031 0.3314136 0.5
    endloop
  endfacet
  facet normal -0.8363404 0.2537011 0.4859737
    outer loop
      vertex -0.8346995 0.2833423 0.4722222
      vertex -0.8514438 0.2281437 0.4722222
      vertex -0.8365163 0.2241439 0.5
    endloop
  endfacet
  facet normal -0.8363404 0.2537011 0.4859737
    outer loop
      vertex -0.8346995 0.2833423 0.4722222
      vertex -0.8365163 0.2241439 0.5
      vertex -0.8200655 0.2783747 0.5
    endloop
  endfacet
  facet normal -0.8511426 0.1984586 0.4859737
    outer loop
      vertex -0.8514438 0.2281437 0.4722222
      vertex -0.8645422 0.1719681 0.4722222
      vertex -0.849385 0.1689532 0.5
    endloop
  endfacet
  facet normal -0.8511426 0.1984586 0.4859737
    outer loop
      vertex -0.8514438 0.2281437 0.4722222
      vertex -0.849385 0.1689532 0.5
      vertex -0.8365163 0.2241439 0.5
    endloop
  endfacet
  facet normal -0.8623001 0.1423663 0.4859737
    outer loop
      vertex -0.8645422 0.1719681 0.4722222
      vertex -0.8739384 0.1150562 0.4722222
      vertex -0.8586164 0.113039 0.5
    endloop
  endfacet
  facet normal -0.8623001 0.1423663 0.4859737
    outer loop
      vertex -0.8645422 0.1719681 0.4722222
      vertex -0.8586164 0.113039 0.5
      vertex -0.849385 0.1689532 0.5
    endloop
  endfacet
  facet normal -0.869765 0.08566438 0.4859737
    outer loop
      vertex -0.8739384 0.1150562 0.4722222
      vertex -0.8795922 0.05765152 0.4722222
      vertex -0.8641712 0.05664077 0.5
    endloop
  endfacet
  facet normal -0.869765 0.08566438 0.4859737
    outer loop
      vertex -0.8739384 0.1150562 0.4722222
      vertex -0.8641712 0.05664077 0.5
      vertex -0.8586164 0.113039 0.5
    endloop
  endfacet
  facet normal -0.8735055 0.02859561 0.4859737
    outer loop
      vertex -0.8795922 0.05765152 0.4722222
      vertex -0.8814795 1.079501e-16 0.4722222
      vertex -0.8660254 1.060575e-16 0.5
    endloop
  endfacet
  facet normal -0.8735055 0.02859561 0.4859737
    outer loop
      vertex -0.8795922 0.05765152 0.4722222
      vertex -0.8660254 1.060575e-16 0.5
      vertex -0.8641712 0.05664077 0.5
    endloop
  endfacet
  facet normal -0.8735055 -0.02859561 0.4859737
    outer loop
      vertex -0.8814795 1.079501e-16 0.4722222
      vertex -0.8795922 -0.05765152 0.4722222
      vertex -0.8641712 -0.05664077 0.5
    endloop
  endfacet
  facet normal -0.8735055 -0.02859561 0.4859737
    outer loop
      vertex -0.8814795 1.079501e-16 0.4722222
      vertex -0.8641712 -0.05664077 0.5
      vertex -0.8660254 1.060575e-16 0.5
    endloop
  endfacet
  facet normal -0.869765 -0.08566438 0.4859737
    outer loop
      vertex -0.8795922 -0.05765152 0.4722222
      vertex -0.8739384 -0.1150562 0.4722222
      vertex -0.8586164 -0.113039 0.5
    endloop
  endfacet
  facet normal -0.869765 -0.08566438 0.4859737
    outer loop
      vertex -0.8795922 -0.05765152 0.4722222
      vertex -0.8586164 -0.113039 0.5
      vertex -0.8641712 -0.05664077 0.5
    endloop
  endfacet
  facet normal -0.8623001 -0.1423663 0.4859737
    outer loop
      vertex -0.8739384 -0.1150562 0.4722222
      vertex -0.8645422 -0.1719681 0.4722222
      vertex -0.849385 -0.1689532 0.5
    endloop
  endfacet
  facet normal -0.8623001 -0.1423663 0.4859737
    outer loop
      vertex -0.8739384 -0.1150562 0.4722222
      vertex -0.849385 -0.1689532 0.5
      vertex -0.8586164 -0.113039 0.5
    endloop
  endfacet
  facet normal -0.8511426 -0.1984586 0.4859737
    outer loop
      vertex -0.8645422 -0.1719681 0.4722222
      vertex -0.8514438 -0.2281437 0.4722222
      vertex -0.8365163 -0.2241439 0.5
    endloop
  endfacet
  facet normal -0.8511426 -0.1984586 0.4859737
    outer loop
      vertex -0.8645422 -0.1719681 0.4722222
      vertex -0.8365163 -0.2241439 0.5
      vertex -0.849385 -0.1689532 0.5
    endloop
  endfacet
  facet normal -0.8363404 -0.2537011 0.4859737
    outer loop
      vertex -0.8514438 -0.2281437 0.4722222
      vertex -0.8346995 -0.2833423 0.4722222
      vertex -0.8200655 -0.2783747 0.5
    endloop
  endfacet
  facet normal -0.8363404 -0.2537011 0.4859737
    outer loop
      vertex -0.8514438 -0.2281437 0.4722222
      vertex -0.8200655 -0.2783747 0.5
      vertex -0.8365163 -0.2241439 0.5
    endloop
  endfacet
  facet normal -0.8179569 -0.3078572 0.4859737
    outer loop
      vertex -0.8346995 -0.2833423 0.4722222
      vertex -0.8143809 -0.3373276 0.4722222
      vertex -0.8001031 -0.3314136 0.5
    endloop
  endfacet
  facet normal -0.8179569 -0.3078572 0.4859737
    outer loop
      vertex -0.8346995 -0.2833423 0.4722222
      vertex -0.8001031 -0.3314136 0.5
      vertex -0.8200655 -0.2783747 0.5
    endloop
  endfacet
  facet normal -0.7960708 -0.360695 0.4859737
    outer loop
      vertex -0.8143809 -0.3373276 0.4722222
      vertex -0.790575 -0.3898684 0.4722222
      vertex -0.7767146 -0.3830332 0.5
    endloop
  endfacet
  facet normal -0.7960708 -0.360695 0.4859737
    outer loop
      vertex -0.8143809 -0.3373276 0.4722222
      vertex -0.7767146 -0.3830332 0.5
      vertex -0.8001031 -0.3314136 0.5
    endloop
  endfacet
  facet normal -0.7707758 -0.4119882 0.4859737
    outer loop
      vertex -0.790575 -0.3898684 0.4722222
      vertex -0.7633837 -0.4407398 0.4722222
      vertex -0.75 -0.4330127 0.5
    endloop
  endfacet
  facet normal -0.7707758 -0.4119882 0.4859737
    outer loop
      vertex -0.790575 -0.3898684 0.4722222
      vertex -0.75 -0.4330127 0.5
      vertex -0.7767146 -0.3830332 0.5
    endloop
  endfacet
  facet normal -0.7421801 -0.4615173 0.4859737
    outer loop
      vertex -0.7633837 -0.4407398 0.4722222
      vertex -0.7329234 -0.4897238 0.4722222
      vertex -0.7200738 -0.4811379 0.5
    endloop
  endfacet
  facet normal -0.7421801 -0.4615173 0.4859737
    outer loop
      vertex -0.7633837 -0.4407398 0.4722222
      vertex -0.7200738 -0.4811379 0.5
      vertex -0.75 -0.4330127 0.5
    endloop
  endfacet
  facet normal -0.7104064 -0.50907 0.4859737
    outer loop
      vertex -0.7329234 -0.4897238 0.4722222
      vertex -0.6993247 -0.5366107 0.4722222
      vertex -0.6870641 -0.5272029 0.5
    endloop
  endfacet
  facet normal -0.7104064 -0.50907 0.4859737
    outer loop
      vertex -0.7329234 -0.4897238 0.4722222
      vertex -0.6870641 -0.5272029 0.5
      vertex -0.7200738 -0.4811379 0.5
    endloop
  endfacet
  facet normal -0.6755906 -0.5544429 0.4859737
    outer loop
      vertex -0.6993247 -0.5366107 0.4722222
      vertex -0.6627314 -0.5811998 0.4722222
      vertex -0.6511124 -0.5710102 0.5
    endloop
  endfacet
  facet normal -0.6755906 -0.5544429 0.4859737
    outer loop
      vertex -0.6993247 -0.5366107 0.4722222
      vertex -0.6511124 -0.5710102 0.5
      vertex -0.6870641 -0.5272029 0.5
    endloop
  endfacet
  facet normal -0.6378818 -0.5974415 0.4859737
    outer loop
      vertex -0.6627314 -0.5811998 0.4722222
      vertex -0.6233002 -0.6233002 0.4722222
      vertex -0.6123724 -0.6123724 0.5
    endloop
  endfacet
  facet normal -0.6378818 -0.5974415 0.4859737
    outer loop
      vertex -0.6627314 -0.5811998 0.4722222
      vertex -0.6123724 -0.6123724 0.5
      vertex -0.6511124 -0.5710102 0.5
    endloop
  endfacet
  facet normal -0.5974415 -0.6378818 0.4859737
    outer loop
      vertex -0.6233002 -0.6233002 0.4722222
      vertex -0.5811998 -0.6627314 0.4722222
      vertex -0.5710102 -0.6511124 0.5
    endloop
  endfacet
  facet normal -0.5974415 -0.6378818 0.4859737
    outer loop
      vertex -0.6233002 -0.6233002 0.4722222
      vertex -0.5710102 -0.6511124 0.5
      vertex -0.6123724 -0.6123724 0.5
    endloop
  endfacet
  facet normal -0.5544429 -0.6755906 0.4859737
    outer loop
      vertex -0.5811998 -0.6627314 0.4722222
      vertex -0.5366107 -0.6993247 0.4722222
      vertex -0.5272029 -0.6870641 0.5
    endloop
  endfacet
  facet normal -0.5544429 -0.6755906 0.4859737
    outer loop
      vertex -0.5811998 -0.6627314 0.4722222
      vertex -0.5272029 -0.6870641 0.5
      vertex -0.5710102 -0.6511124 0.5
    endloop
  endfacet
  facet normal -0.50907 -0.7104064 0.4859737
    outer loop
      vertex -0.5366107 -0.6993247 0.4722222
      vertex -0.4897238 -0.7329234 0.4722222
      vertex -0.4811379 -0.7200738 0.5
    endloop
  endfacet
  facet normal -0.50907 -0.7104064 0.4859737
    outer loop
      vertex -0.5366107 -0.6993247 0.4722222
      vertex -0.4811379 -0.7200738 0.5
      vertex -0.5272029 -0.6870641 0.5
    endloop
  endfacet
  facet normal -0.4615173 -0.7421801 0.4859737
    outer loop
      vertex -0.4897238 -0.7329234 0.4722222
      vertex -0.4407398 -0.7633837 0.4722222
      vertex -0.4330127 -0.75 0.5
    endloop
  endfacet
  facet normal -0.4615173 -0.7421801 0.4859737
    outer loop
      vertex -0.4897238 -0.7329234 0.4722222
      vertex -0.4330127 -0.75 0.5
      vertex -0.4811379 -0.7200738 0.5
    endloop
  endfacet
  facet normal -0.4119882 -0.7707758 0.4859737
    outer loop
      vertex -0.4407398 -0.7633837 0.4722222
      vertex -0.3898684 -0.790575 0.4722222
      vertex -0.3830332 -0.7767146 0.5
    endloop
  endfacet
  facet normal -0.4119882 -0.7707758 0.4859737
    outer loop
      vertex -0.4407398 -0.7633837 0.4722222
      vertex -0.3830332 -0.7767146 0.5
      vertex -0.4330127 -0.75 0.5
    endloop
  endfacet
  facet normal -0.360695 -0.7960708 0.4859737
    outer loop
      vertex -0.3898684 -0.790575 0.4722222
      vertex -0.3373276 -0.8143809 0.4722222
      vertex -0.3314136 -0.8001031 0.5
    endloop
  endfacet
  facet normal -0.360695 -0.7960708 0.4859737
    outer loop
      vertex -0.3898684 -0.790575 0.4722222
      vertex -0.3314136 -0.8001031 0.5
      vertex -0.3830332 -0.7767146 0.5
    endloop
  endfacet
  facet normal -0.3078572 -0.8179569 0.4859737
    outer loop
      vertex -0.3373276 -0.8143809 0.4722222
      vertex -0.2833423 -0.8346995 0.4722222
      vertex -0.2783747 -0.8200655 0.5
    endloop
  endfacet
  facet normal -0.3078572 -0.8179569 0.4859737
    outer loop
      vertex -0.3373276 -0.8143809 0.4722222
      vertex -0.2783747 -0.8200655 0.5
      vertex -0.3314136 -0.8001031 0.5
    endloop
  endfacet
  facet normal -0.2537011 -0.8363404 0.4859737
    outer loop
      vertex -0.2833423 -0.8346995 0.4722222
      vertex -0.2281437 -0.8514438 0.4722222
      vertex -0.2241439 -0.8365163 0.5
    endloop
  endfacet
  facet normal -0.2537011 -0.8363404 0.4859737
    outer loop
      vertex -0.2833423 -0.8346995 0.4722222
      vertex -0.2241439 -0.8365163 0.5
      vertex -0.2783747 -0.8200655 0.5
    endloop
  endfacet
  facet normal -0.1984586 -0.8511426 0.4859737
    outer loop
      vertex -0.2281437 -0.8514438 0.4722222
      vertex -0.1719681 -0.8645422 0.4722222
      vertex -0.1689532 -0.849385 0.5
    endloop
  endfacet
  facet normal -0.1984586 -0.8511426 0.4859737
    outer loop
      vertex -0.2281437 -0.8514438 0.4722222
      vertex -0.1689532 -0.849385 0.5
      vertex -0.2241439 -0.8365163 0.5
    endloop
  endfacet
  facet normal -0.1423663 -0.8623001 0.4859737
    outer loop
      vertex -0.1719681 -0.8645422 0.4722222
      vertex -0.1150562 -0.8739384 0.4722222
      vertex -0.113039 -0.8586164 0.5
    endloop
  endfacet
  facet normal -0.1423663 -0.8623001 0.4859737
    outer loop
      vertex -0.1719681 -0.8645422 0.4722222
      vertex -0.113039 -0.8586164 0.5
      vertex -0.1689532 -0.849385 0.5
    endloop
  endfacet
  facet normal -0.08566438 -0.869765 0.4859737
    outer loop
      vertex -0.1150562 -0.8739384 0.4722222
      vertex -0.05765152 -0.8795922 0.4722222
      vertex -0.05664077 -0.8641712 0.5
    endloop
  endfacet
  facet normal -0.08566438 -0.869765 0.4859737
    outer loop
      vertex -0.1150562 -0.8739384 0.4722222
      vertex -0.05664077 -0.8641712 0.5
      vertex -0.113039 -0.8586164 0.5
    endloop
  endfacet
  facet normal -0.02859561 -0.8735055 0.4859737
    outer loop
      vertex -0.05765152 -0.8795922 0.4722222
      vertex -1.619252e-16 -0.8814795 0.4722222
      vertex -1.590863e-16 -0.8660254 0.5
    endloop
  endfacet
  facet normal -0.02859561 -0.8735055 0.4859737
    outer loop
      vertex -0.05765152 -0.8795922 0.4722222
      vertex -1.590863e-16 -0.8660254 0.5
      vertex -0.05664077 -0.8641712 0.5
    endloop
  endfacet
  facet normal 0.02859561 -0.8735055 0.4859737
    outer loop
      vertex -1.619252e-16 -0.8814795 0.4722222
      vertex 0.05765152 -0.8795922 0.4722222
      vertex 0.05664077 -0.8641712 0.5
    endloop
  endfacet
  facet normal 0.02859561 -0.8735055 0.4859737
    outer loop
      vertex -1.619252e-16 -0.8814795 0.4722222
      vertex 0.05664077 -0.8641712 0.5
      vertex -1.590863e-16 -0.8660254 0.5
    endloop
  endfacet
  facet normal 0.08566438 -0.869765 0.4859737
    outer loop
      vertex 0.05765152 -0.8795922 0.4722222
      vertex 0.1150562 -0.8739384 0.4722222
      vertex 0.113039 -0.8586164 0.5
    endloop
  endfacet
  facet normal 0.08566438 -0.869765 0.4859737
    outer loop
      vertex 0.05765152 -0.8795922 0.4722222
      vertex 0.113039 -0.8586164 0.5
      vertex 0.05664077 -0.8641712 0.5
    endloop
  endfacet
  facet normal 0.1423663 -0.8623001 0.4859737
    outer loop
      vertex 0.1150562 -0.8739384 0.4722222
      vertex 0.1719681 -0.8645422 0.4722222
      vertex 0.1689532 -0.849385 0.5
    endloop
  endfacet
  facet normal 0.1423663 -0.8623001 0.4859737
    outer loop
      vertex 0.1150562 -0.8739384 0.4722222
      vertex 0.1689532 -0.849385 0.5
      vertex 0.113039 -0.8586164 0.5
    endloop
  endfacet
  facet normal 0.1984586 -0.8511426 0.4859737
    outer loop
      vertex 0.1719681 -0.8645422 0.4722222
      vertex 0.2281437 -0.8514438 0.4722222
      vertex 0.2241439 -0.8365163 0.5
    endloop
  endfacet
  facet normal 0.1984586 -0.8511426 0.4859737
    outer loop
      vertex 0.1719681 -0.8645422 0.4722222
      vertex 0.2241439 -0.8365163 0.5
      vertex 0.1689532 -0.849385 0.5
    endloop
  endfacet
  facet normal 0.2537011 -0.8363404 0.4859737
    outer loop
      vertex 0.2281437 -0.8514438 0.4722222
      vertex 0.2833423 -0.8346995 0.4722222
      vertex 0.2783747 -0.8200655 0.5
    endloop
  endfacet
  facet normal 0.2537011 -0.8363404 0.4859737
    outer loop
      vertex 0.2281437 -0.8514438 0.4722222
      vertex 0.2783747 -0.8200655 0.5
      vertex 0.2241439 -0.8365163 0.5
    endloop
  endfacet
  facet normal 0.3078572 -0.8179569 0.4859737
    outer loop
      vertex 0.2833423 -0.8346995 0.4722222
      vertex 0.3373276 -0.8143809 0.4722222
      vertex 0.3314136 -0.8001031 0.5
    endloop
  endfacet
  facet normal 0.3078572 -0.8179569 0.4859737
    outer loop
      vertex 0.2833423 -0.8346995 0.4722222
      vertex 0.3314136 -0.8001031 0.5
      vertex 0.2783747 -0.8200655 0.5
    endloop
  endfacet
  facet normal 0.360695 -0.7960708 0.4859737
    outer loop
      vertex 0.3373276 -0.8143809 0.4722222
      vertex 0.3898684 -0.790575 0.4722222
      vertex 0.3830332 -0.7767146 0.5
    endloop
  endfacet
  facet normal 0.360695 -0.7960708 0.4859737
    outer loop
      vertex 0.3373276 -0.8143809 0.4722222
      vertex 0.3830332 -0.7767146 0.5
      vertex 0.3314136 -0.8001031 0.5
    endloop
  endfacet
  facet normal 0.4119882 -0.7707758 0.4859737
    outer loop
      vertex 0.3898684 -0.790575 0.4722222
      vertex 0.4407398 -0.7633837 0.4722222
      vertex 0.4330127 -0.75 0.5
    endloop
  endfacet
  facet normal 0.4119882 -0.7707758 0.4859737
    outer loop
      vertex 0.3898684 -0.790575 0.4722222
      vertex 0.4330127 -0.75 0.5
      vertex 0.3830332 -0.7767146 0.5
    endloop
  endfacet
  facet normal 0.4615173 -0.7421801 0.4859737
    outer loop
      vertex 0.4407398 -0.7633837 0.4722222
      vertex 0.4897238 -0.7329234 0.4722222
      vertex 0.4811379 -0.7200738 0.5
    endloop
  endfacet
  facet normal 0.4615173 -0.7421801 0.4859737
    outer loop
      vertex 0.4407398 -0.7633837 0.4722222
      vertex 0.4811379 -0.7200738 0.5
      vertex 0.4330127 -0.75 0.5
    endloop
  endfacet
  facet normal 0.50907 -0.7104064 0.4859737
    outer loop
      vertex 0.4897238 -0.7329234 0.4722222
      vertex 0.5366107 -0.6993247 0.4722222
      vertex 0.5272029 -0.6870641 0.5
    endloop
  endfacet
  facet normal 0.50907 -0.7104064 0.4859737
    outer loop
      vertex 0.4897238 -0.7329234 0.4722222
      vertex 0.5272029 -0.6870641 0.5
      vertex 0.4811379 -0.7200738 0.5
    endloop
  endfacet
  facet normal 0.5544429 -0.6755906 0.4859737
    outer loop
      vertex 0.5366107 -0.6993247 0.4722222
      vertex 0.5811998 -0.6627314 0.4722222
      vertex 0.5710102 -0.6511124 0.5
    endloop
  endfacet
  facet normal 0.5544429 -0.6755906 0.4859737
    outer loop
      vertex 0.5366107 -0.6993247 0.4722222
      vertex 0.5710102 -0.6511124 0.5
      vertex 0.5272029 -0.6870641 0.5
    endloop
  endfacet
  facet normal 0.5974415 -0.6378818 0.4859737
    outer loop
      vertex 0.5811998 -0.6627314 0.4722222
      vertex 0.6233002 -0.6233002 0.4722222
      vertex 0.6123724 -0.6123724 0.5
    endloop
  endfacet
  facet normal 0.5974415 -0.6378818 0.4859737
    outer loop
      vertex 0.5811998 -0.6627314 0.4722222
      vertex 0.6123724 -0.6123724 0.5
      vertex 0.5710102 -0.6511124 0.5
    endloop
  endfacet
  facet normal 0.6378818 -0.5974415 0.4859737
    outer loop
      vertex 0.6233002 -0.6233002 0.4722222
      vertex 0.6627314 -0.5811998 0.4722222
      vertex 0.6511124 -0.5710102 0.5
    endloop
  endfacet
  facet normal 0.6378818 -0.5974415 0.4859737
    outer loop
      vertex 0.6233002 -0.6233002 0.4722222
      vertex 0.6511124 -0.5710102 0.5
      vertex 0.6123724 -0.6123724 0.5
    endloop
  endfacet
  facet normal 0.6755906 -0.5544429 0.4859737
    outer loop
      vertex 0.6627314 -0.5811998 0.4722222
      vertex 0.6993247 -0.5366107 0.4722222
      vertex 0.6870641 -0.5272029 0.5
    endloop
  endfacet
  facet normal 0.6755906 -0.5544429 0.4859737
    outer loop
      vertex 0.6627314 -0.5811998 0.4722222
      vertex 0.6870641 -0.5272029 0.5
      vertex 0.6511124 -0.5710102 0.5
    endloop
  endfacet
  facet normal 0.7104064 -0.50907 0.4859737
    outer loop
      vertex 0.6993247 -0.5366107 0.4722222
      vertex 0.7329234 -0.4897238 0.4722222
      vertex 0.7200738 -0.4811379 0.5
    endloop
  endfacet
  facet normal 0.7104064 -0.50907 0.4859737
    outer loop
      vertex 0.6993247 -0.5366107 0.4722222
      vertex 0.7200738 -0.4811379 0.5
      vertex 0.6870641 -0.5272029 0.5
    endloop
  endfacet
  facet normal 0.7421801 -0.4615173 0.4859737
    outer loop
      vertex 0.7329234 -0.4897238 0.4722222
      vertex 0.7633837 -0.4407398 0.4722222
      vertex 0.75 -0.4330127 0.5
    endloop
  endfacet
  facet normal 0.7421801 -0.4615173 0.4859737
    outer loop
      vertex 0.7329234 -0.4897238 0.4722222
      vertex 0.75 -0.4330127 0.5
      vertex 0.7200738 -0.4811379 0.5
    endloop
  endfacet
  facet normal 0.7707758 -0.4119882 0.4859737
    outer loop
      vertex 0.7633837 -0.4407398 0.4722222
      vertex 0.790575 -0.3898684 0.4722222
      vertex 0.7767146 -0.3830332 0.5
    endloop
  endfacet
  facet normal 0.7707758 -0.4119882 0.4859737
    outer loop
      vertex 0.7633837 -0.4407398 0.4722222
      vertex 0.7767146 -0.3830332 0.5
      vertex 0.75 -0.4330127 0.5
    endloop
  endfacet
  facet normal 0.7960708 -0.360695 0.4859737
    outer loop
      vertex 0.790575 -0.3898684 0.4722222
      vertex 0.8143809 -0.3373276 0.4722222
      vertex 0.8001031 -0.3314136 0.5
    endloop
  endfacet
  facet normal 0.7960708 -0.360695 0.4859737
    outer loop
      vertex 0.790575 -0.3898684 0.4722222
      vertex 0.8001031 -0.3314136 0.5
      vertex 0.7767146 -0.3830332 0.5
    endloop
  endfacet
  facet normal 0.8179569 -0.3078572 0.4859737
    outer loop
      vertex 0.8143809 -0.3373276 0.4722222
      vertex 0.8346995 -0.2833423 0.4722222
      vertex 0.8200655 -0.2783747 0.5
    endloop
  endfacet
  facet normal 0.8179569 -0.3078572 0.4859737
    outer loop
      vertex 0.8143809 -0.3373276 0.4722222
      vertex 0.8200655 -0.2783747 0.5
      vertex 0.8001031 -0.3314136 0.5
    endloop
  endfacet
  facet normal 0.8363404 -0.2537011 0.4859737
    outer loop
      vertex 0.8346995 -0.2833423 0.4722222
      vertex 0.8514438 -0.2281437 0.4722222
      vertex 0.8365163 -0.2241439 0.5
    endloop
  endfacet
  facet normal 0.8363404 -0.2537011 0.4859737
    outer loop
      vertex 0.8346995 -0.2833423 0.4722222
      vertex 0.8365163 -0.2241439 0.5
      vertex 0.8200655 -0.2783747 0.5
    endloop
  endfacet
  facet normal 0.8511426 -0.1984586 0.4859737
    outer loop
      vertex 0.8514438 -0.2281437 0.4722222
      vertex 0.8645422 -0.1719681 0.4722222
      vertex 0.849385 -0.1689532 0.5
    endloop
  endfacet
  facet normal 0.8511426 -0.1984586 0.4859737
    outer loop
      vertex 0.8514438 -0.2281437 0.4722222
      vertex 0.849385 -0.1689532 0.5
      vertex 0.8365163 -0.2241439 0.5
    endloop
  endfacet
  facet normal 0.8623001 -0.1423663 0.4859737
    outer loop
      vertex 0.8645422 -0.1719681 0.4722222
      vertex 0.8739384 -0.1150562 0.4722222
      vertex 0.8586164 -0.113039 0.5
    endloop
  endfacet
  facet normal 0.8623001 -0.1423663 0.4859737
    outer loop
      vertex 0.8645422 -0.1719681 0.4722222
      vertex 0.8586164 -0.113039 0.5
      vertex 0.849385 -0.1689532 0.5
    endloop
  endfacet
  facet normal 0.869765 -0.08566438 0.4859737
    outer loop
      vertex 0.8739384 -0.1150562 0.4722222
      vertex 0.8795922 -0.05765152 0.4722222
      vertex 0.8641712 -0.05664077 0.5
    endloop
  endfacet
  facet normal 0.869765 -0.08566438 0.4859737
    outer loop
      vertex 0.8739384 -0.1150562 0.4722222
      vertex 0.8641712 -0.05664077 0.5
      vertex 0.8586164 -0.113039 0.5
    endloop
  endfacet
  facet normal 0.8735055 -0.02859561 0.4859737
    outer loop
      vertex 0.8795922 -0.05765152 0.4722222
      vertex 0.8814795 0 0.4722222
      vertex 0.8660254 0 0.5
    endloop
  endfacet
  facet normal 0.8735055 -0.02859561 0.4859737
    outer loop
      vertex 0.8795922 -0.05765152 0.4722222
      vertex 0.8660254 0 0.5
      vertex 0.8641712 -0.05664077 0.5
    endloop
  endfacet
  facet normal 0.8574784 0.02807093 0.5137537
    outer loop
      vertex 0.8660254 0 0.5
      vertex 0.8641712 0.05664077 0.5
      vertex 0.8475639 0.05555227 0.5277778
    endloop
  endfacet
  facet normal 0.8574784 0.02807093 0.5137537
    outer loop
      vertex 0.8660254 0 0.5
      vertex 0.8475639 0.05555227 0.5277778
      vertex 0.8493825 0 0.5277778
    endloop
  endfacet
  facet normal 0.8538065 0.0840926 0.5137537
    outer loop
      vertex 0.8641712 0.05664077 0.5
      vertex 0.8586164 0.113039 0.5
      vertex 0.8421159 0.1108667 0.5277778
    endloop
  endfacet
  facet normal 0.8538065 0.0840926 0.5137537
    outer loop
      vertex 0.8641712 0.05664077 0.5
      vertex 0.8421159 0.1108667 0.5277778
      vertex 0.8475639 0.05555227 0.5277778
    endloop
  endfacet
  facet normal 0.8464785 0.1397542 0.5137537
    outer loop
      vertex 0.8586164 0.113039 0.5
      vertex 0.849385 0.1689532 0.5
      vertex 0.8330618 0.1657063 0.5277778
    endloop
  endfacet
  facet normal 0.8464785 0.1397542 0.5137537
    outer loop
      vertex 0.8586164 0.113039 0.5
      vertex 0.8330618 0.1657063 0.5277778
      vertex 0.8421159 0.1108667 0.5277778
    endloop
  endfacet
  facet normal 0.8355258 0.1948173 0.5137537
    outer loop
      vertex 0.849385 0.1689532 0.5
      vertex 0.8365163 0.2241439 0.5
      vertex 0.8204405 0.2198364 0.5277778
    endloop
  endfacet
  facet normal 0.8355258 0.1948173 0.5137537
    outer loop
      vertex 0.849385 0.1689532 0.5
      vertex 0.8204405 0.2198364 0.5277778
      vertex 0.8330618 0.1657063 0.5277778
    endloop
  endfacet
  facet normal 0.8209952 0.2490462 0.5137537
    outer loop
      vertex 0.8365163 0.2241439 0.5
      vertex 0.8200655 0.2783747 0.5
      vertex 0.8043059 0.2730251 0.5277778
    endloop
  endfacet
  facet normal 0.8209952 0.2490462 0.5137537
    outer loop
      vertex 0.8365163 0.2241439 0.5
      vertex 0.8043059 0.2730251 0.5277778
      vertex 0.8204405 0.2198364 0.5277778
    endloop
  endfacet
  facet normal 0.802949 0.3022086 0.5137537
    outer loop
      vertex 0.8200655 0.2783747 0.5
      vertex 0.8001031 0.3314136 0.5
      vertex 0.7847271 0.3250446 0.5277778
    endloop
  endfacet
  facet normal 0.802949 0.3022086 0.5137537
    outer loop
      vertex 0.8200655 0.2783747 0.5
      vertex 0.7847271 0.3250446 0.5277778
      vertex 0.8043059 0.2730251 0.5277778
    endloop
  endfacet
  facet normal 0.7814644 0.3540769 0.5137537
    outer loop
      vertex 0.8001031 0.3314136 0.5
      vertex 0.7767146 0.3830332 0.5
      vertex 0.761788 0.3756723 0.5277778
    endloop
  endfacet
  facet normal 0.7814644 0.3540769 0.5137537
    outer loop
      vertex 0.8001031 0.3314136 0.5
      vertex 0.761788 0.3756723 0.5277778
      vertex 0.7847271 0.3250446 0.5277778
    endloop
  endfacet
  facet normal 0.7566335 0.404429 0.5137537
    outer loop
      vertex 0.7767146 0.3830332 0.5
      vertex 0.75 0.4330127 0.5
      vertex 0.7355868 0.4246912 0.5277778
    endloop
  endfacet
  facet normal 0.7566335 0.404429 0.5137537
    outer loop
      vertex 0.7767146 0.3830332 0.5
      vertex 0.7355868 0.4246912 0.5277778
      vertex 0.761788 0.3756723 0.5277778
    endloop
  endfacet
  facet normal 0.7285626 0.4530493 0.5137537
    outer loop
      vertex 0.75 0.4330127 0.5
      vertex 0.7200738 0.4811379 0.5
      vertex 0.7062357 0.4718916 0.5277778
    endloop
  endfacet
  facet normal 0.7285626 0.4530493 0.5137537
    outer loop
      vertex 0.75 0.4330127 0.5
      vertex 0.7062357 0.4718916 0.5277778
      vertex 0.7355868 0.4246912 0.5277778
    endloop
  endfacet
  facet normal 0.6973718 0.4997296 0.5137537
    outer loop
      vertex 0.7200738 0.4811379 0.5
      vertex 0.6870641 0.5272029 0.5
      vertex 0.6738604 0.5170713 0.5277778
    endloop
  endfacet
  facet normal 0.6973718 0.4997296 0.5137537
    outer loop
      vertex 0.7200738 0.4811379 0.5
      vertex 0.6738604 0.5170713 0.5277778
      vertex 0.7062357 0.4718916 0.5277778
    endloop
  endfacet
  facet normal 0.6631948 0.5442699 0.5137537
    outer loop
      vertex 0.6870641 0.5272029 0.5
      vertex 0.6511124 0.5710102 0.5
      vertex 0.6385996 0.5600368 0.5277778
    endloop
  endfacet
  facet normal 0.6631948 0.5442699 0.5137537
    outer loop
      vertex 0.6870641 0.5272029 0.5
      vertex 0.6385996 0.5600368 0.5277778
      vertex 0.6738604 0.5170713 0.5277778
    endloop
  endfacet
  facet normal 0.6261779 0.5864796 0.5137537
    outer loop
      vertex 0.6511124 0.5710102 0.5
      vertex 0.6123724 0.6123724 0.5
      vertex 0.6006041 0.6006041 0.5277778
    endloop
  endfacet
  facet normal 0.6261779 0.5864796 0.5137537
    outer loop
      vertex 0.6511124 0.5710102 0.5
      vertex 0.6006041 0.6006041 0.5277778
      vertex 0.6385996 0.5600368 0.5277778
    endloop
  endfacet
  facet normal 0.5864796 0.6261779 0.5137537
    outer loop
      vertex 0.6123724 0.6123724 0.5
      vertex 0.5710102 0.6511124 0.5
      vertex 0.5600368 0.6385996 0.5277778
    endloop
  endfacet
  facet normal 0.5864796 0.6261779 0.5137537
    outer loop
      vertex 0.6123724 0.6123724 0.5
      vertex 0.5600368 0.6385996 0.5277778
      vertex 0.6006041 0.6006041 0.5277778
    endloop
  endfacet
  facet normal 0.5442699 0.6631948 0.5137537
    outer loop
      vertex 0.5710102 0.6511124 0.5
      vertex 0.5272029 0.6870641 0.5
      vertex 0.5170713 0.6738604 0.5277778
    endloop
  endfacet
  facet normal 0.5442699 0.6631948 0.5137537
    outer loop
      vertex 0.5710102 0.6511124 0.5
      vertex 0.5170713 0.6738604 0.5277778
      vertex 0.5600368 0.6385996 0.5277778
    endloop
  endfacet
  facet normal 0.4997296 0.6973718 0.5137537
    outer loop
      vertex 0.5272029 0.6870641 0.5
      vertex 0.4811379 0.7200738 0.5
      vertex 0.4718916 0.7062357 0.5277778
    endloop
  endfacet
  facet normal 0.4997296 0.6973718 0.5137537
    outer loop
      vertex 0.5272029 0.6870641 0.5
      vertex 0.4718916 0.7062357 0.5277778
      vertex 0.5170713 0.6738604 0.5277778
    endloop
  endfacet
  facet normal 0.4530493 0.7285626 0.5137537
    outer loop
      vertex 0.4811379 0.7200738 0.5
      vertex 0.4330127 0.75 0.5
      vertex 0.4246912 0.7355868 0.5277778
    endloop
  endfacet
  facet normal 0.4530493 0.7285626 0.5137537
    outer loop
      vertex 0.4811379 0.7200738 0.5
      vertex 0.4246912 0.7355868 0.5277778
      vertex 0.4718916 0.7062357 0.5277778
    endloop
  endfacet
  facet normal 0.404429 0.7566335 0.5137537
    outer loop
      vertex 0.4330127 0.75 0.5
      vertex 0.3830332 0.7767146 0.5
      vertex 0.3756723 0.761788 0.5277778
    endloop
  endfacet
  facet normal 0.404429 0.7566335 0.5137537
    outer loop
      vertex 0.4330127 0.75 0.5
      vertex 0.3756723 0.761788 0.5277778
      vertex 0.4246912 0.7355868 0.5277778
    endloop
  endfacet
  facet normal 0.3540769 0.7814644 0.5137537
    outer loop
      vertex 0.3830332 0.7767146 0.5
      vertex 0.3314136 0.8001031 0.5
      vertex 0.3250446 0.7847271 0.5277778
    endloop
  endfacet
  facet normal 0.3540769 0.7814644 0.5137537
    outer loop
      vertex 0.3830332 0.7767146 0.5
      vertex 0.3250446 0.7847271 0.5277778
      vertex 0.3756723 0.761788 0.5277778
    endloop
  endfacet
  facet normal 0.3022086 0.802949 0.5137537
    outer loop
      vertex 0.3314136 0.8001031 0.5
      vertex 0.2783747 0.8200655 0.5
      vertex 0.2730251 0.8043059 0.5277778
    endloop
  endfacet
  facet normal 0.3022086 0.802949 0.5137537
    outer loop
      vertex 0.3314136 0.8001031 0.5
      vertex 0.2730251 0.8043059 0.5277778
      vertex 0.3250446 0.7847271 0.5277778
    endloop
  endfacet
  facet normal 0.2490462 0.8209952 0.5137537
    outer loop
      vertex 0.2783747 0.8200655 0.5
      vertex 0.2241439 0.8365163 0.5
      vertex 0.2198364 0.8204405 0.5277778
    endloop
  endfacet
  facet normal 0.2490462 0.8209952 0.5137537
    outer loop
      vertex 0.2783747 0.8200655 0.5
      vertex 0.2198364 0.8204405 0.5277778
      vertex 0.2730251 0.8043059 0.5277778
    endloop
  endfacet
  facet normal 0.1948173 0.8355258 0.5137537
    outer loop
      vertex 0.2241439 0.8365163 0.5
      vertex 0.1689532 0.849385 0.5
      vertex 0.1657063 0.8330618 0.5277778
    endloop
  endfacet
  facet normal 0.1948173 0.8355258 0.5137537
    outer loop
      vertex 0.2241439 0.8365163 0.5
      vertex 0.1657063 0.8330618 0.5277778
      vertex 0.2198364 0.8204405 0.5277778
    endloop
  endfacet
  facet normal 0.1397542 0.8464785 0.5137537
    outer loop
      vertex 0.1689532 0.849385 0.5
      vertex 0.113039 0.8586164 0.5
      vertex 0.1108667 0.8421159 0.5277778
    endloop
  endfacet
  facet normal 0.1397542 0.8464785 0.5137537
    outer loop
      vertex 0.1689532 0.849385 0.5
      vertex 0.1108667 0.8421159 0.5277778
      vertex 0.1657063 0.8330618 0.5277778
    endloop
  endfacet
  facet normal 0.0840926 0.8538065 0.5137537
    outer loop
      vertex 0.113039 0.8586164 0.5
      vertex 0.05664077 0.8641712 0.5
      vertex 0.05555227 0.8475639 0.5277778
    endloop
  endfacet
  facet normal 0.0840926 0.8538065 0.5137537
    outer loop
      vertex 0.113039 0.8586164 0.5
      vertex 0.05555227 0.8475639 0.5277778
      vertex 0.1108667 0.8421159 0.5277778
    endloop
  endfacet
  facet normal 0.02807093 0.8574784 0.5137537
    outer loop
      vertex 0.05664077 0.8641712 0.5
      vertex 5.302876e-17 0.8660254 0.5
      vertex 5.200968e-17 0.8493825 0.5277778
    endloop
  endfacet
  facet normal 0.02807093 0.8574784 0.5137537
    outer loop
      vertex 0.05664077 0.8641712 0.5
      vertex 5.200968e-17 0.8493825 0.5277778
      vertex 0.05555227 0.8475639 0.5277778
    endloop
  endfacet
  facet normal -0.02807093 0.8574784 0.5137537
    outer loop
      vertex 5.302876e-17 0.8660254 0.5
      vertex -0.05664077 0.8641712 0.5
      vertex -0.05555227 0.8475639 0.5277778
    endloop
  endfacet
  facet normal -0.02807093 0.8574784 0.5137537
    outer loop
      vertex 5.302876e-17 0.8660254 0.5
      vertex -0.05555227 0.8475639 0.5277778
      vertex 5.200968e-17 0.8493825 0.5277778
    endloop
  endfacet
  facet normal -0.0840926 0.8538065 0.5137537
    outer loop
      vertex -0.05664077 0.8641712 0.5
      vertex -0.113039 0.8586164 0.5
      vertex -0.1108667 0.8421159 0.5277778
    endloop
  endfacet
  facet normal -0.0840926 0.8538065 0.5137537
    outer loop
      vertex -0.05664077 0.8641712 0.5
      vertex -0.1108667 0.8421159 0.5277778
      vertex -0.05555227 0.8475639 0.5277778
    endloop
  endfacet
  facet normal -0.1397542 0.8464785 0.5137537
    outer loop
      vertex -0.113039 0.8586164 0.5
      vertex -0.1689532 0.849385 0.5
      vertex -0.1657063 0.8330618 0.5277778
    endloop
  endfacet
  facet normal -0.1397542 0.8464785 0.5137537
    outer loop
      vertex -0.113039 0.8586164 0.5
      vertex -0.1657063 0.8330618 0.5277778
      vertex -0.1108667 0.8421159 0.5277778
    endloop
  endfacet
  facet normal -0.1948173 0.8355258 0.5137537
    outer loop
      vertex -0.1689532 0.849385 0.5
      vertex -0.2241439 0.8365163 0.5
      vertex -0.2198364 0.8204405 0.5277778
    endloop
  endfacet
  facet normal -0.1948173 0.8355258 0.5137537
    outer loop
      vertex -0.1689532 0.849385 0.5
      vertex -0.2198364 0.8204405 0.5277778
      vertex -0.1657063 0.8330618 0.5277778
    endloop
  endfacet
  facet normal -0.2490462 0.8209952 0.5137537
    outer loop
      vertex -0.2241439 0.8365163 0.5
      vertex -0.2783747 0.8200655 0.5
      vertex -0.2730251 0.8043059 0.5277778
    endloop
  endfacet
  facet normal -0.2490462 0.8209952 0.5137537
    outer loop
      vertex -0.2241439 0.8365163 0.5
      vertex -0.2730251 0.8043059 0.5277778
      vertex -0.2198364 0.8204405 0.5277778
    endloop
  endfacet
  facet normal -0.3022086 0.802949 0.5137537
    outer loop
      vertex -0.2783747 0.8200655 0.5
      vertex -0.3314136 0.8001031 0.5
      vertex -0.3250446 0.7847271 0.5277778
    endloop
  endfacet
  facet normal -0.3022086 0.802949 0.5137537
    outer loop
      vertex -0.2783747 0.8200655 0.5
      vertex -0.3250446 0.7847271 0.5277778
      vertex -0.2730251 0.8043059 0.5277778
    endloop
  endfacet
  facet normal -0.3540769 0.7814644 0.5137537
    outer loop
      vertex -0.3314136 0.8001031 0.5
      vertex -0.3830332 0.7767146 0.5
      vertex -0.3756723 0.761788 0.5277778
    endloop
  endfacet
  facet normal -0.3540769 0.7814644 0.5137537
    outer loop
      vertex -0.3314136 0.8001031 0.5
      vertex -0.3756723 0.761788 0.5277778
      vertex -0.3250446 0.7847271 0.5277778
    endloop
  endfacet
  facet normal -0.404429 0.7566335 0.5137537
    outer loop
      vertex -0.3830332 0.7767146 0.5
      vertex -0.4330127 0.75 0.5
      vertex -0.4246912 0.7355868 0.5277778
    endloop
  endfacet
  facet normal -0.404429 0.7566335 0.5137537
    outer loop
      vertex -0.3830332 0.7767146 0.5
      vertex -0.4246912 0.7355868 0.5277778
      vertex -0.3756723 0.761788 0.5277778
    endloop
  endfacet
  facet normal -0.4530493 0.7285626 0.5137537
    outer loop
      vertex -0.4330127 0.75 0.5
      vertex -0.4811379 0.7200738 0.5
      vertex -0.4718916 0.7062357 0.5277778
    endloop
  endfacet
  facet normal -0.4530493 0.7285626 0.5137537
    outer loop
      vertex -0.4330127 0.75 0.5
      vertex -0.4718916 0.7062357 0.5277778
      vertex -0.4246912 0.7355868 0.5277778
    endloop
  endfacet
  facet normal -0.4997296 0.6973718 0.5137537
    outer loop
      vertex -0.4811379 0.7200738 0.5
      vertex -0.5272029 0.6870641 0.5
      vertex -0.5170713 0.6738604 0.5277778
    endloop
  endfacet
  facet normal -0.4997296 0.6973718 0.5137537
    outer loop
      vertex -0.4811379 0.7200738 0.5
      vertex -0.5170713 0.6738604 0.5277778
      vertex -0.4718916 0.7062357 0.5277778
    endloop
  endfacet
  facet normal -0.5442699 0.6631948 0.5137537
    outer loop
      vertex -0.5272029 0.6870641 0.5
      vertex -0.5710102 0.6511124 0.5
      vertex -0.5600368 0.6385996 0.5277778
    endloop
  endfacet
  facet normal -0.5442699 0.6631948 0.5137537
    outer loop
      vertex -0.5272029 0.6870641 0.5
      vertex -0.5600368 0.6385996 0.5277778
      vertex -0.5170713 0.6738604 0.5277778
    endloop
  endfacet
  facet normal -0.5864796 0.6261779 0.5137537
    outer loop
      vertex -0.5710102 0.6511124 0.5
      vertex -0.6123724 0.6123724 0.5
      vertex -0.6006041 0.6006041 0.5277778
    endloop
  endfacet
  facet normal -0.5864796 0.6261779 0.5137537
    outer loop
      vertex -0.5710102 0.6511124 0.5
      vertex -0.6006041 0.6006041 0.5277778
      vertex -0.5600368 0.6385996 0.5277778
    endloop
  endfacet
  facet normal -0.6261779 0.5864796 0.5137537
    outer loop
      vertex -0.6123724 0.6123724 0.5
      vertex -0.6511124 0.5710102 0.5
      vertex -0.6385996 0.5600368 0.5277778
    endloop
  endfacet
  facet normal -0.6261779 0.5864796 0.5137537
    outer loop
      vertex -0.6123724 0.6123724 0.5
      vertex -0.6385996 0.5600368 0.5277778
      vertex -0.6006041 0.6006041 0.5277778
    endloop
  endfacet
  facet normal -0.6631948 0.5442699 0.5137537
    outer loop
      vertex -0.6511124 0.5710102 0.5
      vertex -0.6870641 0.5272029 0.5
      vertex -0.6738604 0.5170713 0.5277778
    endloop
  endfacet
  facet normal -0.6631948 0.5442699 0.5137537
    outer loop
      vertex -0.6511124 0.5710102 0.5
      vertex -0.6738604 0.5170713 0.5277778
      vertex -0.6385996 0.5600368 0.5277778
    endloop
  endfacet
  facet normal -0.6973718 0.4997296 0.5137537
    outer loop
      vertex -0.6870641 0.5272029 0.5
      vertex -0.7200738 0.4811379 0.5
      vertex -0.7062357 0.4718916 0.5277778
    endloop
  endfacet
  facet normal -0.6973718 0.4997296 0.5137537
    outer loop
      vertex -0.6870641 0.5272029 0.5
      vertex -0.7062357 0.4718916 0.5277778
      vertex -0.6738604 0.5170713 0.5277778
    endloop
  endfacet
  facet normal -0.7285626 0.4530493 0.5137537
    outer loop
      vertex -0.7200738 0.4811379 0.5
      vertex -0.75 0.4330127 0.5
      vertex -0.7355868 0.4246912 0.5277778
    endloop
  endfacet
  facet normal -0.7285626 0.4530493 0.5137537
    outer loop
      vertex -0.7200738 0.4811379 0.5
      vertex -0.7355868 0.4246912 0.5277778
      vertex -0.7062357 0.4718916 0.5277778
    endloop
  endfacet
  facet normal -0.7566335 0.404429 0.5137537
    outer loop
      vertex -0.75 0.4330127 0.5
      vertex -0.7767146 0.3830332 0.5
      vertex -0.761788 0.3756723 0.5277778
    endloop
  endfacet
  facet normal -0.7566335 0.404429 0.5137537
    outer loop
      vertex -0.75 0.4330127 0.5
      vertex -0.761788 0.3756723 0.5277778
      vertex -0.7355868 0.4246912 0.5277778
    endloop
  endfacet
  facet normal -0.7814644 0.3540769 0.5137537
    outer loop
      vertex -0.7767146 0.3830332 0.5
      vertex -0.8001031 0.3314136 0.5
      vertex -0.7847271 0.3250446 0.5277778
    endloop
  endfacet
  facet normal -0.7814644 0.3540769 0.5137537
    outer loop
      vertex -0.7767146 0.3830332 0.5
      vertex -0.7847271 0.3250446 0.5277778
      vertex -0.761788 0.3756723 0.5277778
    endloop
  endfacet
  facet normal -0.802949 0.3022086 0.5137537
    outer loop
      vertex -0.8001031 0.3314136 0.5
      vertex -0.8200655 0.2783747 0.5
      vertex -0.8043059 0.2730251 0.5277778
    endloop
  endfacet
  facet normal -0.802949 0.3022086 0.5137537
    outer loop
      vertex -0.8001031 0.3314136 0.5
      vertex -0.8043059 0.2730251 0.5277778
      vertex -0.7847271 0.3250446 0.5277778
    endloop
  endfacet
  facet normal -0.8209952 0.2490462 0.5137537
    outer loop
      vertex -0.8200655 0.2783747 0.5
      vertex -0.8365163 0.2241439 0.5
      vertex -0.8204405 0.2198364 0.5277778
    endloop
  endfacet
  facet normal -0.8209952 0.2490462 0.5137537
    outer loop
      vertex -0.8200655 0.2783747 0.5
      vertex -0.8204405 0.2198364 0.5277778
      vertex -0.8043059 0.2730251 0.5277778
    endloop
  endfacet
  facet normal -0.8355258 0.1948173 0.5137537
    outer loop
      vertex -0.8365163 0.2241439 0.5
      vertex -0.849385 0.1689532 0.5
      vertex -0.8330618 0.1657063 0.5277778
    endloop
  endfacet
  facet normal -0.8355258 0.1948173 0.5137537
    outer loop
      vertex -0.8365163 0.2241439 0.5
      vertex -0.8330618 0.1657063 0.5277778
      vertex -0.8204405 0.2198364 0.5277778
    endloop
  endfacet
  facet normal -0.8464785 0.1397542 0.5137537
    outer loop
      vertex -0.849385 0.1689532 0.5
      vertex -0.8586164 0.113039 0.5
      vertex -0.8421159 0.1108667 0.5277778
    endloop
  endfacet
  facet normal -0.8464785 0.1397542 0.5137537
    outer loop
      vertex -0.849385 0.1689532 0.5
      vertex -0.8421159 0.1108667 0.5277778
      vertex -0.8330618 0.1657063 0.5277778
    endloop
  endfacet
  facet normal -0.8538065 0.0840926 0.5137537
    outer loop
      vertex -0.8586164 0.113039 0.5
      vertex -0.8641712 0.05664077 0.5
      vertex -0.8475639 0.05555227 0.5277778
    endloop
  endfacet
  facet normal -0.8538065 0.0840926 0.5137537
    outer loop
      vertex -0.8586164 0.113039 0.5
      vertex -0.8475639 0.05555227 0.5277778
      vertex -0.8421159 0.1108667 0.5277778
    endloop
  endfacet
  facet normal -0.8574784 0.02807093 0.5137537
    outer loop
      vertex -0.8641712 0.05664077 0.5
      vertex -0.8660254 1.060575e-16 0.5
      vertex -0.8493825 1.040194e-16 0.5277778
    endloop
  endfacet
  facet normal -0.8574784 0.02807093 0.5137537
    outer loop
      vertex -0.8641712 0.05664077 0.5
      vertex -0.8493825 1.040194e-16 0.5277778
      vertex -0.8475639 0.05555227 0.5277778
    endloop
  endfacet
  facet normal -0.8574784 -0.02807093 0.5137537
    outer loop
      vertex -0.8660254 1.060575e-16 0.5
      vertex -0.8641712 -0.05664077 0.5
      vertex -0.8475639 -0.05555227 0.5277778
    endloop
  endfacet
  facet normal -0.8574784 -0.02807093 0.5137537
    outer loop
      vertex -0.8660254 1.060575e-16 0.5
      vertex -0.8475639 -0.05555227 0.5277778
      vertex -0.8493825 1.040194e-16 0.5277778
    endloop
  endfacet
  facet normal -0.8538065 -0.0840926 0.5137537
    outer loop
      vertex -0.8641712 -0.05664077 0.5
      vertex -0.8586164 -0.113039 0.5
      vertex -0.8421159 -0.1108667 0.5277778
    endloop
  endfacet
  facet normal -0.8538065 -0.0840926 0.5137537
    outer loop
      vertex -0.8641712 -0.05664077 0.5
      vertex -0.8421159 -0.1108667 0.5277778
      vertex -0.8475639 -0.05555227 0.5277778
    endloop
  endfacet
  facet normal -0.8464785 -0.1397542 0.5137537
    outer loop
      vertex -0.8586164 -0.113039 0.5
      vertex -0.849385 -0.1689532 0.5
      vertex -0.8330618 -0.1657063 0.5277778
    endloop
  endfacet
  facet normal -0.8464785 -0.1397542 0.5137537
    outer loop
      vertex -0.8586164 -0.113039 0.5
      vertex -0.8330618 -0.1657063 0.5277778
      vertex -0.8421159 -0.1108667 0.5277778
    endloop
  endfacet
  facet normal -0.8355258 -0.1948173 0.5137537
    outer loop
      vertex -0.849385 -0.1689532 0.5
      vertex -0.8365163 -0.2241439 0.5
      vertex -0.8204405 -0.2198364 0.5277778
    endloop
  endfacet
  facet normal -0.8355258 -0.1948173 0.5137537
    outer loop
      vertex -0.849385 -0.1689532 0.5
      vertex -0.8204405 -0.2198364 0.5277778
      vertex -0.8330618 -0.1657063 0.5277778
    endloop
  endfacet
  facet normal -0.8209952 -0.2490462 0.5137537
    outer loop
      vertex -0.8365163 -0.2241439 0.5
      vertex -0.8200655 -0.2783747 0.5
      vertex -0.8043059 -0.2730251 0.5277778
    endloop
  endfacet
  facet normal -0.8209952 -0.2490462 0.5137537
    outer loop
      vertex -0.8365163 -0.2241439 0.5
      vertex -0.8043059 -0.2730251 0.5277778
      vertex -0.8204405 -0.2198364 0.5277778
    endloop
  endfacet
  facet normal -0.802949 -0.3022086 0.5137537
    outer loop
      vertex -0.8200655 -0.2783747 0.5
      vertex -0.8001031 -0.3314136 0.5
      vertex -0.7847271 -0.3250446 0.5277778
    endloop
  endfacet
  facet normal -0.802949 -0.3022086 0.5137537
    outer loop
      vertex -0.8200655 -0.2783747 0.5
      vertex -0.7847271 -0.3250446 0.5277778
      vertex -0.8043059 -0.2730251 0.5277778
    endloop
  endfacet
  facet normal -0.7814644 -0.3540769 0.5137537
    outer loop
      vertex -0.8001031 -0.3314136 0.5
      vertex -0.7767146 -0.3830332 0.5
      vertex -0.761788 -0.3756723 0.5277778
    endloop
  endfacet
  facet normal -0.7814644 -0.3540769 0.5137537
    outer loop
      vertex -0.8001031 -0.3314136 0.5
      vertex -0.761788 -0.3756723 0.5277778
      vertex -0.7847271 -0.3250446 0.5277778
    endloop
  endfacet
  facet normal -0.7566335 -0.404429 0.5137537
    outer loop
      vertex -0.7767146 -0.3830332 0.5
      vertex -0.75 -0.4330127 0.5
      vertex -0.7355868 -0.4246912 0.5277778
    endloop
  endfacet
  facet normal -0.7566335 -0.404429 0.5137537
    outer loop
      vertex -0.7767146 -0.3830332 0.5
      vertex -0.7355868 -0.4246912 0.5277778
      vertex -0.761788 -0.3756723 0.5277778
    endloop
  endfacet
  facet normal -0.7285626 -0.4530493 0.5137537
    outer loop
      vertex -0.75 -0.4330127 0.5
      vertex -0.7200738 -0.4811379 0.5
      vertex -0.7062357 -0.4718916 0.5277778
    endloop
  endfacet
  facet normal -0.7285626 -0.4530493 0.5137537
    outer loop
      vertex -0.75 -0.4330127 0.5
      vertex -0.7062357 -0.4718916 0.5277778
      vertex -0.7355868 -0.4246912 0.5277778
    endloop
  endfacet
  facet normal -0.6973718 -0.4997296 0.5137537
    outer loop
      vertex -0.7200738 -0.4811379 0.5
      vertex -0.6870641 -0.5272029 0.5
      vertex -0.6738604 -0.5170713 0.5277778
    endloop
  endfacet
  facet normal -0.6973718 -0.4997296 0.5137537
    outer loop
      vertex -0.7200738 -0.4811379 0.5
      vertex -0.6738604 -0.5170713 0.5277778
      vertex -0.7062357 -0.4718916 0.5277778
    endloop
  endfacet
  facet normal -0.6631948 -0.5442699 0.5137537
    outer loop
      vertex -0.6870641 -0.5272029 0.5
      vertex -0.6511124 -0.5710102 0.5
      vertex -0.6385996 -0.5600368 0.5277778
    endloop
  endfacet
  facet normal -0.6631948 -0.5442699 0.5137537
    outer loop
      vertex -0.6870641 -0.5272029 0.5
      vertex -0.6385996 -0.5600368 0.5277778
      vertex -0.6738604 -0.5170713 0.5277778
    endloop
  endfacet
  facet normal -0.6261779 -0.5864796 0.5137537
    outer loop
      vertex -0.6511124 -0.5710102 0.5
      vertex -0.6123724 -0.6123724 0.5
      vertex -0.6006041 -0.6006041 0.5277778
    endloop
  endfacet
  facet normal -0.6261779 -0.5864796 0.5137537
    outer loop
      vertex -0.6511124 -0.5710102 0.5
      vertex -0.6006041 -0.6006041 0.5277778
      vertex -0.6385996 -0.5600368 0.5277778
    endloop
  endfacet
  facet normal -0.5864796 -0.6261779 0.5137537
    outer loop
      vertex -0.6123724 -0.6123724 0.5
      vertex -0.5710102 -0.6511124 0.5
      vertex -0.5600368 -0.6385996 0.5277778
    endloop
  endfacet
  facet normal -0.5864796 -0.6261779 0.5137537
    outer loop
      vertex -0.6123724 -0.6123724 0.5
      vertex -0.5600368 -0.6385996 0.5277778
      vertex -0.6006041 -0.6006041 0.5277778
    endloop
  endfacet
  facet normal -0.5442699 -0.6631948 0.5137537
    outer loop
      vertex -0.5710102 -0.6511124 0.5
      vertex -0.5272029 -0.6870641 0.5
      vertex -0.5170713 -0.6738604 0.5277778
    endloop
  endfacet
  facet normal -0.5442699 -0.6631948 0.5137537
    outer loop
      vertex -0.5710102 -0.6511124 0.5
      vertex -0.5170713 -0.6738604 0.5277778
      vertex -0.5600368 -0.6385996 0.5277778
    endloop
  endfacet
  facet normal -0.4997296 -0.6973718 0.5137537
    outer loop
      vertex -0.5272029 -0.6870641 0.5
      vertex -0.4811379 -0.7200738 0.5
      vertex -0.4718916 -0.7062357 0.5277778
    endloop
  endfacet
  facet normal -0.4997296 -0.6973718 0.5137537
    outer loop
      vertex -0.5272029 -0.6870641 0.5
      vertex -0.4718916 -0.7062357 0.5277778
      vertex -0.5170713 -0.6738604 0.5277778
    endloop
  endfacet
  facet normal -0.4530493 -0.7285626 0.5137537
    outer loop
      vertex -0.4811379 -0.7200738 0.5
      vertex -0.4330127 -0.75 0.5
      vertex -0.4246912 -0.7355868 0.5277778
    endloop
  endfacet
  facet normal -0.4530493 -0.7285626 0.5137537
    outer loop
      vertex -0.4811379 -0.7200738 0.5
      vertex -0.4246912 -0.7355868 0.5277778
      vertex -0.4718916 -0.7062357 0.5277778
    endloop
  endfacet
  facet normal -0.404429 -0.7566335 0.5137537
    outer loop
      vertex -0.4330127 -0.75 0.5
      vertex -0.3830332 -0.7767146 0.5
      vertex -0.3756723 -0.761788 0.5277778
    endloop
  endfacet
  facet normal -0.404429 -0.7566335 0.5137537
    outer loop
      vertex -0.4330127 -0.75 0.5
      vertex -0.3756723 -0.761788 0.5277778
      vertex -0.4246912 -0.7355868 0.5277778
    endloop
  endfacet
  facet normal -0.3540769 -0.7814644 0.5137537
    outer loop
      vertex -0.3830332 -0.7767146 0.5
      vertex -0.3314136 -0.8001031 0.5
      vertex -0.3250446 -0.7847271 0.5277778
    endloop
  endfacet
  facet normal -0.3540769 -0.7814644 0.5137537
    outer loop
      vertex -0.3830332 -0.7767146 0.5
      vertex -0.3250446 -0.7847271 0.5277778
      vertex -0.3756723 -0.761788 0.5277778
    endloop
  endfacet
  facet normal -0.3022086 -0.802949 0.5137537
    outer loop
      vertex -0.3314136 -0.8001031 0.5
      vertex -0.2783747 -0.8200655 0.5
      vertex -0.2730251 -0.8043059 0.5277778
    endloop
  endfacet
  facet normal -0.3022086 -0.802949 0.5137537
    outer loop
      vertex -0.3314136 -0.8001031 0.5
      vertex -0.2730251 -0.8043059 0.5277778
      vertex -0.3250446 -0.7847271 0.5277778
    endloop
  endfacet
  facet normal -0.2490462 -0.8209952 0.5137537
    outer loop
      vertex -0.2783747 -0.8200655 0.5
      vertex -0.2241439 -0.8365163 0.5
      vertex -0.2198364 -0.8204405 0.5277778
    endloop
  endfacet
  facet normal -0.2490462 -0.8209952 0.5137537
    outer loop
      vertex -0.2783747 -0.8200655 0.5
      vertex -0.2198364 -0.8204405 0.5277778
      vertex -0.2730251 -0.8043059 0.5277778
    endloop
  endfacet
  facet normal -0.1948173 -0.8355258 0.5137537
    outer loop
      vertex -0.2241439 -0.8365163 0.5
      vertex -0.1689532 -0.849385 0.5
      vertex -0.1657063 -0.8330618 0.5277778
    endloop
  endfacet
  facet normal -0.1948173 -0.8355258 0.5137537
    outer loop
      vertex -0.2241439 -0.8365163 0.5
      vertex -0.1657063 -0.8330618 0.5277778
      vertex -0.2198364 -0.8204405 0.5277778
    endloop
  endfacet
  facet normal -0.1397542 -0.8464785 0.5137537
    outer loop
      vertex -0.1689532 -0.849385 0.5
      vertex -0.113039 -0.8586164 0.5
      vertex -0.1108667 -0.8421159 0.5277778
    endloop
  endfacet
  facet normal -0.1397542 -0.8464785 0.5137537
    outer loop
      vertex -0.1689532 -0.849385 0.5
      vertex -0.1108667 -0.8421159 0.5277778
      vertex -0.1657063 -0.8330618 0.5277778
    endloop
  endfacet
  facet normal -0.0840926 -0.8538065 0.5137537
    outer loop
      vertex -0.113039 -0.8586164 0.5
      vertex -0.05664077 -0.8641712 0.5
      vertex -0.05555227 -0.8475639 0.5277778
    endloop
  endfacet
  facet normal -0.0840926 -0.8538065 0.5137537
    outer loop
      vertex -0.113039 -0.8586164 0.5
      vertex -0.05555227 -0.8475639 0.5277778
      vertex -0.1108667 -0.8421159 0.5277778
    endloop
  endfacet
  facet normal -0.02807093 -0.8574784 0.5137537
    outer loop
      vertex -0.05664077 -0.8641712 0.5
      vertex -1.590863e-16 -0.8660254 0.5
      vertex -1.56029e-16 -0.8493825 0.5277778
    endloop
  endfacet
  facet normal -0.02807093 -0.8574784 0.5137537
    outer loop
      vertex -0.05664077 -0.8641712 0.5
      vertex -1.56029e-16 -0.8493825 0.5277778
      vertex -0.05555227 -0.8475639 0.5277778
    endloop
  endfacet
  facet normal 0.02807093 -0.8574784 0.5137537
    outer loop
      vertex -1.590863e-16 -0.8660254 0.5
      vertex 0.05664077 -0.8641712 0.5
      vertex 0.05555227 -0.8475639 0.5277778
    endloop
  endfacet
  facet normal 0.02807093 -0.8574784 0.5137537
    outer loop
      vertex -1.590863e-16 -0.8660254 0.5
      vertex 0.05555227 -0.8475639 0.5277778
      vertex -1.56029e-16 -0.8493825 0.5277778
    endloop
  endfacet
  facet normal 0.0840926 -0.8538065 0.5137537
    outer loop
      vertex 0.05664077 -0.8641712 0.5
      vertex 0.113039 -0.8586164 0.5
      vertex 0.1108667 -0.8421159 0.5277778
    endloop
  endfacet
  facet normal 0.0840926 -0.8538065 0.5137537
    outer loop
      vertex 0.05664077 -0.8641712 0.5
      vertex 0.1108667 -0.8421159 0.5277778
      vertex 0.05555227 -0.8475639 0.5277778
    endloop
  endfacet
  facet normal 0.1397542 -0.8464785 0.5137537
    outer loop
      vertex 0.113039 -0.8586164 0.5
      vertex 0.1689532 -0.849385 0.5
      vertex 0.1657063 -0.8330618 0.5277778
    endloop
  endfacet
  facet normal 0.1397542 -0.8464785 0.5137537
    outer loop
      vertex 0.113039 -0.8586164 0.5
      vertex 0.1657063 -0.8330618 0.5277778
      vertex 0.1108667 -0.8421159 0.5277778
    endloop
  endfacet
  facet normal 0.1948173 -0.8355258 0.5137537
    outer loop
      vertex 0.1689532 -0.849385 0.5
      vertex 0.2241439 -0.8365163 0.5
      vertex 0.2198364 -0.8204405 0.5277778
    endloop
  endfacet
  facet normal 0.1948173 -0.8355258 0.5137537
    outer loop
      vertex 0.1689532 -0.849385 0.5
      vertex 0.2198364 -0.8204405 0.5277778
      vertex 0.1657063 -0.8330618 0.5277778
    endloop
  endfacet
  facet normal 0.2490462 -0.8209952 0.5137537
    outer loop
      vertex 0.2241439 -0.8365163 0.5
      vertex 0.2783747 -0.8200655 0.5
      vertex 0.2730251 -0.8043059 0.5277778
    endloop
  endfacet
  facet normal 0.2490462 -0.8209952 0.5137537
    outer loop
      vertex 0.2241439 -0.8365163 0.5
      vertex 0.2730251 -0.8043059 0.5277778
      vertex 0.2198364 -0.8204405 0.5277778
    endloop
  endfacet
  facet normal 0.3022086 -0.802949 0.5137537
    outer loop
      vertex 0.2783747 -0.8200655 0.5
      vertex 0.3314136 -0.8001031 0.5
      vertex 0.3250446 -0.7847271 0.5277778
    endloop
  endfacet
  facet normal 0.3022086 -0.802949 0.5137537
    outer loop
      vertex 0.2783747 -0.8200655 0.5
      vertex 0.3250446 -0.7847271 0.5277778
      vertex 0.2730251 -0.8043059 0.5277778
    endloop
  endfacet
  facet normal 0.3540769 -0.7814644 0.5137537
    outer loop
      vertex 0.3314136 -0.8001031 0.5
      vertex 0.3830332 -0.7767146 0.5
      vertex 0.3756723 -0.761788 0.5277778
    endloop
  endfacet
  facet normal 0.3540769 -0.7814644 0.5137537
    outer loop
      vertex 0.3314136 -0.8001031 0.5
      vertex 0.3756723 -0.761788 0.5277778
      vertex 0.3250446 -0.7847271 0.5277778
    endloop
  endfacet
  facet normal 0.404429 -0.7566335 0.5137537
    outer loop
      vertex 0.3830332 -0.7767146 0.5
      vertex 0.4330127 -0.75 0.5
      vertex 0.4246912 -0.7355868 0.5277778
    endloop
  endfacet
  facet normal 0.404429 -0.7566335 0.5137537
    outer loop
      vertex 0.3830332 -0.7767146 0.5
      vertex 0.4246912 -0.7355868 0.5277778
      vertex 0.3756723 -0.761788 0.5277778
    endloop
  endfacet
  facet normal 0.4530493 -0.7285626 0.5137537
    outer loop
      vertex 0.4330127 -0.75 0.5
      vertex 0.4811379 -0.7200738 0.5
      vertex 0.4718916 -0.7062357 0.5277778
    endloop
  endfacet
  facet normal 0.4530493 -0.7285626 0.5137537
    outer loop
      vertex 0.4330127 -0.75 0.5
      vertex 0.4718916 -0.7062357 0.5277778
      vertex 0.4246912 -0.7355868 0.5277778
    endloop
  endfacet
  facet normal 0.4997296 -0.6973718 0.5137537
    outer loop
      vertex 0.4811379 -0.7200738 0.5
      vertex 0.5272029 -0.6870641 0.5
      vertex 0.5170713 -0.6738604 0.5277778
    endloop
  endfacet
  facet normal 0.4997296 -0.6973718 0.5137537
    outer loop
      vertex 0.4811379 -0.7200738 0.5
      vertex 0.5170713 -0.6738604 0.5277778
      vertex 0.4718916 -0.7062357 0.5277778
    endloop
  endfacet
  facet normal 0.5442699 -0.6631948 0.5137537
    outer loop
      vertex 0.5272029 -0.6870641 0.5
      vertex 0.5710102 -0.6511124 0.5
      vertex 0.5600368 -0.6385996 0.5277778
    endloop
  endfacet
  facet normal 0.5442699 -0.6631948 0.5137537
    outer loop
      vertex 0.5272029 -0.6870641 0.5
      vertex 0.5600368 -0.6385996 0.5277778
      vertex 0.5170713 -0.6738604 0.5277778
    endloop
  endfacet
  facet normal 0.5864796 -0.6261779 0.5137537
    outer loop
      vertex 0.5710102 -0.6511124 0.5
      vertex 0.6123724 -0.6123724 0.5
      vertex 0.6006041 -0.6006041 0.5277778
    endloop
  endfacet
  facet normal 0.5864796 -0.6261779 0.5137537
    outer loop
      vertex 0.5710102 -0.6511124 0.5
      vertex 0.6006041 -0.6006041 0.5277778
      vertex 0.5600368 -0.6385996 0.5277778
    endloop
  endfacet
  facet normal 0.6261779 -0.5864796 0.5137537
    outer loop
      vertex 0.6123724 -0.6123724 0.5
      vertex 0.6511124 -0.5710102 0.5
      vertex 0.6385996 -0.5600368 0.5277778
    endloop
  endfacet
  facet normal 0.6261779 -0.5864796 0.5137537
    outer loop
      vertex 0.6123724 -0.6123724 0.5
      vertex 0.6385996 -0.5600368 0.5277778
      vertex 0.6006041 -0.6006041 0.5277778
    endloop
  endfacet
  facet normal 0.6631948 -0.5442699 0.5137537
    outer loop
      vertex 0.6511124 -0.5710102 0.5
      vertex 0.6870641 -0.5272029 0.5
      vertex 0.6738604 -0.5170713 0.5277778
    endloop
  endfacet
  facet normal 0.6631948 -0.5442699 0.5137537
    outer loop
      vertex 0.6511124 -0.5710102 0.5
      vertex 0.6738604 -0.5170713 0.5277778
      vertex 0.6385996 -0.5600368 0.5277778
    endloop
  endfacet
  facet normal 0.6973718 -0.4997296 0.5137537
    outer loop
      vertex 0.6870641 -0.5272029 0.5
      vertex 0.7200738 -0.4811379 0.5
      vertex 0.7062357 -0.4718916 0.5277778
    endloop
  endfacet
  facet normal 0.6973718 -0.4997296 0.5137537
    outer loop
      vertex 0.6870641 -0.5272029 0.5
      vertex 0.7062357 -0.4718916 0.5277778
      vertex 0.6738604 -0.5170713 0.5277778
    endloop
  endfacet
  facet normal 0.7285626 -0.4530493 0.5137537
    outer loop
      vertex 0.7200738 -0.4811379 0.5
      vertex 0.75 -0.4330127 0.5
      vertex 0.7355868 -0.4246912 0.5277778
    endloop
  endfacet
  facet normal 0.7285626 -0.4530493 0.5137537
    outer loop
      vertex 0.7200738 -0.4811379 0.5
      vertex 0.7355868 -0.4246912 0.5277778
      vertex 0.7062357 -0.4718916 0.5277778
    endloop
  endfacet
  facet normal 0.7566335 -0.404429 0.5137537
    outer loop
      vertex 0.75 -0.4330127 0.5
      vertex 0.7767146 -0.3830332 0.5
      vertex 0.761788 -0.3756723 0.5277778
    endloop
  endfacet
  facet normal 0.7566335 -0.404429 0.5137537
    outer loop
      vertex 0.75 -0.4330127 0.5
      vertex 0.761788 -0.3756723 0.5277778
      vertex 0.7355868 -0.4246912 0.5277778
    endloop
  endfacet
  facet normal 0.7814644 -0.3540769 0.5137537
    outer loop
      vertex 0.7767146 -0.3830332 0.5
      vertex 0.8001031 -0.3314136 0.5
      vertex 0.7847271 -0.3250446 0.5277778
    endloop
  endfacet
  facet normal 0.7814644 -0.3540769 0.5137537
    outer loop
      vertex 0.7767146 -0.3830332 0.5
      vertex 0.7847271 -0.3250446 0.5277778
      vertex 0.761788 -0.3756723 0.5277778
    endloop
  endfacet
  facet normal 0.802949 -0.3022086 0.5137537
    outer loop
      vertex 0.8001031 -0.3314136 0.5
      vertex 0.8200655 -0.2783747 0.5
      vertex 0.8043059 -0.2730251 0.5277778
    endloop
  endfacet
  facet normal 0.802949 -0.3022086 0.5137537
    outer loop
      vertex 0.8001031 -0.3314136 0.5
      vertex 0.8043059 -0.2730251 0.5277778
      vertex 0.7847271 -0.3250446 0.5277778
    endloop
  endfacet
  facet normal 0.8209952 -0.2490462 0.5137537
    outer loop
      vertex 0.8200655 -0.2783747 0.5
      vertex 0.8365163 -0.2241439 0.5
      vertex 0.8204405 -0.2198364 0.5277778
    endloop
  endfacet
  facet normal 0.8209952 -0.2490462 0.5137537
    outer loop
      vertex 0.8200655 -0.2783747 0.5
      vertex 0.8204405 -0.2198364 0.5277778
      vertex 0.8043059 -0.2730251 0.5277778
    endloop
  endfacet
  facet normal 0.8355258 -0.1948173 0.5137537
    outer loop
      vertex 0.8365163 -0.2241439 0.5
      vertex 0.849385 -0.1689532 0.5
      vertex 0.8330618 -0.1657063 0.5277778
    endloop
  endfacet
  facet normal 0.8355258 -0.1948173 0.5137537
    outer loop
      vertex 0.8365163 -0.2241439 0.5
      vertex 0.8330618 -0.1657063 0.5277778
      vertex 0.8204405 -0.2198364 0.5277778
    endloop
  endfacet
  facet normal 0.8464785 -0.1397542 0.5137537
    outer loop
      vertex 0.849385 -0.1689532 0.5
      vertex 0.8586164 -0.113039 0.5
      vertex 0.8421159 -0.1108667 0.5277778
    endloop
  endfacet
  facet normal 0.8464785 -0.1397542 0.5137537
    outer loop
      vertex 0.849385 -0.1689532 0.5
      vertex 0.8421159 -0.1108667 0.5277778
      vertex 0.8330618 -0.1657063 0.5277778
    endloop
  endfacet
  facet normal 0.8538065 -0.0840926 0.5137537
    outer loop
      vertex 0.8586164 -0.113039 0.5
      vertex 0.8641712 -0.05664077 0.5
      vertex 0.8475639 -0.05555227 0.5277778
    endloop
  endfacet
  facet normal 0.8538065 -0.0840926 0.5137537
    outer loop
      vertex 0.8586164 -0.113039 0.5
      vertex 0.8475639 -0.05555227 0.5277778
      vertex 0.8421159 -0.1108667 0.5277778
    endloop
  endfacet
  facet normal 0.8574784 -0.02807093 0.5137537
    outer loop
      vertex 0.8641712 -0.05664077 0.5
      vertex 0.8660254 0 0.5
      vertex 0.8493825 0 0.5277778
    endloop
  endfacet
  facet normal 0.8574784 -0.02807093 0.5137537
    outer loop
      vertex 0.8641712 -0.05664077 0.5
      vertex 0.8493825 0 0.5277778
      vertex 0.8475639 -0.05555227 0.5277778
    endloop
  endfacet
  facet normal 0.8402277 0.02750621 0.5415357
    outer loop
      vertex 0.8493825 0 0.5277778
      vertex 0.8475639 0.05555227 0.5277778
      vertex 0.8296992 0.05438136 0.5555556
    endloop
  endfacet
  facet normal 0.8402277 0.02750621 0.5415357
    outer loop
      vertex 0.8493825 0 0.5277778
      vertex 0.8296992 0.05438136 0.5555556
      vertex 0.8314794 0 0.5555556
    endloop
  endfacet
  facet normal 0.8366297 0.08240083 0.5415357
    outer loop
      vertex 0.8475639 0.05555227 0.5277778
      vertex 0.8421159 0.1108667 0.5277778
      vertex 0.824366 0.1085298 0.5555556
    endloop
  endfacet
  facet normal 0.8366297 0.08240083 0.5415357
    outer loop
      vertex 0.8475639 0.05555227 0.5277778
      vertex 0.824366 0.1085298 0.5555556
      vertex 0.8296992 0.05438136 0.5555556
    endloop
  endfacet
  facet normal 0.8294491 0.1369426 0.5415357
    outer loop
      vertex 0.8421159 0.1108667 0.5277778
      vertex 0.8330618 0.1657063 0.5277778
      vertex 0.8155028 0.1622136 0.5555556
    endloop
  endfacet
  facet normal 0.8294491 0.1369426 0.5415357
    outer loop
      vertex 0.8421159 0.1108667 0.5277778
      vertex 0.8155028 0.1622136 0.5555556
      vertex 0.824366 0.1085298 0.5555556
    endloop
  endfacet
  facet normal 0.8187167 0.190898 0.5415357
    outer loop
      vertex 0.8330618 0.1657063 0.5277778
      vertex 0.8204405 0.2198364 0.5277778
      vertex 0.8031474 0.2152027 0.5555556
    endloop
  endfacet
  facet normal 0.8187167 0.190898 0.5415357
    outer loop
      vertex 0.8330618 0.1657063 0.5277778
      vertex 0.8031474 0.2152027 0.5555556
      vertex 0.8155028 0.1622136 0.5555556
    endloop
  endfacet
  facet normal 0.8044785 0.2440359 0.5415357
    outer loop
      vertex 0.8204405 0.2198364 0.5277778
      vertex 0.8043059 0.2730251 0.5277778
      vertex 0.7873529 0.2672703 0.5555556
    endloop
  endfacet
  facet normal 0.8044785 0.2440359 0.5415357
    outer loop
      vertex 0.8204405 0.2198364 0.5277778
      vertex 0.7873529 0.2672703 0.5555556
      vertex 0.8031474 0.2152027 0.5555556
    endloop
  endfacet
  facet normal 0.7867953 0.2961288 0.5415357
    outer loop
      vertex 0.8043059 0.2730251 0.5277778
      vertex 0.7847271 0.3250446 0.5277778
      vertex 0.7681868 0.3181934 0.5555556
    endloop
  endfacet
  facet normal 0.7867953 0.2961288 0.5415357
    outer loop
      vertex 0.8043059 0.2730251 0.5277778
      vertex 0.7681868 0.3181934 0.5555556
      vertex 0.7873529 0.2672703 0.5555556
    endloop
  endfacet
  facet normal 0.765743 0.3469536 0.5415357
    outer loop
      vertex 0.7847271 0.3250446 0.5277778
      vertex 0.761788 0.3756723 0.5277778
      vertex 0.7457312 0.3677539 0.5555556
    endloop
  endfacet
  facet normal 0.765743 0.3469536 0.5415357
    outer loop
      vertex 0.7847271 0.3250446 0.5277778
      vertex 0.7457312 0.3677539 0.5555556
      vertex 0.7681868 0.3181934 0.5555556
    endloop
  endfacet
  facet normal 0.7414116 0.3962928 0.5415357
    outer loop
      vertex 0.761788 0.3756723 0.5277778
      vertex 0.7355868 0.4246912 0.5277778
      vertex 0.7200823 0.4157397 0.5555556
    endloop
  endfacet
  facet normal 0.7414116 0.3962928 0.5415357
    outer loop
      vertex 0.761788 0.3756723 0.5277778
      vertex 0.7200823 0.4157397 0.5555556
      vertex 0.7457312 0.3677539 0.5555556
    endloop
  endfacet
  facet normal 0.7139054 0.4439349 0.5415357
    outer loop
      vertex 0.7355868 0.4246912 0.5277778
      vertex 0.7062357 0.4718916 0.5277778
      vertex 0.6913499 0.4619452 0.5555556
    endloop
  endfacet
  facet normal 0.7139054 0.4439349 0.5415357
    outer loop
      vertex 0.7355868 0.4246912 0.5277778
      vertex 0.6913499 0.4619452 0.5555556
      vertex 0.7200823 0.4157397 0.5555556
    endloop
  endfacet
  facet normal 0.6833422 0.4896761 0.5415357
    outer loop
      vertex 0.7062357 0.4718916 0.5277778
      vertex 0.6738604 0.5170713 0.5277778
      vertex 0.659657 0.5061726 0.5555556
    endloop
  endfacet
  facet normal 0.6833422 0.4896761 0.5415357
    outer loop
      vertex 0.7062357 0.4718916 0.5277778
      vertex 0.659657 0.5061726 0.5555556
      vertex 0.6913499 0.4619452 0.5555556
    endloop
  endfacet
  facet normal 0.6498527 0.5333203 0.5415357
    outer loop
      vertex 0.6738604 0.5170713 0.5277778
      vertex 0.6385996 0.5600368 0.5277778
      vertex 0.6251393 0.5482325 0.5555556
    endloop
  endfacet
  facet normal 0.6498527 0.5333203 0.5415357
    outer loop
      vertex 0.6738604 0.5170713 0.5277778
      vertex 0.6251393 0.5482325 0.5555556
      vertex 0.659657 0.5061726 0.5555556
    endloop
  endfacet
  facet normal 0.6135805 0.5746809 0.5415357
    outer loop
      vertex 0.6385996 0.5600368 0.5277778
      vertex 0.6006041 0.6006041 0.5277778
      vertex 0.5879447 0.5879447 0.5555556
    endloop
  endfacet
  facet normal 0.6135805 0.5746809 0.5415357
    outer loop
      vertex 0.6385996 0.5600368 0.5277778
      vertex 0.5879447 0.5879447 0.5555556
      vertex 0.6251393 0.5482325 0.5555556
    endloop
  endfacet
  facet normal 0.5746809 0.6135805 0.5415357
    outer loop
      vertex 0.6006041 0.6006041 0.5277778
      vertex 0.5600368 0.6385996 0.5277778
      vertex 0.5482325 0.6251393 0.5555556
    endloop
  endfacet
  facet normal 0.5746809 0.6135805 0.5415357
    outer loop
      vertex 0.6006041 0.6006041 0.5277778
      vertex 0.5482325 0.6251393 0.5555556
      vertex 0.5879447 0.5879447 0.5555556
    endloop
  endfacet
  facet normal 0.5333203 0.6498527 0.5415357
    outer loop
      vertex 0.5600368 0.6385996 0.5277778
      vertex 0.5170713 0.6738604 0.5277778
      vertex 0.5061726 0.659657 0.5555556
    endloop
  endfacet
  facet normal 0.5333203 0.6498527 0.5415357
    outer loop
      vertex 0.5600368 0.6385996 0.5277778
      vertex 0.5061726 0.659657 0.5555556
      vertex 0.5482325 0.6251393 0.5555556
    endloop
  endfacet
  facet normal 0.4896761 0.6833422 0.5415357
    outer loop
      vertex 0.5170713 0.6738604 0.5277778
      vertex 0.4718916 0.7062357 0.5277778
      vertex 0.4619452 0.6913499 0.5555556
    endloop
  endfacet
  facet normal 0.4896761 0.6833422 0.5415357
    outer loop
      vertex 0.5170713 0.6738604 0.5277778
      vertex 0.4619452 0.6913499 0.5555556
      vertex 0.5061726 0.659657 0.5555556
    endloop
  endfacet
  facet normal 0.4439349 0.7139054 0.5415357
    outer loop
      vertex 0.4718916 0.7062357 0.5277778
      vertex 0.4246912 0.7355868 0.5277778
      vertex 0.4157397 0.7200823 0.5555556
    endloop
  endfacet
  facet normal 0.4439349 0.7139054 0.5415357
    outer loop
      vertex 0.4718916 0.7062357 0.5277778
      vertex 0.4157397 0.7200823 0.5555556
      vertex 0.4619452 0.6913499 0.5555556
    endloop
  endfacet
  facet normal 0.3962928 0.7414116 0.5415357
    outer loop
      vertex 0.4246912 0.7355868 0.5277778
      vertex 0.3756723 0.761788 0.5277778
      vertex 0.3677539 0.7457312 0.5555556
    endloop
  endfacet
  facet normal 0.3962928 0.7414116 0.5415357
    outer loop
      vertex 0.4246912 0.7355868 0.5277778
      vertex 0.3677539 0.7457312 0.5555556
      vertex 0.4157397 0.7200823 0.5555556
    endloop
  endfacet
  facet normal 0.3469536 0.765743 0.5415357
    outer loop
      vertex 0.3756723 0.761788 0.5277778
      vertex 0.3250446 0.7847271 0.5277778
      vertex 0.3181934 0.7681868 0.5555556
    endloop
  endfacet
  facet normal 0.3469536 0.765743 0.5415357
    outer loop
      vertex 0.3756723 0.761788 0.5277778
      vertex 0.3181934 0.7681868 0.5555556
      vertex 0.3677539 0.7457312 0.5555556
    endloop
  endfacet
  facet normal 0.2961288 0.7867953 0.5415357
    outer loop
      vertex 0.3250446 0.7847271 0.5277778
      vertex 0.2730251 0.8043059 0.5277778
      vertex 0.2672703 0.7873529 0.5555556
    endloop
  endfacet
  facet normal 0.2961288 0.7867953 0.5415357
    outer loop
      vertex 0.3250446 0.7847271 0.5277778
      vertex 0.2672703 0.7873529 0.5555556
      vertex 0.3181934 0.7681868 0.5555556
    endloop
  endfacet
  facet normal 0.2440359 0.8044785 0.5415357
    outer loop
      vertex 0.2730251 0.8043059 0.5277778
      vertex 0.2198364 0.8204405 0.5277778
      vertex 0.2152027 0.8031474 0.5555556
    endloop
  endfacet
  facet normal 0.2440359 0.8044785 0.5415357
    outer loop
      vertex 0.2730251 0.8043059 0.5277778
      vertex 0.2152027 0.8031474 0.5555556
      vertex 0.2672703 0.7873529 0.5555556
    endloop
  endfacet
  facet normal 0.190898 0.8187167 0.5415357
    outer loop
      vertex 0.2198364 0.8204405 0.5277778
      vertex 0.1657063 0.8330618 0.5277778
      vertex 0.1622136 0.8155028 0.5555556
    endloop
  endfacet
  facet normal 0.190898 0.8187167 0.5415357
    outer loop
      vertex 0.2198364 0.8204405 0.5277778
      vertex 0.1622136 0.8155028 0.5555556
      vertex 0.2152027 0.8031474 0.5555556
    endloop
  endfacet
  facet normal 0.1369426 0.8294491 0.5415357
    outer loop
      vertex 0.1657063 0.8330618 0.5277778
      vertex 0.1108667 0.8421159 0.5277778
      vertex 0.1085298 0.824366 0.5555556
    endloop
  endfacet
  facet normal 0.1369426 0.8294491 0.5415357
    outer loop
      vertex 0.1657063 0.8330618 0.5277778
      vertex 0.1085298 0.824366 0.5555556
      vertex 0.1622136 0.8155028 0.5555556
    endloop
  endfacet
  facet normal 0.08240083 0.8366297 0.5415357
    outer loop
      vertex 0.1108667 0.8421159 0.5277778
      vertex 0.05555227 0.8475639 0.5277778
      vertex 0.05438136 0.8296992 0.5555556
    endloop
  endfacet
  facet normal 0.08240083 0.8366297 0.5415357
    outer loop
      vertex 0.1108667 0.8421159 0.5277778
      vertex 0.05438136 0.8296992 0.5555556
      vertex 0.1085298 0.824366 0.5555556
    endloop
  endfacet
  facet normal 0.02750621 0.8402277 0.5415357
    outer loop
      vertex 0.05555227 0.8475639 0.5277778
      vertex 5.200968e-17 0.8493825 0.5277778
      vertex 5.091343e-17 0.8314794 0.5555556
    endloop
  endfacet
  facet normal 0.02750621 0.8402277 0.5415357
    outer loop
      vertex 0.05555227 0.8475639 0.5277778
      vertex 5.091343e-17 0.8314794 0.5555556
      vertex 0.05438136 0.8296992 0.5555556
    endloop
  endfacet
  facet normal -0.02750621 0.8402277 0.5415357
    outer loop
      vertex 5.200968e-17 0.8493825 0.5277778
      vertex -0.05555227 0.8475639 0.5277778
      vertex -0.05438136 0.8296992 0.5555556
    endloop
  endfacet
  facet normal -0.02750621 0.8402277 0.5415357
    outer loop
      vertex 5.200968e-17 0.8493825 0.5277778
      vertex -0.05438136 0.8296992 0.5555556
      vertex 5.091343e-17 0.8314794 0.5555556
    endloop
  endfacet
  facet normal -0.08240083 0.8366297 0.5415357
    outer loop
      vertex -0.05555227 0.8475639 0.5277778
      vertex -0.1108667 0.8421159 0.5277778
      vertex -0.1085298 0.824366 0.5555556
    endloop
  endfacet
  facet normal -0.08240083 0.8366297 0.5415357
    outer loop
      vertex -0.05555227 0.8475639 0.5277778
      vertex -0.1085298 0.824366 0.5555556
      vertex -0.05438136 0.8296992 0.5555556
    endloop
  endfacet
  facet normal -0.1369426 0.8294491 0.5415357
    outer loop
      vertex -0.1108667 0.8421159 0.5277778
      vertex -0.1657063 0.8330618 0.5277778
      vertex -0.1622136 0.8155028 0.5555556
    endloop
  endfacet
  facet normal -0.1369426 0.8294491 0.5415357
    outer loop
      vertex -0.1108667 0.8421159 0.5277778
      vertex -0.1622136 0.8155028 0.5555556
      vertex -0.1085298 0.824366 0.5555556
    endloop
  endfacet
  facet normal -0.190898 0.8187167 0.5415357
    outer loop
      vertex -0.1657063 0.8330618 0.5277778
      vertex -0.2198364 0.8204405 0.5277778
      vertex -0.2152027 0.8031474 0.5555556
    endloop
  endfacet
  facet normal -0.190898 0.8187167 0.5415357
    outer loop
      vertex -0.1657063 0.8330618 0.5277778
      vertex -0.2152027 0.8031474 0.5555556
      vertex -0.1622136 0.8155028 0.5555556
    endloop
  endfacet
  facet normal -0.2440359 0.8044785 0.5415357
    outer loop
      vertex -0.2198364 0.8204405 0.5277778
      vertex -0.2730251 0.8043059 0.5277778
      vertex -0.2672703 0.7873529 0.5555556
    endloop
  endfacet
  facet normal -0.2440359 0.8044785 0.5415357
    outer loop
      vertex -0.2198364 0.8204405 0.5277778
      vertex -0.2672703 0.7873529 0.5555556
      vertex -0.2152027 0.8031474 0.5555556
    endloop
  endfacet
  facet normal -0.2961288 0.7867953 0.5415357
    outer loop
      vertex -0.2730251 0.8043059 0.5277778
      vertex -0.3250446 0.7847271 0.5277778
      vertex -0.3181934 0.7681868 0.5555556
    endloop
  endfacet
  facet normal -0.2961288 0.7867953 0.5415357
    outer loop
      vertex -0.2730251 0.8043059 0.5277778
      vertex -0.3181934 0.7681868 0.5555556
      vertex -0.2672703 0.7873529 0.5555556
    endloop
  endfacet
  facet normal -0.3469536 0.765743 0.5415357
    outer loop
      vertex -0.3250446 0.7847271 0.5277778
      vertex -0.3756723 0.761788 0.5277778
      vertex -0.3677539 0.7457312 0.5555556
    endloop
  endfacet
  facet normal -0.3469536 0.765743 0.5415357
    outer loop
      vertex -0.3250446 0.7847271 0.5277778
      vertex -0.3677539 0.7457312 0.5555556
      vertex -0.3181934 0.7681868 0.5555556
    endloop
  endfacet
  facet normal -0.3962928 0.7414116 0.5415357
    outer loop
      vertex -0.3756723 0.761788 0.5277778
      vertex -0.4246912 0.7355868 0.5277778
      vertex -0.4157397 0.7200823 0.5555556
    endloop
  endfacet
  facet normal -0.3962928 0.7414116 0.5415357
    outer loop
      vertex -0.3756723 0.761788 0.5277778
      vertex -0.4157397 0.7200823 0.5555556
      vertex -0.3677539 0.7457312 0.5555556
    endloop
  endfacet
  facet normal -0.4439349 0.7139054 0.5415357
    outer loop
      vertex -0.4246912 0.7355868 0.5277778
      vertex -0.4718916 0.7062357 0.5277778
      vertex -0.4619452 0.6913499 0.5555556
    endloop
  endfacet
  facet normal -0.4439349 0.7139054 0.5415357
    outer loop
      vertex -0.4246912 0.7355868 0.5277778
      vertex -0.4619452 0.6913499 0.5555556
      vertex -0.4157397 0.7200823 0.5555556
    endloop
  endfacet
  facet normal -0.4896761 0.6833422 0.5415357
    outer loop
      vertex -0.4718916 0.7062357 0.5277778
      vertex -0.5170713 0.6738604 0.5277778
      vertex -0.5061726 0.659657 0.5555556
    endloop
  endfacet
  facet normal -0.4896761 0.6833422 0.5415357
    outer loop
      vertex -0.4718916 0.7062357 0.5277778
      vertex -0.5061726 0.659657 0.5555556
      vertex -0.4619452 0.6913499 0.5555556
    endloop
  endfacet
  facet normal -0.5333203 0.6498527 0.5415357
    outer loop
      vertex -0.5170713 0.6738604 0.5277778
      vertex -0.5600368 0.6385996 0.5277778
      vertex -0.5482325 0.6251393 0.5555556
    endloop
  endfacet
  facet normal -0.5333203 0.6498527 0.5415357
    outer loop
      vertex -0.5170713 0.6738604 0.5277778
      vertex -0.5482325 0.6251393 0.5555556
      vertex -0.5061726 0.659657 0.5555556
    endloop
  endfacet
  facet normal -0.5746809 0.6135805 0.5415357
    outer loop
      vertex -0.5600368 0.6385996 0.5277778
      vertex -0.6006041 0.6006041 0.5277778
      vertex -0.5879447 0.5879447 0.5555556
    endloop
  endfacet
  facet normal -0.5746809 0.6135805 0.5415357
    outer loop
      vertex -0.5600368 0.6385996 0.5277778
      vertex -0.5879447 0.5879447 0.5555556
      vertex -0.5482325 0.6251393 0.5555556
    endloop
  endfacet
  facet normal -0.6135805 0.5746809 0.5415357
    outer loop
      vertex -0.6006041 0.6006041 0.5277778
      vertex -0.6385996 0.5600368 0.5277778
      vertex -0.6251393 0.5482325 0.5555556
    endloop
  endfacet
  facet normal -0.6135805 0.5746809 0.5415357
    outer loop
      vertex -0.6006041 0.6006041 0.5277778
      vertex -0.6251393 0.5482325 0.5555556
      vertex -0.5879447 0.5879447 0.5555556
    endloop
  endfacet
  facet normal -0.6498527 0.5333203 0.5415357
    outer loop
      vertex -0.6385996 0.5600368 0.5277778
      vertex -0.6738604 0.5170713 0.5277778
      vertex -0.659657 0.5061726 0.5555556
    endloop
  endfacet
  facet normal -0.6498527 0.5333203 0.5415357
    outer loop
      vertex -0.6385996 0.5600368 0.5277778
      vertex -0.659657 0.5061726 0.5555556
      vertex -0.6251393 0.5482325 0.5555556
    endloop
  endfacet
  facet normal -0.6833422 0.4896761 0.5415357
    outer loop
      vertex -0.6738604 0.5170713 0.5277778
      vertex -0.7062357 0.4718916 0.5277778
      vertex -0.6913499 0.4619452 0.5555556
    endloop
  endfacet
  facet normal -0.6833422 0.4896761 0.5415357
    outer loop
      vertex -0.6738604 0.5170713 0.5277778
      vertex -0.6913499 0.4619452 0.5555556
      vertex -0.659657 0.5061726 0.5555556
    endloop
  endfacet
  facet normal -0.7139054 0.4439349 0.5415357
    outer loop
      vertex -0.7062357 0.4718916 0.5277778
      vertex -0.7355868 0.4246912 0.5277778
      vertex -0.7200823 0.4157397 0.5555556
    endloop
  endfacet
  facet normal -0.7139054 0.4439349 0.5415357
    outer loop
      vertex -0.7062357 0.4718916 0.5277778
      vertex -0.7200823 0.4157397 0.5555556
      vertex -0.6913499 0.4619452 0.5555556
    endloop
  endfacet
  facet normal -0.7414116 0.3962928 0.5415357
    outer loop
      vertex -0.7355868 0.4246912 0.5277778
      vertex -0.761788 0.3756723 0.5277778
      vertex -0.7457312 0.3677539 0.5555556
    endloop
  endfacet
  facet normal -0.7414116 0.3962928 0.5415357
    outer loop
      vertex -0.7355868 0.4246912 0.5277778
      vertex -0.7457312 0.3677539 0.5555556
      vertex -0.7200823 0.4157397 0.5555556
    endloop
  endfacet
  facet normal -0.765743 0.3469536 0.5415357
    outer loop
      vertex -0.761788 0.3756723 0.5277778
      vertex -0.7847271 0.3250446 0.5277778
      vertex -0.7681868 0.3181934 0.5555556
    endloop
  endfacet
  facet normal -0.765743 0.3469536 0.5415357
    outer loop
      vertex -0.761788 0.3756723 0.5277778
      vertex -0.7681868 0.3181934 0.5555556
      vertex -0.7457312 0.3677539 0.5555556
    endloop
  endfacet
  facet normal -0.7867953 0.2961288 0.5415357
    outer loop
      vertex -0.7847271 0.3250446 0.5277778
      vertex -0.8043059 0.2730251 0.5277778
      vertex -0.7873529 0.2672703 0.5555556
    endloop
  endfacet
  facet normal -0.7867953 0.2961288 0.5415357
    outer loop
      vertex -0.7847271 0.3250446 0.5277778
      vertex -0.7873529 0.2672703 0.5555556
      vertex -0.7681868 0.3181934 0.5555556
    endloop
  endfacet
  facet normal -0.8044785 0.2440359 0.5415357
    outer loop
      vertex -0.8043059 0.2730251 0.5277778
      vertex -0.8204405 0.2198364 0.5277778
      vertex -0.8031474 0.2152027 0.5555556
    endloop
  endfacet
  facet normal -0.8044785 0.2440359 0.5415357
    outer loop
      vertex -0.8043059 0.2730251 0.5277778
      vertex -0.8031474 0.2152027 0.5555556
      vertex -0.7873529 0.2672703 0.5555556
    endloop
  endfacet
  facet normal -0.8187167 0.190898 0.5415357
    outer loop
      vertex -0.8204405 0.2198364 0.5277778
      vertex -0.8330618 0.1657063 0.5277778
      vertex -0.8155028 0.1622136 0.5555556
    endloop
  endfacet
  facet normal -0.8187167 0.190898 0.5415357
    outer loop
      vertex -0.8204405 0.2198364 0.5277778
      vertex -0.8155028 0.1622136 0.5555556
      vertex -0.8031474 0.2152027 0.5555556
    endloop
  endfacet
  facet normal -0.8294491 0.1369426 0.5415357
    outer loop
      vertex -0.8330618 0.1657063 0.5277778
      vertex -0.8421159 0.1108667 0.5277778
      vertex -0.824366 0.1085298 0.5555556
    endloop
  endfacet
  facet normal -0.8294491 0.1369426 0.5415357
    outer loop
      vertex -0.8330618 0.1657063 0.5277778
      vertex -0.824366 0.1085298 0.5555556
      vertex -0.8155028 0.1622136 0.5555556
    endloop
  endfacet
  facet normal -0.8366297 0.08240083 0.5415357
    outer loop
      vertex -0.8421159 0.1108667 0.5277778
      vertex -0.8475639 0.05555227 0.5277778
      vertex -0.8296992 0.05438136 0.5555556
    endloop
  endfacet
  facet normal -0.8366297 0.08240083 0.5415357
    outer loop
      vertex -0.8421159 0.1108667 0.5277778
      vertex -0.8296992 0.05438136 0.5555556
      vertex -0.824366 0.1085298 0.5555556
    endloop
  endfacet
  facet normal -0.8402277 0.02750621 0.5415357
    outer loop
      vertex -0.8475639 0.05555227 0.5277778
      vertex -0.8493825 1.040194e-16 0.5277778
      vertex -0.8314794 1.018269e-16 0.5555556
    endloop
  endfacet
  facet normal -0.8402277 0.02750621 0.5415357
    outer loop
      vertex -0.8475639 0.05555227 0.5277778
      vertex -0.8314794 1.018269e-16 0.5555556
      vertex -0.8296992 0.05438136 0.5555556
    endloop
  endfacet
  facet normal -0.8402277 -0.02750621 0.5415357
    outer loop
      vertex -0.8493825 1.040194e-16 0.5277778
      vertex -0.8475639 -0.05555227 0.5277778
      vertex -0.8296992 -0.05438136 0.5555556
    endloop
  endfacet
  facet normal -0.8402277 -0.02750621 0.5415357
    outer loop
      vertex -0.8493825 1.040194e-16 0.5277778
      vertex -0.8296992 -0.05438136 0.5555556
      vertex -0.8314794 1.018269e-16 0.5555556
    endloop
  endfacet
  facet normal -0.8366297 -0.08240083 0.5415357
    outer loop
      vertex -0.8475639 -0.05555227 0.5277778
      vertex -0.8421159 -0.1108667 0.5277778
      vertex -0.824366 -0.1085298 0.5555556
    endloop
  endfacet
  facet normal -0.8366297 -0.08240083 0.5415357
    outer loop
      vertex -0.8475639 -0.05555227 0.5277778
      vertex -0.824366 -0.1085298 0.5555556
      vertex -0.8296992 -0.05438136 0.5555556
    endloop
  endfacet
  facet normal -0.8294491 -0.1369426 0.5415357
    outer loop
      vertex -0.8421159 -0.1108667 0.5277778
      vertex -0.8330618 -0.1657063 0.5277778
      vertex -0.8155028 -0.1622136 0.5555556
    endloop
  endfacet
  facet normal -0.8294491 -0.1369426 0.5415357
    outer loop
      vertex -0.8421159 -0.1108667 0.5277778
      vertex -0.8155028 -0.1622136 0.5555556
      vertex -0.824366 -0.1085298 0.5555556
    endloop
  endfacet
  facet normal -0.8187167 -0.190898 0.5415357
    outer loop
      vertex -0.8330618 -0.1657063 0.5277778
      vertex -0.8204405 -0.2198364 0.5277778
      vertex -0.8031474 -0.2152027 0.5555556
    endloop
  endfacet
  facet normal -0.8187167 -0.190898 0.5415357
    outer loop
      vertex -0.8330618 -0.1657063 0.5277778
      vertex -0.8031474 -0.2152027 0.5555556
      vertex -0.8155028 -0.1622136 0.5555556
    endloop
  endfacet
  facet normal -0.8044785 -0.2440359 0.5415357
    outer loop
      vertex -0.8204405 -0.2198364 0.5277778
      vertex -0.8043059 -0.2730251 0.5277778
      vertex -0.7873529 -0.2672703 0.5555556
    endloop
  endfacet
  facet normal -0.8044785 -0.2440359 0.5415357
    outer loop
      vertex -0.8204405 -0.2198364 0.5277778
      vertex -0.7873529 -0.2672703 0.5555556
      vertex -0.8031474 -0.2152027 0.5555556
    endloop
  endfacet
  facet normal -0.7867953 -0.2961288 0.5415357
    outer loop
      vertex -0.8043059 -0.2730251 0.5277778
      vertex -0.7847271 -0.3250446 0.5277778
      vertex -0.7681868 -0.3181934 0.5555556
    endloop
  endfacet
  facet normal -0.7867953 -0.2961288 0.5415357
    outer loop
      vertex -0.8043059 -0.2730251 0.5277778
      vertex -0.7681868 -0.3181934 0.5555556
      vertex -0.7873529 -0.2672703 0.5555556
    endloop
  endfacet
  facet normal -0.765743 -0.3469536 0.5415357
    outer loop
      vertex -0.7847271 -0.3250446 0.5277778
      vertex -0.761788 -0.3756723 0.5277778
      vertex -0.7457312 -0.3677539 0.5555556
    endloop
  endfacet
  facet normal -0.765743 -0.3469536 0.5415357
    outer loop
      vertex -0.7847271 -0.3250446 0.5277778
      vertex -0.7457312 -0.3677539 0.5555556
      vertex -0.7681868 -0.3181934 0.5555556
    endloop
  endfacet
  facet normal -0.7414116 -0.3962928 0.5415357
    outer loop
      vertex -0.761788 -0.3756723 0.5277778
      vertex -0.7355868 -0.4246912 0.5277778
      vertex -0.7200823 -0.4157397 0.5555556
    endloop
  endfacet
  facet normal -0.7414116 -0.3962928 0.5415357
    outer loop
      vertex -0.761788 -0.3756723 0.5277778
      vertex -0.7200823 -0.4157397 0.5555556
      vertex -0.7457312 -0.3677539 0.5555556
    endloop
  endfacet
  facet normal -0.7139054 -0.4439349 0.5415357
    outer loop
      vertex -0.7355868 -0.4246912 0.5277778
      vertex -0.7062357 -0.4718916 0.5277778
      vertex -0.6913499 -0.4619452 0.5555556
    endloop
  endfacet
  facet normal -0.7139054 -0.4439349 0.5415357
    outer loop
      vertex -0.7355868 -0.4246912 0.5277778
      vertex -0.6913499 -0.4619452 0.5555556
      vertex -0.7200823 -0.4157397 0.5555556
    endloop
  endfacet
  facet normal -0.6833422 -0.4896761 0.5415357
    outer loop
      vertex -0.7062357 -0.4718916 0.5277778
      vertex -0.6738604 -0.5170713 0.5277778
      vertex -0.659657 -0.5061726 0.5555556
    endloop
  endfacet
  facet normal -0.6833422 -0.4896761 0.5415357
    outer loop
      vertex -0.7062357 -0.4718916 0.5277778
      vertex -0.659657 -0.5061726 0.5555556
      vertex -0.6913499 -0.4619452 0.5555556
    endloop
  endfacet
  facet normal -0.6498527 -0.5333203 0.5415357
    outer loop
      vertex -0.6738604 -0.5170713 0.5277778
      vertex -0.6385996 -0.5600368 0.5277778
      vertex -0.6251393 -0.5482325 0.5555556
    endloop
  endfacet
  facet normal -0.6498527 -0.5333203 0.5415357
    outer loop
      vertex -0.6738604 -0.5170713 0.5277778
      vertex -0.6251393 -0.5482325 0.5555556
      vertex -0.659657 -0.5061726 0.5555556
    endloop
  endfacet
  facet normal -0.6135805 -0.5746809 0.5415357
    outer loop
      vertex -0.6385996 -0.5600368 0.5277778
      vertex -0.6006041 -0.6006041 0.5277778
      vertex -0.5879447 -0.5879447 0.5555556
    endloop
  endfacet
  facet normal -0.6135805 -0.5746809 0.5415357
    outer loop
      vertex -0.6385996 -0.5600368 0.5277778
      vertex -0.5879447 -0.5879447 0.5555556
      vertex -0.6251393 -0.5482325 0.5555556
    endloop
  endfacet
  facet normal -0.5746809 -0.6135805 0.5415357
    outer loop
      vertex -0.6006041 -0.6006041 0.5277778
      vertex -0.5600368 -0.6385996 0.5277778
      vertex -0.5482325 -0.6251393 0.5555556
    endloop
  endfacet
  facet normal -0.5746809 -0.6135805 0.5415357
    outer loop
      vertex -0.6006041 -0.6006041 0.5277778
      vertex -0.5482325 -0.6251393 0.5555556
      vertex -0.5879447 -0.5879447 0.5555556
    endloop
  endfacet
  facet normal -0.5333203 -0.6498527 0.5415357
    outer loop
      vertex -0.5600368 -0.6385996 0.5277778
      vertex -0.5170713 -0.6738604 0.5277778
      vertex -0.5061726 -0.659657 0.5555556
    endloop
  endfacet
  facet normal -0.5333203 -0.6498527 0.5415357
    outer loop
      vertex -0.5600368 -0.6385996 0.5277778
      vertex -0.5061726 -0.659657 0.5555556
      vertex -0.5482325 -0.6251393 0.5555556
    endloop
  endfacet
  facet normal -0.4896761 -0.6833422 0.5415357
    outer loop
      vertex -0.5170713 -0.6738604 0.5277778
      vertex -0.4718916 -0.7062357 0.5277778
      vertex -0.4619452 -0.6913499 0.5555556
    endloop
  endfacet
  facet normal -0.4896761 -0.6833422 0.5415357
    outer loop
      vertex -0.5170713 -0.6738604 0.5277778
      vertex -0.4619452 -0.6913499 0.5555556
      vertex -0.5061726 -0.659657 0.5555556
    endloop
  endfacet
  facet normal -0.4439349 -0.7139054 0.5415357
    outer loop
      vertex -0.4718916 -0.7062357 0.5277778
      vertex -0.4246912 -0.7355868 0.5277778
      vertex -0.4157397 -0.7200823 0.5555556
    endloop
  endfacet
  facet normal -0.4439349 -0.7139054 0.5415357
    outer loop
      vertex -0.4718916 -0.7062357 0.5277778
      vertex -0.4157397 -0.7200823 0.5555556
      vertex -0.4619452 -0.6913499 0.5555556
    endloop
  endfacet
  facet normal -0.3962928 -0.7414116 0.5415357
    outer loop
      vertex -0.4246912 -0.7355868 0.5277778
      vertex -0.3756723 -0.761788 0.5277778
      vertex -0.3677539 -0.7457312 0.5555556
    endloop
  endfacet
  facet normal -0.3962928 -0.7414116 0.5415357
    outer loop
      vertex -0.4246912 -0.7355868 0.5277778
      vertex -0.3677539 -0.7457312 0.5555556
      vertex -0.4157397 -0.7200823 0.5555556
    endloop
  endfacet
  facet normal -0.3469536 -0.765743 0.5415357
    outer loop
      vertex -0.3756723 -0.761788 0.5277778
      vertex -0.3250446 -0.7847271 0.5277778
      vertex -0.3181934 -0.7681868 0.5555556
    endloop
  endfacet
  facet normal -0.3469536 -0.765743 0.5415357
    outer loop
      vertex -0.3756723 -0.761788 0.5277778
      vertex -0.3181934 -0.7681868 0.5555556
      vertex -0.3677539 -0.7457312 0.5555556
    endloop
  endfacet
  facet normal -0.2961288 -0.7867953 0.5415357
    outer loop
      vertex -0.3250446 -0.7847271 0.5277778
      vertex -0.2730251 -0.8043059 0.5277778
      vertex -0.2672703 -0.7873529 0.5555556
    endloop
  endfacet
  facet normal -0.2961288 -0.7867953 0.5415357
    outer loop
      vertex -0.3250446 -0.7847271 0.5277778
      vertex -0.2672703 -0.7873529 0.5555556
      vertex -0.3181934 -0.7681868 0.5555556
    endloop
  endfacet
  facet normal -0.2440359 -0.8044785 0.5415357
    outer loop
      vertex -0.2730251 -0.8043059 0.5277778
      vertex -0.2198364 -0.8204405 0.5277778
      vertex -0.2152027 -0.8031474 0.5555556
    endloop
  endfacet
  facet normal -0.2440359 -0.8044785 0.5415357
    outer loop
      vertex -0.2730251 -0.8043059 0.5277778
      vertex -0.2152027 -0.8031474 0.5555556
      vertex -0.2672703 -0.7873529 0.5555556
    endloop
  endfacet
  facet normal -0.190898 -0.8187167 0.5415357
    outer loop
      vertex -0.2198364 -0.8204405 0.5277778
      vertex -0.1657063 -0.8330618 0.5277778
      vertex -0.1622136 -0.8155028 0.5555556
    endloop
  endfacet
  facet normal -0.190898 -0.8187167 0.5415357
    outer loop
      vertex -0.2198364 -0.8204405 0.5277778
      vertex -0.1622136 -0.8155028 0.5555556
      vertex -0.2152027 -0.8031474 0.5555556
    endloop
  endfacet
  facet normal -0.1369426 -0.8294491 0.5415357
    outer loop
      vertex -0.1657063 -0.8330618 0.5277778
      vertex -0.1108667 -0.8421159 0.5277778
      vertex -0.1085298 -0.824366 0.5555556
    endloop
  endfacet
  facet normal -0.1369426 -0.8294491 0.5415357
    outer loop
      vertex -0.1657063 -0.8330618 0.5277778
      vertex -0.1085298 -0.824366 0.5555556
      vertex -0.1622136 -0.8155028 0.5555556
    endloop
  endfacet
  facet normal -0.08240083 -0.8366297 0.5415357
    outer loop
      vertex -0.1108667 -0.8421159 0.5277778
      vertex -0.05555227 -0.8475639 0.5277778
      vertex -0.05438136 -0.8296992 0.5555556
    endloop
  endfacet
  facet normal -0.08240083 -0.8366297 0.5415357
    outer loop
      vertex -0.1108667 -0.8421159 0.5277778
      vertex -0.05438136 -0.8296992 0.5555556
      vertex -0.1085298 -0.824366 0.5555556
    endloop
  endfacet
  facet normal -0.02750621 -0.8402277 0.5415357
    outer loop
      vertex -0.05555227 -0.8475639 0.5277778
      vertex -1.56029e-16 -0.8493825 0.5277778
      vertex -1.527403e-16 -0.8314794 0.5555556
    endloop
  endfacet
  facet normal -0.02750621 -0.8402277 0.5415357
    outer loop
      vertex -0.05555227 -0.8475639 0.5277778
      vertex -1.527403e-16 -0.8314794 0.5555556
      vertex -0.05438136 -0.8296992 0.5555556
    endloop
  endfacet
  facet normal 0.02750621 -0.8402277 0.5415357
    outer loop
      vertex -1.56029e-16 -0.8493825 0.5277778
      vertex 0.05555227 -0.8475639 0.5277778
      vertex 0.05438136 -0.8296992 0.5555556
    endloop
  endfacet
  facet normal 0.02750621 -0.8402277 0.5415357
    outer loop
      vertex -1.56029e-16 -0.8493825 0.5277778
      vertex 0.05438136 -0.8296992 0.5555556
      vertex -1.527403e-16 -0.8314794 0.5555556
    endloop
  endfacet
  facet normal 0.08240083 -0.8366297 0.5415357
    outer loop
      vertex 0.05555227 -0.8475639 0.5277778
      vertex 0.1108667 -0.8421159 0.5277778
      vertex 0.1085298 -0.824366 0.5555556
    endloop
  endfacet
  facet normal 0.08240083 -0.8366297 0.5415357
    outer loop
      vertex 0.05555227 -0.8475639 0.5277778
      vertex 0.1085298 -0.824366 0.5555556
      vertex 0.05438136 -0.8296992 0.5555556
    endloop
  endfacet
  facet normal 0.1369426 -0.8294491 0.5415357
    outer loop
      vertex 0.1108667 -0.8421159 0.5277778
      vertex 0.1657063 -0.8330618 0.5277778
      vertex 0.1622136 -0.8155028 0.5555556
    endloop
  endfacet
  facet normal 0.1369426 -0.8294491 0.5415357
    outer loop
      vertex 0.1108667 -0.8421159 0.5277778
      vertex 0.1622136 -0.8155028 0.5555556
      vertex 0.1085298 -0.824366 0.5555556
    endloop
  endfacet
  facet normal 0.190898 -0.8187167 0.5415357
    outer loop
      vertex 0.1657063 -0.8330618 0.5277778
      vertex 0.2198364 -0.8204405 0.5277778
      vertex 0.2152027 -0.8031474 0.5555556
    endloop
  endfacet
  facet normal 0.190898 -0.8187167 0.5415357
    outer loop
      vertex 0.1657063 -0.8330618 0.5277778
      vertex 0.2152027 -0.8031474 0.5555556
      vertex 0.1622136 -0.8155028 0.5555556
    endloop
  endfacet
  facet normal 0.2440359 -0.8044785 0.5415357
    outer loop
      vertex 0.2198364 -0.8204405 0.5277778
      vertex 0.2730251 -0.8043059 0.5277778
      vertex 0.2672703 -0.7873529 0.5555556
    endloop
  endfacet
  facet normal 0.2440359 -0.8044785 0.5415357
    outer loop
      vertex 0.2198364 -0.8204405 0.5277778
      vertex 0.2672703 -0.7873529 0.5555556
      vertex 0.2152027 -0.8031474 0.5555556
    endloop
  endfacet
  facet normal 0.2961288 -0.7867953 0.5415357
    outer loop
      vertex 0.2730251 -0.8043059 0.5277778
      vertex 0.3250446 -0.7847271 0.5277778
      vertex 0.3181934 -0.7681868 0.5555556
    endloop
  endfacet
  facet normal 0.2961288 -0.7867953 0.5415357
    outer loop
      vertex 0.2730251 -0.8043059 0.5277778
      vertex 0.3181934 -0.7681868 0.5555556
      vertex 0.2672703 -0.7873529 0.5555556
    endloop
  endfacet
  facet normal 0.3469536 -0.765743 0.5415357
    outer loop
      vertex 0.3250446 -0.7847271 0.5277778
      vertex 0.3756723 -0.761788 0.5277778
      vertex 0.3677539 -0.7457312 0.5555556
    endloop
  endfacet
  facet normal 0.3469536 -0.765743 0.5415357
    outer loop
      vertex 0.3250446 -0.7847271 0.5277778
      vertex 0.3677539 -0.7457312 0.5555556
      vertex 0.3181934 -0.7681868 0.5555556
    endloop
  endfacet
  facet normal 0.3962928 -0.7414116 0.5415357
    outer loop
      vertex 0.3756723 -0.761788 0.5277778
      vertex 0.4246912 -0.7355868 0.5277778
      vertex 0.4157397 -0.7200823 0.5555556
    endloop
  endfacet
  facet normal 0.3962928 -0.7414116 0.5415357
    outer loop
      vertex 0.3756723 -0.761788 0.5277778
      vertex 0.4157397 -0.7200823 0.5555556
      vertex 0.3677539 -0.7457312 0.5555556
    endloop
  endfacet
  facet normal 0.4439349 -0.7139054 0.5415357
    outer loop
      vertex 0.4246912 -0.7355868 0.5277778
      vertex 0.4718916 -0.7062357 0.5277778
      vertex 0.4619452 -0.6913499 0.5555556
    endloop
  endfacet
  facet normal 0.4439349 -0.7139054 0.5415357
    outer loop
      vertex 0.4246912 -0.7355868 0.5277778
      vertex 0.4619452 -0.6913499 0.5555556
      vertex 0.4157397 -0.7200823 0.5555556
    endloop
  endfacet
  facet normal 0.4896761 -0.6833422 0.5415357
    outer loop
      vertex 0.4718916 -0.7062357 0.5277778
      vertex 0.5170713 -0.6738604 0.5277778
      vertex 0.5061726 -0.659657 0.5555556
    endloop
  endfacet
  facet normal 0.4896761 -0.6833422 0.5415357
    outer loop
      vertex 0.4718916 -0.7062357 0.5277778
      vertex 0.5061726 -0.659657 0.5555556
      vertex 0.4619452 -0.6913499 0.5555556
    endloop
  endfacet
  facet normal 0.5333203 -0.6498527 0.5415357
    outer loop
      vertex 0.5170713 -0.6738604 0.5277778
      vertex 0.5600368 -0.6385996 0.5277778
      vertex 0.5482325 -0.6251393 0.5555556
    endloop
  endfacet
  facet normal 0.5333203 -0.6498527 0.5415357
    outer loop
      vertex 0.5170713 -0.6738604 0.5277778
      vertex 0.5482325 -0.6251393 0.5555556
      vertex 0.5061726 -0.659657 0.5555556
    endloop
  endfacet
  facet normal 0.5746809 -0.6135805 0.5415357
    outer loop
      vertex 0.5600368 -0.6385996 0.5277778
      vertex 0.6006041 -0.6006041 0.5277778
      vertex 0.5879447 -0.5879447 0.5555556
    endloop
  endfacet
  facet normal 0.5746809 -0.6135805 0.5415357
    outer loop
      vertex 0.5600368 -0.6385996 0.5277778
      vertex 0.5879447 -0.5879447 0.5555556
      vertex 0.5482325 -0.6251393 0.5555556
    endloop
  endfacet
  facet normal 0.6135805 -0.5746809 0.5415357
    outer loop
      vertex 0.6006041 -0.6006041 0.5277778
      vertex 0.6385996 -0.5600368 0.5277778
      vertex 0.6251393 -0.5482325 0.5555556
    endloop
  endfacet
  facet normal 0.6135805 -0.5746809 0.5415357
    outer loop
      vertex 0.6006041 -0.6006041 0.5277778
      vertex 0.6251393 -0.5482325 0.5555556
      vertex 0.5879447 -0.5879447 0.5555556
    endloop
  endfacet
  facet normal 0.6498527 -0.5333203 0.5415357
    outer loop
      vertex 0.6385996 -0.5600368 0.5277778
      vertex 0.6738604 -0.5170713 0.5277778
      vertex 0.659657 -0.5061726 0.5555556
    endloop
  endfacet
  facet normal 0.6498527 -0.5333203 0.5415357
    outer loop
      vertex 0.6385996 -0.5600368 0.5277778
      vertex 0.659657 -0.5061726 0.5555556
      vertex 0.6251393 -0.5482325 0.5555556
    endloop
  endfacet
  facet normal 0.6833422 -0.4896761 0.5415357
    outer loop
      vertex 0.6738604 -0.5170713 0.5277778
      vertex 0.7062357 -0.4718916 0.5277778
      vertex 0.6913499 -0.4619452 0.5555556
    endloop
  endfacet
  facet normal 0.6833422 -0.4896761 0.5415357
    outer loop
      vertex 0.6738604 -0.5170713 0.5277778
      vertex 0.6913499 -0.4619452 0.5555556
      vertex 0.659657 -0.5061726 0.5555556
    endloop
  endfacet
  facet normal 0.7139054 -0.4439349 0.5415357
    outer loop
      vertex 0.7062357 -0.4718916 0.5277778
      vertex 0.7355868 -0.4246912 0.5277778
      vertex 0.7200823 -0.4157397 0.5555556
    endloop
  endfacet
  facet normal 0.7139054 -0.4439349 0.5415357
    outer loop
      vertex 0.7062357 -0.4718916 0.5277778
      vertex 0.7200823 -0.4157397 0.5555556
      vertex 0.6913499 -0.4619452 0.5555556
    endloop
  endfacet
  facet normal 0.7414116 -0.3962928 0.5415357
    outer loop
      vertex 0.7355868 -0.4246912 0.5277778
      vertex 0.761788 -0.3756723 0.5277778
      vertex 0.7457312 -0.3677539 0.5555556
    endloop
  endfacet
  facet normal 0.7414116 -0.3962928 0.5415357
    outer loop
      vertex 0.7355868 -0.4246912 0.5277778
      vertex 0.7457312 -0.3677539 0.5555556
      vertex 0.7200823 -0.4157397 0.5555556
    endloop
  endfacet
  facet normal 0.765743 -0.3469536 0.5415357
    outer loop
      vertex 0.761788 -0.3756723 0.5277778
      vertex 0.7847271 -0.3250446 0.5277778
      vertex 0.7681868 -0.3181934 0.5555556
    endloop
  endfacet
  facet normal 0.765743 -0.3469536 0.5415357
    outer loop
      vertex 0.761788 -0.3756723 0.5277778
      vertex 0.7681868 -0.3181934 0.5555556
      vertex 0.7457312 -0.3677539 0.5555556
    endloop
  endfacet
  facet normal 0.7867953 -0.2961288 0.5415357
    outer loop
      vertex 0.7847271 -0.3250446 0.5277778
      vertex 0.8043059 -0.2730251 0.5277778
      vertex 0.7873529 -0.2672703 0.5555556
    endloop
  endfacet
  facet normal 0.7867953 -0.2961288 0.5415357
    outer loop
      vertex 0.7847271 -0.3250446 0.5277778
      vertex 0.7873529 -0.2672703 0.5555556
      vertex 0.7681868 -0.3181934 0.5555556
    endloop
  endfacet
  facet normal 0.8044785 -0.2440359 0.5415357
    outer loop
      vertex 0.8043059 -0.2730251 0.5277778
      vertex 0.8204405 -0.2198364 0.5277778
      vertex 0.8031474 -0.2152027 0.5555556
    endloop
  endfacet
  facet normal 0.8044785 -0.2440359 0.5415357
    outer loop
      vertex 0.8043059 -0.2730251 0.5277778
      vertex 0.8031474 -0.2152027 0.5555556
      vertex 0.7873529 -0.2672703 0.5555556
    endloop
  endfacet
  facet normal 0.8187167 -0.190898 0.5415357
    outer loop
      vertex 0.8204405 -0.2198364 0.5277778
      vertex 0.8330618 -0.1657063 0.5277778
      vertex 0.8155028 -0.1622136 0.5555556
    endloop
  endfacet
  facet normal 0.8187167 -0.190898 0.5415357
    outer loop
      vertex 0.8204405 -0.2198364 0.5277778
      vertex 0.8155028 -0.1622136 0.5555556
      vertex 0.8031474 -0.2152027 0.5555556
    endloop
  endfacet
  facet normal 0.8294491 -0.1369426 0.5415357
    outer loop
      vertex 0.8330618 -0.1657063 0.5277778
      vertex 0.8421159 -0.1108667 0.5277778
      vertex 0.824366 -0.1085298 0.5555556
    endloop
  endfacet
  facet normal 0.8294491 -0.1369426 0.5415357
    outer loop
      vertex 0.8330618 -0.1657063 0.5277778
      vertex 0.824366 -0.1085298 0.5555556
      vertex 0.8155028 -0.1622136 0.5555556
    endloop
  endfacet
  facet normal 0.8366297 -0.08240083 0.5415357
    outer loop
      vertex 0.8421159 -0.1108667 0.5277778
      vertex 0.8475639 -0.05555227 0.5277778
      vertex 0.8296992 -0.05438136 0.5555556
    endloop
  endfacet
  facet normal 0.8366297 -0.08240083 0.5415357
    outer loop
      vertex 0.8421159 -0.1108667 0.5277778
      vertex 0.8296992 -0.05438136 0.5555556
      vertex 0.824366 -0.1085298 0.5555556
    endloop
  endfacet
  facet normal 0.8402277 -0.02750621 0.5415357
    outer loop
      vertex 0.8475639 -0.05555227 0.5277778
      vertex 0.8493825 0 0.5277778
      vertex 0.8314794 0 0.5555556
    endloop
  endfacet
  facet normal 0.8402277 -0.02750621 0.5415357
    outer loop
      vertex 0.8475639 -0.05555227 0.5277778
      vertex 0.8314794 0 0.5555556
      vertex 0.8296992 -0.05438136 0.5555556
    endloop
  endfacet
  facet normal 0.8216761 0.02689889 0.5693197
    outer loop
      vertex 0.8314794 0 0.5555556
      vertex 0.8296992 0.05438136 0.5555556
      vertex 0.8104938 0.05312257 0.5833333
    endloop
  endfacet
  facet normal 0.8216761 0.02689889 0.5693197
    outer loop
      vertex 0.8314794 0 0.5555556
      vertex 0.8104938 0.05312257 0.5833333
      vertex 0.8122329 0 0.5833333
    endloop
  endfacet
  facet normal 0.8181575 0.08058148 0.5693197
    outer loop
      vertex 0.8296992 0.05438136 0.5555556
      vertex 0.824366 0.1085298 0.5555556
      vertex 0.8052841 0.1060177 0.5833333
    endloop
  endfacet
  facet normal 0.8181575 0.08058148 0.5693197
    outer loop
      vertex 0.8296992 0.05438136 0.5555556
      vertex 0.8052841 0.1060177 0.5833333
      vertex 0.8104938 0.05312257 0.5833333
    endloop
  endfacet
  facet normal 0.8111355 0.133919 0.5693197
    outer loop
      vertex 0.824366 0.1085298 0.5555556
      vertex 0.8155028 0.1622136 0.5555556
      vertex 0.796626 0.1584588 0.5833333
    endloop
  endfacet
  facet normal 0.8111355 0.133919 0.5693197
    outer loop
      vertex 0.824366 0.1085298 0.5555556
      vertex 0.796626 0.1584588 0.5833333
      vertex 0.8052841 0.1060177 0.5833333
    endloop
  endfacet
  facet normal 0.8006401 0.1866831 0.5693197
    outer loop
      vertex 0.8155028 0.1622136 0.5555556
      vertex 0.8031474 0.2152027 0.5555556
      vertex 0.7845567 0.2102213 0.5833333
    endloop
  endfacet
  facet normal 0.8006401 0.1866831 0.5693197
    outer loop
      vertex 0.8155028 0.1622136 0.5555556
      vertex 0.7845567 0.2102213 0.5833333
      vertex 0.796626 0.1584588 0.5833333
    endloop
  endfacet
  facet normal 0.7867162 0.2386477 0.5693197
    outer loop
      vertex 0.8031474 0.2152027 0.5555556
      vertex 0.7873529 0.2672703 0.5555556
      vertex 0.7691278 0.2610837 0.5833333
    endloop
  endfacet
  facet normal 0.7867162 0.2386477 0.5693197
    outer loop
      vertex 0.8031474 0.2152027 0.5555556
      vertex 0.7691278 0.2610837 0.5833333
      vertex 0.7845567 0.2102213 0.5833333
    endloop
  endfacet
  facet normal 0.7694235 0.2895905 0.5693197
    outer loop
      vertex 0.7873529 0.2672703 0.5555556
      vertex 0.7681868 0.3181934 0.5555556
      vertex 0.7504053 0.3108281 0.5833333
    endloop
  endfacet
  facet normal 0.7694235 0.2895905 0.5693197
    outer loop
      vertex 0.7873529 0.2672703 0.5555556
      vertex 0.7504053 0.3108281 0.5833333
      vertex 0.7691278 0.2610837 0.5833333
    endloop
  endfacet
  facet normal 0.7488359 0.3392932 0.5693197
    outer loop
      vertex 0.7681868 0.3181934 0.5555556
      vertex 0.7457312 0.3677539 0.5555556
      vertex 0.7284695 0.3592414 0.5833333
    endloop
  endfacet
  facet normal 0.7488359 0.3392932 0.5693197
    outer loop
      vertex 0.7681868 0.3181934 0.5555556
      vertex 0.7284695 0.3592414 0.5833333
      vertex 0.7504053 0.3108281 0.5833333
    endloop
  endfacet
  facet normal 0.7250418 0.3875429 0.5693197
    outer loop
      vertex 0.7457312 0.3677539 0.5555556
      vertex 0.7200823 0.4157397 0.5555556
      vertex 0.7034143 0.4061164 0.5833333
    endloop
  endfacet
  facet normal 0.7250418 0.3875429 0.5693197
    outer loop
      vertex 0.7457312 0.3677539 0.5555556
      vertex 0.7034143 0.4061164 0.5833333
      vertex 0.7284695 0.3592414 0.5833333
    endloop
  endfacet
  facet normal 0.6981429 0.4341332 0.5693197
    outer loop
      vertex 0.7200823 0.4157397 0.5555556
      vertex 0.6913499 0.4619452 0.5555556
      vertex 0.6753469 0.4512524 0.5833333
    endloop
  endfacet
  facet normal 0.6981429 0.4341332 0.5693197
    outer loop
      vertex 0.7200823 0.4157397 0.5555556
      vertex 0.6753469 0.4512524 0.5833333
      vertex 0.7034143 0.4061164 0.5833333
    endloop
  endfacet
  facet normal 0.6682545 0.4788644 0.5693197
    outer loop
      vertex 0.6913499 0.4619452 0.5555556
      vertex 0.659657 0.5061726 0.5555556
      vertex 0.6443877 0.494456 0.5833333
    endloop
  endfacet
  facet normal 0.6682545 0.4788644 0.5693197
    outer loop
      vertex 0.6913499 0.4619452 0.5555556
      vertex 0.6443877 0.494456 0.5833333
      vertex 0.6753469 0.4512524 0.5833333
    endloop
  endfacet
  facet normal 0.6355044 0.521545 0.5693197
    outer loop
      vertex 0.659657 0.5061726 0.5555556
      vertex 0.6251393 0.5482325 0.5555556
      vertex 0.610669 0.5355423 0.5833333
    endloop
  endfacet
  facet normal 0.6355044 0.521545 0.5693197
    outer loop
      vertex 0.659657 0.5061726 0.5555556
      vertex 0.610669 0.5355423 0.5833333
      vertex 0.6443877 0.494456 0.5833333
    endloop
  endfacet
  facet normal 0.6000331 0.5619923 0.5693197
    outer loop
      vertex 0.6251393 0.5482325 0.5555556
      vertex 0.5879447 0.5879447 0.5555556
      vertex 0.5743354 0.5743354 0.5833333
    endloop
  endfacet
  facet normal 0.6000331 0.5619923 0.5693197
    outer loop
      vertex 0.6251393 0.5482325 0.5555556
      vertex 0.5743354 0.5743354 0.5833333
      vertex 0.610669 0.5355423 0.5833333
    endloop
  endfacet
  facet normal 0.5619923 0.6000331 0.5693197
    outer loop
      vertex 0.5879447 0.5879447 0.5555556
      vertex 0.5482325 0.6251393 0.5555556
      vertex 0.5355423 0.610669 0.5833333
    endloop
  endfacet
  facet normal 0.5619923 0.6000331 0.5693197
    outer loop
      vertex 0.5879447 0.5879447 0.5555556
      vertex 0.5355423 0.610669 0.5833333
      vertex 0.5743354 0.5743354 0.5833333
    endloop
  endfacet
  facet normal 0.521545 0.6355044 0.5693197
    outer loop
      vertex 0.5482325 0.6251393 0.5555556
      vertex 0.5061726 0.659657 0.5555556
      vertex 0.494456 0.6443877 0.5833333
    endloop
  endfacet
  facet normal 0.521545 0.6355044 0.5693197
    outer loop
      vertex 0.5482325 0.6251393 0.5555556
      vertex 0.494456 0.6443877 0.5833333
      vertex 0.5355423 0.610669 0.5833333
    endloop
  endfacet
  facet normal 0.4788644 0.6682545 0.5693197
    outer loop
      vertex 0.5061726 0.659657 0.5555556
      vertex 0.4619452 0.6913499 0.5555556
      vertex 0.4512524 0.6753469 0.5833333
    endloop
  endfacet
  facet normal 0.4788644 0.6682545 0.5693197
    outer loop
      vertex 0.5061726 0.659657 0.5555556
      vertex 0.4512524 0.6753469 0.5833333
      vertex 0.494456 0.6443877 0.5833333
    endloop
  endfacet
  facet normal 0.4341332 0.6981429 0.5693197
    outer loop
      vertex 0.4619452 0.6913499 0.5555556
      vertex 0.4157397 0.7200823 0.5555556
      vertex 0.4061164 0.7034143 0.5833333
    endloop
  endfacet
  facet normal 0.4341332 0.6981429 0.5693197
    outer loop
      vertex 0.4619452 0.6913499 0.5555556
      vertex 0.4061164 0.7034143 0.5833333
      vertex 0.4512524 0.6753469 0.5833333
    endloop
  endfacet
  facet normal 0.3875429 0.7250418 0.5693197
    outer loop
      vertex 0.4157397 0.7200823 0.5555556
      vertex 0.3677539 0.7457312 0.5555556
      vertex 0.3592414 0.7284695 0.5833333
    endloop
  endfacet
  facet normal 0.3875429 0.7250418 0.5693197
    outer loop
      vertex 0.4157397 0.7200823 0.5555556
      vertex 0.3592414 0.7284695 0.5833333
      vertex 0.4061164 0.7034143 0.5833333
    endloop
  endfacet
  facet normal 0.3392932 0.7488359 0.5693197
    outer loop
      vertex 0.3677539 0.7457312 0.5555556
      vertex 0.3181934 0.7681868 0.5555556
      vertex 0.3108281 0.7504053 0.5833333
    endloop
  endfacet
  facet normal 0.3392932 0.7488359 0.5693197
    outer loop
      vertex 0.3677539 0.7457312 0.5555556
      vertex 0.3108281 0.7504053 0.5833333
      vertex 0.3592414 0.7284695 0.5833333
    endloop
  endfacet
  facet normal 0.2895905 0.7694235 0.5693197
    outer loop
      vertex 0.3181934 0.7681868 0.5555556
      vertex 0.2672703 0.7873529 0.5555556
      vertex 0.2610837 0.7691278 0.5833333
    endloop
  endfacet
  facet normal 0.2895905 0.7694235 0.5693197
    outer loop
      vertex 0.3181934 0.7681868 0.5555556
      vertex 0.2610837 0.7691278 0.5833333
      vertex 0.3108281 0.7504053 0.5833333
    endloop
  endfacet
  facet normal 0.2386477 0.7867162 0.5693197
    outer loop
      vertex 0.2672703 0.7873529 0.5555556
      vertex 0.2152027 0.8031474 0.5555556
      vertex 0.2102213 0.7845567 0.5833333
    endloop
  endfacet
  facet normal 0.2386477 0.7867162 0.5693197
    outer loop
      vertex 0.2672703 0.7873529 0.5555556
      vertex 0.2102213 0.7845567 0.5833333
      vertex 0.2610837 0.7691278 0.5833333
    endloop
  endfacet
  facet normal 0.1866831 0.8006401 0.5693197
    outer loop
      vertex 0.2152027 0.8031474 0.5555556
      vertex 0.1622136 0.8155028 0.5555556
      vertex 0.1584588 0.796626 0.5833333
    endloop
  endfacet
  facet normal 0.1866831 0.8006401 0.5693197
    outer loop
      vertex 0.2152027 0.8031474 0.5555556
      vertex 0.1584588 0.796626 0.5833333
      vertex 0.2102213 0.7845567 0.5833333
    endloop
  endfacet
  facet normal 0.133919 0.8111355 0.5693197
    outer loop
      vertex 0.1622136 0.8155028 0.5555556
      vertex 0.1085298 0.824366 0.5555556
      vertex 0.1060177 0.8052841 0.5833333
    endloop
  endfacet
  facet normal 0.133919 0.8111355 0.5693197
    outer loop
      vertex 0.1622136 0.8155028 0.5555556
      vertex 0.1060177 0.8052841 0.5833333
      vertex 0.1584588 0.796626 0.5833333
    endloop
  endfacet
  facet normal 0.08058148 0.8181575 0.5693197
    outer loop
      vertex 0.1085298 0.824366 0.5555556
      vertex 0.05438136 0.8296992 0.5555556
      vertex 0.05312257 0.8104938 0.5833333
    endloop
  endfacet
  facet normal 0.08058148 0.8181575 0.5693197
    outer loop
      vertex 0.1085298 0.824366 0.5555556
      vertex 0.05312257 0.8104938 0.5833333
      vertex 0.1060177 0.8052841 0.5833333
    endloop
  endfacet
  facet normal 0.02689889 0.8216761 0.5693197
    outer loop
      vertex 0.05438136 0.8296992 0.5555556
      vertex 5.091343e-17 0.8314794 0.5555556
      vertex 4.973492e-17 0.8122329 0.5833333
    endloop
  endfacet
  facet normal 0.02689889 0.8216761 0.5693197
    outer loop
      vertex 0.05438136 0.8296992 0.5555556
      vertex 4.973492e-17 0.8122329 0.5833333
      vertex 0.05312257 0.8104938 0.5833333
    endloop
  endfacet
  facet normal -0.02689889 0.8216761 0.5693197
    outer loop
      vertex 5.091343e-17 0.8314794 0.5555556
      vertex -0.05438136 0.8296992 0.5555556
      vertex -0.05312257 0.8104938 0.5833333
    endloop
  endfacet
  facet normal -0.02689889 0.8216761 0.5693197
    outer loop
      vertex 5.091343e-17 0.8314794 0.5555556
      vertex -0.05312257 0.8104938 0.5833333
      vertex 4.973492e-17 0.8122329 0.5833333
    endloop
  endfacet
  facet normal -0.08058148 0.8181575 0.5693197
    outer loop
      vertex -0.05438136 0.8296992 0.5555556
      vertex -0.1085298 0.824366 0.5555556
      vertex -0.1060177 0.8052841 0.5833333
    endloop
  endfacet
  facet normal -0.08058148 0.8181575 0.5693197
    outer loop
      vertex -0.05438136 0.8296992 0.5555556
      vertex -0.1060177 0.8052841 0.5833333
      vertex -0.05312257 0.8104938 0.5833333
    endloop
  endfacet
  facet normal -0.133919 0.8111355 0.5693197
    outer loop
      vertex -0.1085298 0.824366 0.5555556
      vertex -0.1622136 0.8155028 0.5555556
      vertex -0.1584588 0.796626 0.5833333
    endloop
  endfacet
  facet normal -0.133919 0.8111355 0.5693197
    outer loop
      vertex -0.1085298 0.824366 0.5555556
      vertex -0.1584588 0.796626 0.5833333
      vertex -0.1060177 0.8052841 0.5833333
    endloop
  endfacet
  facet normal -0.1866831 0.8006401 0.5693197
    outer loop
      vertex -0.1622136 0.8155028 0.5555556
      vertex -0.2152027 0.8031474 0.5555556
      vertex -0.2102213 0.7845567 0.5833333
    endloop
  endfacet
  facet normal -0.1866831 0.8006401 0.5693197
    outer loop
      vertex -0.1622136 0.8155028 0.5555556
      vertex -0.2102213 0.7845567 0.5833333
      vertex -0.1584588 0.796626 0.5833333
    endloop
  endfacet
  facet normal -0.2386477 0.7867162 0.5693197
    outer loop
      vertex -0.2152027 0.8031474 0.5555556
      vertex -0.2672703 0.7873529 0.5555556
      vertex -0.2610837 0.7691278 0.5833333
    endloop
  endfacet
  facet normal -0.2386477 0.7867162 0.5693197
    outer loop
      vertex -0.2152027 0.8031474 0.5555556
      vertex -0.2610837 0.7691278 0.5833333
      vertex -0.2102213 0.7845567 0.5833333
    endloop
  endfacet
  facet normal -0.2895905 0.7694235 0.5693197
    outer loop
      vertex -0.2672703 0.7873529 0.5555556
      vertex -0.3181934 0.7681868 0.5555556
      vertex -0.3108281 0.7504053 0.5833333
    endloop
  endfacet
  facet normal -0.2895905 0.7694235 0.5693197
    outer loop
      vertex -0.2672703 0.7873529 0.5555556
      vertex -0.3108281 0.7504053 0.5833333
      vertex -0.2610837 0.7691278 0.5833333
    endloop
  endfacet
  facet normal -0.3392932 0.7488359 0.5693197
    outer loop
      vertex -0.3181934 0.7681868 0.5555556
      vertex -0.3677539 0.7457312 0.5555556
      vertex -0.3592414 0.7284695 0.5833333
    endloop
  endfacet
  facet normal -0.3392932 0.7488359 0.5693197
    outer loop
      vertex -0.3181934 0.7681868 0.5555556
      vertex -0.3592414 0.7284695 0.5833333
      vertex -0.3108281 0.7504053 0.5833333
    endloop
  endfacet
  facet normal -0.3875429 0.7250418 0.5693197
    outer loop
      vertex -0.3677539 0.7457312 0.5555556
      vertex -0.4157397 0.7200823 0.5555556
      vertex -0.4061164 0.7034143 0.5833333
    endloop
  endfacet
  facet normal -0.3875429 0.7250418 0.5693197
    outer loop
      vertex -0.3677539 0.7457312 0.5555556
      vertex -0.4061164 0.7034143 0.5833333
      vertex -0.3592414 0.7284695 0.5833333
    endloop
  endfacet
  facet normal -0.4341332 0.6981429 0.5693197
    outer loop
      vertex -0.4157397 0.7200823 0.5555556
      vertex -0.4619452 0.6913499 0.5555556
      vertex -0.4512524 0.6753469 0.5833333
    endloop
  endfacet
  facet normal -0.4341332 0.6981429 0.5693197
    outer loop
      vertex -0.4157397 0.7200823 0.5555556
      vertex -0.4512524 0.6753469 0.5833333
      vertex -0.4061164 0.7034143 0.5833333
    endloop
  endfacet
  facet normal -0.4788644 0.6682545 0.5693197
    outer loop
      vertex -0.4619452 0.6913499 0.5555556
      vertex -0.5061726 0.659657 0.5555556
      vertex -0.494456 0.6443877 0.5833333
    endloop
  endfacet
  facet normal -0.4788644 0.6682545 0.5693197
    outer loop
      vertex -0.4619452 0.6913499 0.5555556
      vertex -0.494456 0.6443877 0.5833333
      vertex -0.4512524 0.6753469 0.5833333
    endloop
  endfacet
  facet normal -0.521545 0.6355044 0.5693197
    outer loop
      vertex -0.5061726 0.659657 0.5555556
      vertex -0.5482325 0.6251393 0.5555556
      vertex -0.5355423 0.610669 0.5833333
    endloop
  endfacet
  facet normal -0.521545 0.6355044 0.5693197
    outer loop
      vertex -0.5061726 0.659657 0.5555556
      vertex -0.5355423 0.610669 0.5833333
      vertex -0.494456 0.6443877 0.5833333
    endloop
  endfacet
  facet normal -0.5619923 0.6000331 0.5693197
    outer loop
      vertex -0.5482325 0.6251393 0.5555556
      vertex -0.5879447 0.5879447 0.5555556
      vertex -0.5743354 0.5743354 0.5833333
    endloop
  endfacet
  facet normal -0.5619923 0.6000331 0.5693197
    outer loop
      vertex -0.5482325 0.6251393 0.5555556
      vertex -0.5743354 0.5743354 0.5833333
      vertex -0.5355423 0.610669 0.5833333
    endloop
  endfacet
  facet normal -0.6000331 0.5619923 0.5693197
    outer loop
      vertex -0.5879447 0.5879447 0.5555556
      vertex -0.6251393 0.5482325 0.5555556
      vertex -0.610669 0.5355423 0.5833333
    endloop
  endfacet
  facet normal -0.6000331 0.5619923 0.5693197
    outer loop
      vertex -0.5879447 0.5879447 0.5555556
      vertex -0.610669 0.5355423 0.5833333
      vertex -0.5743354 0.5743354 0.5833333
    endloop
  endfacet
  facet normal -0.6355044 0.521545 0.5693197
    outer loop
      vertex -0.6251393 0.5482325 0.5555556
      vertex -0.659657 0.5061726 0.5555556
      vertex -0.6443877 0.494456 0.5833333
    endloop
  endfacet
  facet normal -0.6355044 0.521545 0.5693197
    outer loop
      vertex -0.6251393 0.5482325 0.5555556
      vertex -0.6443877 0.494456 0.5833333
      vertex -0.610669 0.5355423 0.5833333
    endloop
  endfacet
  facet normal -0.6682545 0.4788644 0.5693197
    outer loop
      vertex -0.659657 0.5061726 0.5555556
      vertex -0.6913499 0.4619452 0.5555556
      vertex -0.6753469 0.4512524 0.5833333
    endloop
  endfacet
  facet normal -0.6682545 0.4788644 0.5693197
    outer loop
      vertex -0.659657 0.5061726 0.5555556
      vertex -0.6753469 0.4512524 0.5833333
      vertex -0.6443877 0.494456 0.5833333
    endloop
  endfacet
  facet normal -0.6981429 0.4341332 0.5693197
    outer loop
      vertex -0.6913499 0.4619452 0.5555556
      vertex -0.7200823 0.4157397 0.5555556
      vertex -0.7034143 0.4061164 0.5833333
    endloop
  endfacet
  facet normal -0.6981429 0.4341332 0.5693197
    outer loop
      vertex -0.6913499 0.4619452 0.5555556
      vertex -0.7034143 0.4061164 0.5833333
      vertex -0.6753469 0.4512524 0.5833333
    endloop
  endfacet
  facet normal -0.7250418 0.3875429 0.5693197
    outer loop
      vertex -0.7200823 0.4157397 0.5555556
      vertex -0.7457312 0.3677539 0.5555556
      vertex -0.7284695 0.3592414 0.5833333
    endloop
  endfacet
  facet normal -0.7250418 0.3875429 0.5693197
    outer loop
      vertex -0.7200823 0.4157397 0.5555556
      vertex -0.7284695 0.3592414 0.5833333
      vertex -0.7034143 0.4061164 0.5833333
    endloop
  endfacet
  facet normal -0.7488359 0.3392932 0.5693197
    outer loop
      vertex -0.7457312 0.3677539 0.5555556
      vertex -0.7681868 0.3181934 0.5555556
      vertex -0.7504053 0.3108281 0.5833333
    endloop
  endfacet
  facet normal -0.7488359 0.3392932 0.5693197
    outer loop
      vertex -0.7457312 0.3677539 0.5555556
      vertex -0.7504053 0.3108281 0.5833333
      vertex -0.7284695 0.3592414 0.5833333
    endloop
  endfacet
  facet normal -0.7694235 0.2895905 0.5693197
    outer loop
      vertex -0.7681868 0.3181934 0.5555556
      vertex -0.7873529 0.2672703 0.5555556
      vertex -0.7691278 0.2610837 0.5833333
    endloop
  endfacet
  facet normal -0.7694235 0.2895905 0.5693197
    outer loop
      vertex -0.7681868 0.3181934 0.5555556
      vertex -0.7691278 0.2610837 0.5833333
      vertex -0.7504053 0.3108281 0.5833333
    endloop
  endfacet
  facet normal -0.7867162 0.2386477 0.5693197
    outer loop
      vertex -0.7873529 0.2672703 0.5555556
      vertex -0.8031474 0.2152027 0.5555556
      vertex -0.7845567 0.2102213 0.5833333
    endloop
  endfacet
  facet normal -0.7867162 0.2386477 0.5693197
    outer loop
      vertex -0.7873529 0.2672703 0.5555556
      vertex -0.7845567 0.2102213 0.5833333
      vertex -0.7691278 0.2610837 0.5833333
    endloop
  endfacet
  facet normal -0.8006401 0.1866831 0.5693197
    outer loop
      vertex -0.8031474 0.2152027 0.5555556
      vertex -0.8155028 0.1622136 0.5555556
      vertex -0.796626 0.1584588 0.5833333
    endloop
  endfacet
  facet normal -0.8006401 0.1866831 0.5693197
    outer loop
      vertex -0.8031474 0.2152027 0.5555556
      vertex -0.796626 0.1584588 0.5833333
      vertex -0.7845567 0.2102213 0.5833333
    endloop
  endfacet
  facet normal -0.8111355 0.133919 0.5693197
    outer loop
      vertex -0.8155028 0.1622136 0.5555556
      vertex -0.824366 0.1085298 0.5555556
      vertex -0.8052841 0.1060177 0.5833333
    endloop
  endfacet
  facet normal -0.8111355 0.133919 0.5693197
    outer loop
      vertex -0.8155028 0.1622136 0.5555556
      vertex -0.8052841 0.1060177 0.5833333
      vertex -0.796626 0.1584588 0.5833333
    endloop
  endfacet
  facet normal -0.8181575 0.08058148 0.5693197
    outer loop
      vertex -0.824366 0.1085298 0.5555556
      vertex -0.8296992 0.05438136 0.5555556
      vertex -0.8104938 0.05312257 0.5833333
    endloop
  endfacet
  facet normal -0.8181575 0.08058148 0.5693197
    outer loop
      vertex -0.824366 0.1085298 0.5555556
      vertex -0.8104938 0.05312257 0.5833333
      vertex -0.8052841 0.1060177 0.5833333
    endloop
  endfacet
  facet normal -0.8216761 0.02689889 0.5693197
    outer loop
      vertex -0.8296992 0.05438136 0.5555556
      vertex -0.8314794 1.018269e-16 0.5555556
      vertex -0.8122329 9.946984e-17 0.5833333
    endloop
  endfacet
  facet normal -0.8216761 0.02689889 0.5693197
    outer loop
      vertex -0.8296992 0.05438136 0.5555556
      vertex -0.8122329 9.946984e-17 0.5833333
      vertex -0.8104938 0.05312257 0.5833333
    endloop
  endfacet
  facet normal -0.8216761 -0.02689889 0.5693197
    outer loop
      vertex -0.8314794 1.018269e-16 0.5555556
      vertex -0.8296992 -0.05438136 0.5555556
      vertex -0.8104938 -0.05312257 0.5833333
    endloop
  endfacet
  facet normal -0.8216761 -0.02689889 0.5693197
    outer loop
      vertex -0.8314794 1.018269e-16 0.5555556
      vertex -0.8104938 -0.05312257 0.5833333
      vertex -0.8122329 9.946984e-17 0.5833333
    endloop
  endfacet
  facet normal -0.8181575 -0.08058148 0.5693197
    outer loop
      vertex -0.8296992 -0.05438136 0.5555556
      vertex -0.824366 -0.1085298 0.5555556
      vertex -0.8052841 -0.1060177 0.5833333
    endloop
  endfacet
  facet normal -0.8181575 -0.08058148 0.5693197
    outer loop
      vertex -0.8296992 -0.05438136 0.5555556
      vertex -0.8052841 -0.1060177 0.5833333
      vertex -0.8104938 -0.05312257 0.5833333
    endloop
  endfacet
  facet normal -0.8111355 -0.133919 0.5693197
    outer loop
      vertex -0.824366 -0.1085298 0.5555556
      vertex -0.8155028 -0.1622136 0.5555556
      vertex -0.796626 -0.1584588 0.5833333
    endloop
  endfacet
  facet normal -0.8111355 -0.133919 0.5693197
    outer loop
      vertex -0.824366 -0.1085298 0.5555556
      vertex -0.796626 -0.1584588 0.5833333
      vertex -0.8052841 -0.1060177 0.5833333
    endloop
  endfacet
  facet normal -0.8006401 -0.1866831 0.5693197
    outer loop
      vertex -0.8155028 -0.1622136 0.5555556
      vertex -0.8031474 -0.2152027 0.5555556
      vertex -0.7845567 -0.2102213 0.5833333
    endloop
  endfacet
  facet normal -0.8006401 -0.1866831 0.5693197
    outer loop
      vertex -0.8155028 -0.1622136 0.5555556
      vertex -0.7845567 -0.2102213 0.5833333
      vertex -0.796626 -0.1584588 0.5833333
    endloop
  endfacet
  facet normal -0.7867162 -0.2386477 0.5693197
    outer loop
      vertex -0.8031474 -0.2152027 0.5555556
      vertex -0.7873529 -0.2672703 0.5555556
      vertex -0.7691278 -0.2610837 0.5833333
    endloop
  endfacet
  facet normal -0.7867162 -0.2386477 0.5693197
    outer loop
      vertex -0.8031474 -0.2152027 0.5555556
      vertex -0.7691278 -0.2610837 0.5833333
      vertex -0.7845567 -0.2102213 0.5833333
    endloop
  endfacet
  facet normal -0.7694235 -0.2895905 0.5693197
    outer loop
      vertex -0.7873529 -0.2672703 0.5555556
      vertex -0.7681868 -0.3181934 0.5555556
      vertex -0.7504053 -0.3108281 0.5833333
    endloop
  endfacet
  facet normal -0.7694235 -0.2895905 0.5693197
    outer loop
      vertex -0.7873529 -0.2672703 0.5555556
      vertex -0.7504053 -0.3108281 0.5833333
      vertex -0.7691278 -0.2610837 0.5833333
    endloop
  endfacet
  facet normal -0.7488359 -0.3392932 0.5693197
    outer loop
      vertex -0.7681868 -0.3181934 0.5555556
      vertex -0.7457312 -0.3677539 0.5555556
      vertex -0.7284695 -0.3592414 0.5833333
    endloop
  endfacet
  facet normal -0.7488359 -0.3392932 0.5693197
    outer loop
      vertex -0.7681868 -0.3181934 0.5555556
      vertex -0.7284695 -0.3592414 0.5833333
      vertex -0.7504053 -0.3108281 0.5833333
    endloop
  endfacet
  facet normal -0.7250418 -0.3875429 0.5693197
    outer loop
      vertex -0.7457312 -0.3677539 0.5555556
      vertex -0.7200823 -0.4157397 0.5555556
      vertex -0.7034143 -0.4061164 0.5833333
    endloop
  endfacet
  facet normal -0.7250418 -0.3875429 0.5693197
    outer loop
      vertex -0.7457312 -0.3677539 0.5555556
      vertex -0.7034143 -0.4061164 0.5833333
      vertex -0.7284695 -0.3592414 0.5833333
    endloop
  endfacet
  facet normal -0.6981429 -0.4341332 0.5693197
    outer loop
      vertex -0.7200823 -0.4157397 0.5555556
      vertex -0.6913499 -0.4619452 0.5555556
      vertex -0.6753469 -0.4512524 0.5833333
    endloop
  endfacet
  facet normal -0.6981429 -0.4341332 0.5693197
    outer loop
      vertex -0.7200823 -0.4157397 0.5555556
      vertex -0.6753469 -0.4512524 0.5833333
      vertex -0.7034143 -0.4061164 0.5833333
    endloop
  endfacet
  facet normal -0.6682545 -0.4788644 0.5693197
    outer loop
      vertex -0.6913499 -0.4619452 0.5555556
      vertex -0.659657 -0.5061726 0.5555556
      vertex -0.6443877 -0.494456 0.5833333
    endloop
  endfacet
  facet normal -0.6682545 -0.4788644 0.5693197
    outer loop
      vertex -0.6913499 -0.4619452 0.5555556
      vertex -0.6443877 -0.494456 0.5833333
      vertex -0.6753469 -0.4512524 0.5833333
    endloop
  endfacet
  facet normal -0.6355044 -0.521545 0.5693197
    outer loop
      vertex -0.659657 -0.5061726 0.5555556
      vertex -0.6251393 -0.5482325 0.5555556
      vertex -0.610669 -0.5355423 0.5833333
    endloop
  endfacet
  facet normal -0.6355044 -0.521545 0.5693197
    outer loop
      vertex -0.659657 -0.5061726 0.5555556
      vertex -0.610669 -0.5355423 0.5833333
      vertex -0.6443877 -0.494456 0.5833333
    endloop
  endfacet
  facet normal -0.6000331 -0.5619923 0.5693197
    outer loop
      vertex -0.6251393 -0.5482325 0.5555556
      vertex -0.5879447 -0.5879447 0.5555556
      vertex -0.5743354 -0.5743354 0.5833333
    endloop
  endfacet
  facet normal -0.6000331 -0.5619923 0.5693197
    outer loop
      vertex -0.6251393 -0.5482325 0.5555556
      vertex -0.5743354 -0.5743354 0.5833333
      vertex -0.610669 -0.5355423 0.5833333
    endloop
  endfacet
  facet normal -0.5619923 -0.6000331 0.5693197
    outer loop
      vertex -0.5879447 -0.5879447 0.5555556
      vertex -0.5482325 -0.6251393 0.5555556
      vertex -0.5355423 -0.610669 0.5833333
    endloop
  endfacet
  facet normal -0.5619923 -0.6000331 0.5693197
    outer loop
      vertex -0.5879447 -0.5879447 0.5555556
      vertex -0.5355423 -0.610669 0.5833333
      vertex -0.5743354 -0.5743354 0.5833333
    endloop
  endfacet
  facet normal -0.521545 -0.6355044 0.5693197
    outer loop
      vertex -0.5482325 -0.6251393 0.5555556
      vertex -0.5061726 -0.659657 0.5555556
      vertex -0.494456 -0.6443877 0.5833333
    endloop
  endfacet
  facet normal -0.521545 -0.6355044 0.5693197
    outer loop
      vertex -0.5482325 -0.6251393 0.5555556
      vertex -0.494456 -0.6443877 0.5833333
      vertex -0.5355423 -0.610669 0.5833333
    endloop
  endfacet
  facet normal -0.4788644 -0.6682545 0.5693197
    outer loop
      vertex -0.5061726 -0.659657 0.5555556
      vertex -0.4619452 -0.6913499 0.5555556
      vertex -0.4512524 -0.6753469 0.5833333
    endloop
  endfacet
  facet normal -0.4788644 -0.6682545 0.5693197
    outer loop
      vertex -0.5061726 -0.659657 0.5555556
      vertex -0.4512524 -0.6753469 0.5833333
      vertex -0.494456 -0.6443877 0.5833333
    endloop
  endfacet
  facet normal -0.4341332 -0.6981429 0.5693197
    outer loop
      vertex -0.4619452 -0.6913499 0.5555556
      vertex -0.4157397 -0.7200823 0.5555556
      vertex -0.4061164 -0.7034143 0.5833333
    endloop
  endfacet
  facet normal -0.4341332 -0.6981429 0.5693197
    outer loop
      vertex -0.4619452 -0.6913499 0.5555556
      vertex -0.4061164 -0.7034143 0.5833333
      vertex -0.4512524 -0.6753469 0.5833333
    endloop
  endfacet
  facet normal -0.3875429 -0.7250418 0.5693197
    outer loop
      vertex -0.4157397 -0.7200823 0.5555556
      vertex -0.3677539 -0.7457312 0.5555556
      vertex -0.3592414 -0.7284695 0.5833333
    endloop
  endfacet
  facet normal -0.3875429 -0.7250418 0.5693197
    outer loop
      vertex -0.4157397 -0.7200823 0.5555556
      vertex -0.3592414 -0.7284695 0.5833333
      vertex -0.4061164 -0.7034143 0.5833333
    endloop
  endfacet
  facet normal -0.3392932 -0.7488359 0.5693197
    outer loop
      vertex -0.3677539 -0.7457312 0.5555556
      vertex -0.3181934 -0.7681868 0.5555556
      vertex -0.3108281 -0.7504053 0.5833333
    endloop
  endfacet
  facet normal -0.3392932 -0.7488359 0.5693197
    outer loop
      vertex -0.3677539 -0.7457312 0.5555556
      vertex -0.3108281 -0.7504053 0.5833333
      vertex -0.3592414 -0.7284695 0.5833333
    endloop
  endfacet
  facet normal -0.2895905 -0.7694235 0.5693197
    outer loop
      vertex -0.3181934 -0.7681868 0.5555556
      vertex -0.2672703 -0.7873529 0.5555556
      vertex -0.2610837 -0.7691278 0.5833333
    endloop
  endfacet
  facet normal -0.2895905 -0.7694235 0.5693197
    outer loop
      vertex -0.3181934 -0.7681868 0.5555556
      vertex -0.2610837 -0.7691278 0.5833333
      vertex -0.3108281 -0.7504053 0.5833333
    endloop
  endfacet
  facet normal -0.2386477 -0.7867162 0.5693197
    outer loop
      vertex -0.2672703 -0.7873529 0.5555556
      vertex -0.2152027 -0.8031474 0.5555556
      vertex -0.2102213 -0.7845567 0.5833333
    endloop
  endfacet
  facet normal -0.2386477 -0.7867162 0.5693197
    outer loop
      vertex -0.2672703 -0.7873529 0.5555556
      vertex -0.2102213 -0.7845567 0.5833333
      vertex -0.2610837 -0.7691278 0.5833333
    endloop
  endfacet
  facet normal -0.1866831 -0.8006401 0.5693197
    outer loop
      vertex -0.2152027 -0.8031474 0.5555556
      vertex -0.1622136 -0.8155028 0.5555556
      vertex -0.1584588 -0.796626 0.5833333
    endloop
  endfacet
  facet normal -0.1866831 -0.8006401 0.5693197
    outer loop
      vertex -0.2152027 -0.8031474 0.5555556
      vertex -0.1584588 -0.796626 0.5833333
      vertex -0.2102213 -0.7845567 0.5833333
    endloop
  endfacet
  facet normal -0.133919 -0.8111355 0.5693197
    outer loop
      vertex -0.1622136 -0.8155028 0.5555556
      vertex -0.1085298 -0.824366 0.5555556
      vertex -0.1060177 -0.8052841 0.5833333
    endloop
  endfacet
  facet normal -0.133919 -0.8111355 0.5693197
    outer loop
      vertex -0.1622136 -0.8155028 0.5555556
      vertex -0.1060177 -0.8052841 0.5833333
      vertex -0.1584588 -0.796626 0.5833333
    endloop
  endfacet
  facet normal -0.08058148 -0.8181575 0.5693197
    outer loop
      vertex -0.1085298 -0.824366 0.5555556
      vertex -0.05438136 -0.8296992 0.5555556
      vertex -0.05312257 -0.8104938 0.5833333
    endloop
  endfacet
  facet normal -0.08058148 -0.8181575 0.5693197
    outer loop
      vertex -0.1085298 -0.824366 0.5555556
      vertex -0.05312257 -0.8104938 0.5833333
      vertex -0.1060177 -0.8052841 0.5833333
    endloop
  endfacet
  facet normal -0.02689889 -0.8216761 0.5693197
    outer loop
      vertex -0.05438136 -0.8296992 0.5555556
      vertex -1.527403e-16 -0.8314794 0.5555556
      vertex -1.492048e-16 -0.8122329 0.5833333
    endloop
  endfacet
  facet normal -0.02689889 -0.8216761 0.5693197
    outer loop
      vertex -0.05438136 -0.8296992 0.5555556
      vertex -1.492048e-16 -0.8122329 0.5833333
      vertex -0.05312257 -0.8104938 0.5833333
    endloop
  endfacet
  facet normal 0.02689889 -0.8216761 0.5693197
    outer loop
      vertex -1.527403e-16 -0.8314794 0.5555556
      vertex 0.05438136 -0.8296992 0.5555556
      vertex 0.05312257 -0.8104938 0.5833333
    endloop
  endfacet
  facet normal 0.02689889 -0.8216761 0.5693197
    outer loop
      vertex -1.527403e-16 -0.8314794 0.5555556
      vertex 0.05312257 -0.8104938 0.5833333
      vertex -1.492048e-16 -0.8122329 0.5833333
    endloop
  endfacet
  facet normal 0.08058148 -0.8181575 0.5693197
    outer loop
      vertex 0.05438136 -0.8296992 0.5555556
      vertex 0.1085298 -0.824366 0.5555556
      vertex 0.1060177 -0.8052841 0.5833333
    endloop
  endfacet
  facet normal 0.08058148 -0.8181575 0.5693197
    outer loop
      vertex 0.05438136 -0.8296992 0.5555556
      vertex 0.1060177 -0.8052841 0.5833333
      vertex 0.05312257 -0.8104938 0.5833333
    endloop
  endfacet
  facet normal 0.133919 -0.8111355 0.5693197
    outer loop
      vertex 0.1085298 -0.824366 0.5555556
      vertex 0.1622136 -0.8155028 0.5555556
      vertex 0.1584588 -0.796626 0.5833333
    endloop
  endfacet
  facet normal 0.133919 -0.8111355 0.5693197
    outer loop
      vertex 0.1085298 -0.824366 0.5555556
      vertex 0.1584588 -0.796626 0.5833333
      vertex 0.1060177 -0.8052841 0.5833333
    endloop
  endfacet
  facet normal 0.1866831 -0.8006401 0.5693197
    outer loop
      vertex 0.1622136 -0.8155028 0.5555556
      vertex 0.2152027 -0.8031474 0.5555556
      vertex 0.2102213 -0.7845567 0.5833333
    endloop
  endfacet
  facet normal 0.1866831 -0.8006401 0.5693197
    outer loop
      vertex 0.1622136 -0.8155028 0.5555556
      vertex 0.2102213 -0.7845567 0.5833333
      vertex 0.1584588 -0.796626 0.5833333
    endloop
  endfacet
  facet normal 0.2386477 -0.7867162 0.5693197
    outer loop
      vertex 0.2152027 -0.8031474 0.5555556
      vertex 0.2672703 -0.7873529 0.5555556
      vertex 0.2610837 -0.7691278 0.5833333
    endloop
  endfacet
  facet normal 0.2386477 -0.7867162 0.5693197
    outer loop
      vertex 0.2152027 -0.8031474 0.5555556
      vertex 0.2610837 -0.7691278 0.5833333
      vertex 0.2102213 -0.7845567 0.5833333
    endloop
  endfacet
  facet normal 0.2895905 -0.7694235 0.5693197
    outer loop
      vertex 0.2672703 -0.7873529 0.5555556
      vertex 0.3181934 -0.7681868 0.5555556
      vertex 0.3108281 -0.7504053 0.5833333
    endloop
  endfacet
  facet normal 0.2895905 -0.7694235 0.5693197
    outer loop
      vertex 0.2672703 -0.7873529 0.5555556
      vertex 0.3108281 -0.7504053 0.5833333
      vertex 0.2610837 -0.7691278 0.5833333
    endloop
  endfacet
  facet normal 0.3392932 -0.7488359 0.5693197
    outer loop
      vertex 0.3181934 -0.7681868 0.5555556
      vertex 0.3677539 -0.7457312 0.5555556
      vertex 0.3592414 -0.7284695 0.5833333
    endloop
  endfacet
  facet normal 0.3392932 -0.7488359 0.5693197
    outer loop
      vertex 0.3181934 -0.7681868 0.5555556
      vertex 0.3592414 -0.7284695 0.5833333
      vertex 0.3108281 -0.7504053 0.5833333
    endloop
  endfacet
  facet normal 0.3875429 -0.7250418 0.5693197
    outer loop
      vertex 0.3677539 -0.7457312 0.5555556
      vertex 0.4157397 -0.7200823 0.5555556
      vertex 0.4061164 -0.7034143 0.5833333
    endloop
  endfacet
  facet normal 0.3875429 -0.7250418 0.5693197
    outer loop
      vertex 0.3677539 -0.7457312 0.5555556
      vertex 0.4061164 -0.7034143 0.5833333
      vertex 0.3592414 -0.7284695 0.5833333
    endloop
  endfacet
  facet normal 0.4341332 -0.6981429 0.5693197
    outer loop
      vertex 0.4157397 -0.7200823 0.5555556
      vertex 0.4619452 -0.6913499 0.5555556
      vertex 0.4512524 -0.6753469 0.5833333
    endloop
  endfacet
  facet normal 0.4341332 -0.6981429 0.5693197
    outer loop
      vertex 0.4157397 -0.7200823 0.5555556
      vertex 0.4512524 -0.6753469 0.5833333
      vertex 0.4061164 -0.7034143 0.5833333
    endloop
  endfacet
  facet normal 0.4788644 -0.6682545 0.5693197
    outer loop
      vertex 0.4619452 -0.6913499 0.5555556
      vertex 0.5061726 -0.659657 0.5555556
      vertex 0.494456 -0.6443877 0.5833333
    endloop
  endfacet
  facet normal 0.4788644 -0.6682545 0.5693197
    outer loop
      vertex 0.4619452 -0.6913499 0.5555556
      vertex 0.494456 -0.6443877 0.5833333
      vertex 0.4512524 -0.6753469 0.5833333
    endloop
  endfacet
  facet normal 0.521545 -0.6355044 0.5693197
    outer loop
      vertex 0.5061726 -0.659657 0.5555556
      vertex 0.5482325 -0.6251393 0.5555556
      vertex 0.5355423 -0.610669 0.5833333
    endloop
  endfacet
  facet normal 0.521545 -0.6355044 0.5693197
    outer loop
      vertex 0.5061726 -0.659657 0.5555556
      vertex 0.5355423 -0.610669 0.5833333
      vertex 0.494456 -0.6443877 0.5833333
    endloop
  endfacet
  facet normal 0.5619923 -0.6000331 0.5693197
    outer loop
      vertex 0.5482325 -0.6251393 0.5555556
      vertex 0.5879447 -0.5879447 0.5555556
      vertex 0.5743354 -0.5743354 0.5833333
    endloop
  endfacet
  facet normal 0.5619923 -0.6000331 0.5693197
    outer loop
      vertex 0.5482325 -0.6251393 0.5555556
      vertex 0.5743354 -0.5743354 0.5833333
      vertex 0.5355423 -0.610669 0.5833333
    endloop
  endfacet
  facet normal 0.6000331 -0.5619923 0.5693197
    outer loop
      vertex 0.5879447 -0.5879447 0.5555556
      vertex 0.6251393 -0.5482325 0.5555556
      vertex 0.610669 -0.5355423 0.5833333
    endloop
  endfacet
  facet normal 0.6000331 -0.5619923 0.5693197
    outer loop
      vertex 0.5879447 -0.5879447 0.5555556
      vertex 0.610669 -0.5355423 0.5833333
      vertex 0.5743354 -0.5743354 0.5833333
    endloop
  endfacet
  facet normal 0.6355044 -0.521545 0.5693197
    outer loop
      vertex 0.6251393 -0.5482325 0.5555556
      vertex 0.659657 -0.5061726 0.5555556
      vertex 0.6443877 -0.494456 0.5833333
    endloop
  endfacet
  facet normal 0.6355044 -0.521545 0.5693197
    outer loop
      vertex 0.6251393 -0.5482325 0.5555556
      vertex 0.6443877 -0.494456 0.5833333
      vertex 0.610669 -0.5355423 0.5833333
    endloop
  endfacet
  facet normal 0.6682545 -0.4788644 0.5693197
    outer loop
      vertex 0.659657 -0.5061726 0.5555556
      vertex 0.6913499 -0.4619452 0.5555556
      vertex 0.6753469 -0.4512524 0.5833333
    endloop
  endfacet
  facet normal 0.6682545 -0.4788644 0.5693197
    outer loop
      vertex 0.659657 -0.5061726 0.5555556
      vertex 0.6753469 -0.4512524 0.5833333
      vertex 0.6443877 -0.494456 0.5833333
    endloop
  endfacet
  facet normal 0.6981429 -0.4341332 0.5693197
    outer loop
      vertex 0.6913499 -0.4619452 0.5555556
      vertex 0.7200823 -0.4157397 0.5555556
      vertex 0.7034143 -0.4061164 0.5833333
    endloop
  endfacet
  facet normal 0.6981429 -0.4341332 0.5693197
    outer loop
      vertex 0.6913499 -0.4619452 0.5555556
      vertex 0.7034143 -0.4061164 0.5833333
      vertex 0.6753469 -0.4512524 0.5833333
    endloop
  endfacet
  facet normal 0.7250418 -0.3875429 0.5693197
    outer loop
      vertex 0.7200823 -0.4157397 0.5555556
      vertex 0.7457312 -0.3677539 0.5555556
      vertex 0.7284695 -0.3592414 0.5833333
    endloop
  endfacet
  facet normal 0.7250418 -0.3875429 0.5693197
    outer loop
      vertex 0.7200823 -0.4157397 0.5555556
      vertex 0.7284695 -0.3592414 0.5833333
      vertex 0.7034143 -0.4061164 0.5833333
    endloop
  endfacet
  facet normal 0.7488359 -0.3392932 0.5693197
    outer loop
      vertex 0.7457312 -0.3677539 0.5555556
      vertex 0.7681868 -0.3181934 0.5555556
      vertex 0.7504053 -0.3108281 0.5833333
    endloop
  endfacet
  facet normal 0.7488359 -0.3392932 0.5693197
    outer loop
      vertex 0.7457312 -0.3677539 0.5555556
      vertex 0.7504053 -0.3108281 0.5833333
      vertex 0.7284695 -0.3592414 0.5833333
    endloop
  endfacet
  facet normal 0.7694235 -0.2895905 0.5693197
    outer loop
      vertex 0.7681868 -0.3181934 0.5555556
      vertex 0.7873529 -0.2672703 0.5555556
      vertex 0.7691278 -0.2610837 0.5833333
    endloop
  endfacet
  facet normal 0.7694235 -0.2895905 0.5693197
    outer loop
      vertex 0.7681868 -0.3181934 0.5555556
      vertex 0.7691278 -0.2610837 0.5833333
      vertex 0.7504053 -0.3108281 0.5833333
    endloop
  endfacet
  facet normal 0.7867162 -0.2386477 0.5693197
    outer loop
      vertex 0.7873529 -0.2672703 0.5555556
      vertex 0.8031474 -0.2152027 0.5555556
      vertex 0.7845567 -0.2102213 0.5833333
    endloop
  endfacet
  facet normal 0.7867162 -0.2386477 0.5693197
    outer loop
      vertex 0.7873529 -0.2672703 0.5555556
      vertex 0.7845567 -0.2102213 0.5833333
      vertex 0.7691278 -0.2610837 0.5833333
    endloop
  endfacet
  facet normal 0.8006401 -0.1866831 0.5693197
    outer loop
      vertex 0.8031474 -0.2152027 0.5555556
      vertex 0.8155028 -0.1622136 0.5555556
      vertex 0.796626 -0.1584588 0.5833333
    endloop
  endfacet
  facet normal 0.8006401 -0.1866831 0.5693197
    outer loop
      vertex 0.8031474 -0.2152027 0.5555556
      vertex 0.796626 -0.1584588 0.5833333
      vertex 0.7845567 -0.2102213 0.5833333
    endloop
  endfacet
  facet normal 0.8111355 -0.133919 0.5693197
    outer loop
      vertex 0.8155028 -0.1622136 0.5555556
      vertex 0.824366 -0.1085298 0.5555556
      vertex 0.8052841 -0.1060177 0.5833333
    endloop
  endfacet
  facet normal 0.8111355 -0.133919 0.5693197
    outer loop
      vertex 0.8155028 -0.1622136 0.5555556
      vertex 0.8052841 -0.1060177 0.5833333
      vertex 0.796626 -0.1584588 0.5833333
    endloop
  endfacet
  facet normal 0.8181575 -0.08058148 0.5693197
    outer loop
      vertex 0.824366 -0.1085298 0.5555556
      vertex 0.8296992 -0.05438136 0.5555556
      vertex 0.8104938 -0.05312257 0.5833333
    endloop
  endfacet
  facet normal 0.8181575 -0.08058148 0.5693197
    outer loop
      vertex 0.824366 -0.1085298 0.5555556
      vertex 0.8104938 -0.05312257 0.5833333
      vertex 0.8052841 -0.1060177 0.5833333
    endloop
  endfacet
  facet normal 0.8216761 -0.02689889 0.5693197
    outer loop
      vertex 0.8296992 -0.05438136 0.5555556
      vertex 0.8314794 0 0.5555556
      vertex 0.8122329 0 0.5833333
    endloop
  endfacet
  facet normal 0.8216761 -0.02689889 0.5693197
    outer loop
      vertex 0.8296992 -0.05438136 0.5555556
      vertex 0.8122329 0 0.5833333
      vertex 0.8104938 -0.05312257 0.5833333
    endloop
  endfacet
  facet normal 0.8017328 0.02624602 0.597106
    outer loop
      vertex 0.8122329 0 0.5833333
      vertex 0.8104938 0.05312257 0.5833333
      vertex 0.7898501 0.05176951 0.6111111
    endloop
  endfacet
  facet normal 0.8017328 0.02624602 0.597106
    outer loop
      vertex 0.8122329 0 0.5833333
      vertex 0.7898501 0.05176951 0.6111111
      vertex 0.7915448 0 0.6111111
    endloop
  endfacet
  facet normal 0.7982997 0.07862566 0.597106
    outer loop
      vertex 0.8104938 0.05312257 0.5833333
      vertex 0.8052841 0.1060177 0.5833333
      vertex 0.784773 0.1033173 0.6111111
    endloop
  endfacet
  facet normal 0.7982997 0.07862566 0.597106
    outer loop
      vertex 0.8104938 0.05312257 0.5833333
      vertex 0.784773 0.1033173 0.6111111
      vertex 0.7898501 0.05176951 0.6111111
    endloop
  endfacet
  facet normal 0.7914481 0.1306686 0.597106
    outer loop
      vertex 0.8052841 0.1060177 0.5833333
      vertex 0.796626 0.1584588 0.5833333
      vertex 0.7763355 0.1544227 0.6111111
    endloop
  endfacet
  facet normal 0.7914481 0.1306686 0.597106
    outer loop
      vertex 0.8052841 0.1060177 0.5833333
      vertex 0.7763355 0.1544227 0.6111111
      vertex 0.784773 0.1033173 0.6111111
    endloop
  endfacet
  facet normal 0.7812074 0.182152 0.597106
    outer loop
      vertex 0.796626 0.1584588 0.5833333
      vertex 0.7845567 0.2102213 0.5833333
      vertex 0.7645736 0.2048669 0.6111111
    endloop
  endfacet
  facet normal 0.7812074 0.182152 0.597106
    outer loop
      vertex 0.796626 0.1584588 0.5833333
      vertex 0.7645736 0.2048669 0.6111111
      vertex 0.7763355 0.1544227 0.6111111
    endloop
  endfacet
  facet normal 0.7676215 0.2328554 0.597106
    outer loop
      vertex 0.7845567 0.2102213 0.5833333
      vertex 0.7691278 0.2610837 0.5833333
      vertex 0.7495376 0.2544337 0.6111111
    endloop
  endfacet
  facet normal 0.7676215 0.2328554 0.597106
    outer loop
      vertex 0.7845567 0.2102213 0.5833333
      vertex 0.7495376 0.2544337 0.6111111
      vertex 0.7645736 0.2048669 0.6111111
    endloop
  endfacet
  facet normal 0.7507485 0.2825617 0.597106
    outer loop
      vertex 0.7691278 0.2610837 0.5833333
      vertex 0.7504053 0.3108281 0.5833333
      vertex 0.7312921 0.3029111 0.6111111
    endloop
  endfacet
  facet normal 0.7507485 0.2825617 0.597106
    outer loop
      vertex 0.7691278 0.2610837 0.5833333
      vertex 0.7312921 0.3029111 0.6111111
      vertex 0.7495376 0.2544337 0.6111111
    endloop
  endfacet
  facet normal 0.7306606 0.331058 0.597106
    outer loop
      vertex 0.7504053 0.3108281 0.5833333
      vertex 0.7284695 0.3592414 0.5833333
      vertex 0.709915 0.3500913 0.6111111
    endloop
  endfacet
  facet normal 0.7306606 0.331058 0.597106
    outer loop
      vertex 0.7504053 0.3108281 0.5833333
      vertex 0.709915 0.3500913 0.6111111
      vertex 0.7312921 0.3029111 0.6111111
    endloop
  endfacet
  facet normal 0.707444 0.3781367 0.597106
    outer loop
      vertex 0.7284695 0.3592414 0.5833333
      vertex 0.7034143 0.4061164 0.5833333
      vertex 0.6854979 0.3957724 0.6111111
    endloop
  endfacet
  facet normal 0.707444 0.3781367 0.597106
    outer loop
      vertex 0.7284695 0.3592414 0.5833333
      vertex 0.6854979 0.3957724 0.6111111
      vertex 0.709915 0.3500913 0.6111111
    endloop
  endfacet
  facet normal 0.681198 0.4235961 0.597106
    outer loop
      vertex 0.7034143 0.4061164 0.5833333
      vertex 0.6753469 0.4512524 0.5833333
      vertex 0.6581455 0.4397587 0.6111111
    endloop
  endfacet
  facet normal 0.681198 0.4235961 0.597106
    outer loop
      vertex 0.7034143 0.4061164 0.5833333
      vertex 0.6581455 0.4397587 0.6111111
      vertex 0.6854979 0.3957724 0.6111111
    endloop
  endfacet
  facet normal 0.652035 0.4672417 0.597106
    outer loop
      vertex 0.6753469 0.4512524 0.5833333
      vertex 0.6443877 0.494456 0.5833333
      vertex 0.6279747 0.481862 0.6111111
    endloop
  endfacet
  facet normal 0.652035 0.4672417 0.597106
    outer loop
      vertex 0.6753469 0.4512524 0.5833333
      vertex 0.6279747 0.481862 0.6111111
      vertex 0.6581455 0.4397587 0.6111111
    endloop
  endfacet
  facet normal 0.6200799 0.5088864 0.597106
    outer loop
      vertex 0.6443877 0.494456 0.5833333
      vertex 0.610669 0.5355423 0.5833333
      vertex 0.5951149 0.5219018 0.6111111
    endloop
  endfacet
  facet normal 0.6200799 0.5088864 0.597106
    outer loop
      vertex 0.6443877 0.494456 0.5833333
      vertex 0.5951149 0.5219018 0.6111111
      vertex 0.6279747 0.481862 0.6111111
    endloop
  endfacet
  facet normal 0.5854695 0.548352 0.597106
    outer loop
      vertex 0.610669 0.5355423 0.5833333
      vertex 0.5743354 0.5743354 0.5833333
      vertex 0.5597067 0.5597067 0.6111111
    endloop
  endfacet
  facet normal 0.5854695 0.548352 0.597106
    outer loop
      vertex 0.610669 0.5355423 0.5833333
      vertex 0.5597067 0.5597067 0.6111111
      vertex 0.5951149 0.5219018 0.6111111
    endloop
  endfacet
  facet normal 0.548352 0.5854695 0.597106
    outer loop
      vertex 0.5743354 0.5743354 0.5833333
      vertex 0.5355423 0.610669 0.5833333
      vertex 0.5219018 0.5951149 0.6111111
    endloop
  endfacet
  facet normal 0.548352 0.5854695 0.597106
    outer loop
      vertex 0.5743354 0.5743354 0.5833333
      vertex 0.5219018 0.5951149 0.6111111
      vertex 0.5597067 0.5597067 0.6111111
    endloop
  endfacet
  facet normal 0.5088864 0.6200799 0.597106
    outer loop
      vertex 0.5355423 0.610669 0.5833333
      vertex 0.494456 0.6443877 0.5833333
      vertex 0.481862 0.6279747 0.6111111
    endloop
  endfacet
  facet normal 0.5088864 0.6200799 0.597106
    outer loop
      vertex 0.5355423 0.610669 0.5833333
      vertex 0.481862 0.6279747 0.6111111
      vertex 0.5219018 0.5951149 0.6111111
    endloop
  endfacet
  facet normal 0.4672417 0.652035 0.597106
    outer loop
      vertex 0.494456 0.6443877 0.5833333
      vertex 0.4512524 0.6753469 0.5833333
      vertex 0.4397587 0.6581455 0.6111111
    endloop
  endfacet
  facet normal 0.4672417 0.652035 0.597106
    outer loop
      vertex 0.494456 0.6443877 0.5833333
      vertex 0.4397587 0.6581455 0.6111111
      vertex 0.481862 0.6279747 0.6111111
    endloop
  endfacet
  facet normal 0.4235961 0.681198 0.597106
    outer loop
      vertex 0.4512524 0.6753469 0.5833333
      vertex 0.4061164 0.7034143 0.5833333
      vertex 0.3957724 0.6854979 0.6111111
    endloop
  endfacet
  facet normal 0.4235961 0.681198 0.597106
    outer loop
      vertex 0.4512524 0.6753469 0.5833333
      vertex 0.3957724 0.6854979 0.6111111
      vertex 0.4397587 0.6581455 0.6111111
    endloop
  endfacet
  facet normal 0.3781367 0.707444 0.597106
    outer loop
      vertex 0.4061164 0.7034143 0.5833333
      vertex 0.3592414 0.7284695 0.5833333
      vertex 0.3500913 0.709915 0.6111111
    endloop
  endfacet
  facet normal 0.3781367 0.707444 0.597106
    outer loop
      vertex 0.4061164 0.7034143 0.5833333
      vertex 0.3500913 0.709915 0.6111111
      vertex 0.3957724 0.6854979 0.6111111
    endloop
  endfacet
  facet normal 0.331058 0.7306606 0.597106
    outer loop
      vertex 0.3592414 0.7284695 0.5833333
      vertex 0.3108281 0.7504053 0.5833333
      vertex 0.3029111 0.7312921 0.6111111
    endloop
  endfacet
  facet normal 0.331058 0.7306606 0.597106
    outer loop
      vertex 0.3592414 0.7284695 0.5833333
      vertex 0.3029111 0.7312921 0.6111111
      vertex 0.3500913 0.709915 0.6111111
    endloop
  endfacet
  facet normal 0.2825617 0.7507485 0.597106
    outer loop
      vertex 0.3108281 0.7504053 0.5833333
      vertex 0.2610837 0.7691278 0.5833333
      vertex 0.2544337 0.7495376 0.6111111
    endloop
  endfacet
  facet normal 0.2825617 0.7507485 0.597106
    outer loop
      vertex 0.3108281 0.7504053 0.5833333
      vertex 0.2544337 0.7495376 0.6111111
      vertex 0.3029111 0.7312921 0.6111111
    endloop
  endfacet
  facet normal 0.2328554 0.7676215 0.597106
    outer loop
      vertex 0.2610837 0.7691278 0.5833333
      vertex 0.2102213 0.7845567 0.5833333
      vertex 0.2048669 0.7645736 0.6111111
    endloop
  endfacet
  facet normal 0.2328554 0.7676215 0.597106
    outer loop
      vertex 0.2610837 0.7691278 0.5833333
      vertex 0.2048669 0.7645736 0.6111111
      vertex 0.2544337 0.7495376 0.6111111
    endloop
  endfacet
  facet normal 0.182152 0.7812074 0.597106
    outer loop
      vertex 0.2102213 0.7845567 0.5833333
      vertex 0.1584588 0.796626 0.5833333
      vertex 0.1544227 0.7763355 0.6111111
    endloop
  endfacet
  facet normal 0.182152 0.7812074 0.597106
    outer loop
      vertex 0.2102213 0.7845567 0.5833333
      vertex 0.1544227 0.7763355 0.6111111
      vertex 0.2048669 0.7645736 0.6111111
    endloop
  endfacet
  facet normal 0.1306686 0.7914481 0.597106
    outer loop
      vertex 0.1584588 0.796626 0.5833333
      vertex 0.1060177 0.8052841 0.5833333
      vertex 0.1033173 0.784773 0.6111111
    endloop
  endfacet
  facet normal 0.1306686 0.7914481 0.597106
    outer loop
      vertex 0.1584588 0.796626 0.5833333
      vertex 0.1033173 0.784773 0.6111111
      vertex 0.1544227 0.7763355 0.6111111
    endloop
  endfacet
  facet normal 0.07862566 0.7982997 0.597106
    outer loop
      vertex 0.1060177 0.8052841 0.5833333
      vertex 0.05312257 0.8104938 0.5833333
      vertex 0.05176951 0.7898501 0.6111111
    endloop
  endfacet
  facet normal 0.07862566 0.7982997 0.597106
    outer loop
      vertex 0.1060177 0.8052841 0.5833333
      vertex 0.05176951 0.7898501 0.6111111
      vertex 0.1033173 0.784773 0.6111111
    endloop
  endfacet
  facet normal 0.02624602 0.8017328 0.597106
    outer loop
      vertex 0.05312257 0.8104938 0.5833333
      vertex 4.973492e-17 0.8122329 0.5833333
      vertex 4.846814e-17 0.7915448 0.6111111
    endloop
  endfacet
  facet normal 0.02624602 0.8017328 0.597106
    outer loop
      vertex 0.05312257 0.8104938 0.5833333
      vertex 4.846814e-17 0.7915448 0.6111111
      vertex 0.05176951 0.7898501 0.6111111
    endloop
  endfacet
  facet normal -0.02624602 0.8017328 0.597106
    outer loop
      vertex 4.973492e-17 0.8122329 0.5833333
      vertex -0.05312257 0.8104938 0.5833333
      vertex -0.05176951 0.7898501 0.6111111
    endloop
  endfacet
  facet normal -0.02624602 0.8017328 0.597106
    outer loop
      vertex 4.973492e-17 0.8122329 0.5833333
      vertex -0.05176951 0.7898501 0.6111111
      vertex 4.846814e-17 0.7915448 0.6111111
    endloop
  endfacet
  facet normal -0.07862566 0.7982997 0.597106
    outer loop
      vertex -0.05312257 0.8104938 0.5833333
      vertex -0.1060177 0.8052841 0.5833333
      vertex -0.1033173 0.784773 0.6111111
    endloop
  endfacet
  facet normal -0.07862566 0.7982997 0.597106
    outer loop
      vertex -0.05312257 0.8104938 0.5833333
      vertex -0.1033173 0.784773 0.6111111
      vertex -0.05176951 0.7898501 0.6111111
    endloop
  endfacet
  facet normal -0.1306686 0.7914481 0.597106
    outer loop
      vertex -0.1060177 0.8052841 0.5833333
      vertex -0.1584588 0.796626 0.5833333
      vertex -0.1544227 0.7763355 0.6111111
    endloop
  endfacet
  facet normal -0.1306686 0.7914481 0.597106
    outer loop
      vertex -0.1060177 0.8052841 0.5833333
      vertex -0.1544227 0.7763355 0.6111111
      vertex -0.1033173 0.784773 0.6111111
    endloop
  endfacet
  facet normal -0.182152 0.7812074 0.597106
    outer loop
      vertex -0.1584588 0.796626 0.5833333
      vertex -0.2102213 0.7845567 0.5833333
      vertex -0.2048669 0.7645736 0.6111111
    endloop
  endfacet
  facet normal -0.182152 0.7812074 0.597106
    outer loop
      vertex -0.1584588 0.796626 0.5833333
      vertex -0.2048669 0.7645736 0.6111111
      vertex -0.1544227 0.7763355 0.6111111
    endloop
  endfacet
  facet normal -0.2328554 0.7676215 0.597106
    outer loop
      vertex -0.2102213 0.7845567 0.5833333
      vertex -0.2610837 0.7691278 0.5833333
      vertex -0.2544337 0.7495376 0.6111111
    endloop
  endfacet
  facet normal -0.2328554 0.7676215 0.597106
    outer loop
      vertex -0.2102213 0.7845567 0.5833333
      vertex -0.2544337 0.7495376 0.6111111
      vertex -0.2048669 0.7645736 0.6111111
    endloop
  endfacet
  facet normal -0.2825617 0.7507485 0.597106
    outer loop
      vertex -0.2610837 0.7691278 0.5833333
      vertex -0.3108281 0.7504053 0.5833333
      vertex -0.3029111 0.7312921 0.6111111
    endloop
  endfacet
  facet normal -0.2825617 0.7507485 0.597106
    outer loop
      vertex -0.2610837 0.7691278 0.5833333
      vertex -0.3029111 0.7312921 0.6111111
      vertex -0.2544337 0.7495376 0.6111111
    endloop
  endfacet
  facet normal -0.331058 0.7306606 0.597106
    outer loop
      vertex -0.3108281 0.7504053 0.5833333
      vertex -0.3592414 0.7284695 0.5833333
      vertex -0.3500913 0.709915 0.6111111
    endloop
  endfacet
  facet normal -0.331058 0.7306606 0.597106
    outer loop
      vertex -0.3108281 0.7504053 0.5833333
      vertex -0.3500913 0.709915 0.6111111
      vertex -0.3029111 0.7312921 0.6111111
    endloop
  endfacet
  facet normal -0.3781367 0.707444 0.597106
    outer loop
      vertex -0.3592414 0.7284695 0.5833333
      vertex -0.4061164 0.7034143 0.5833333
      vertex -0.3957724 0.6854979 0.6111111
    endloop
  endfacet
  facet normal -0.3781367 0.707444 0.597106
    outer loop
      vertex -0.3592414 0.7284695 0.5833333
      vertex -0.3957724 0.6854979 0.6111111
      vertex -0.3500913 0.709915 0.6111111
    endloop
  endfacet
  facet normal -0.4235961 0.681198 0.597106
    outer loop
      vertex -0.4061164 0.7034143 0.5833333
      vertex -0.4512524 0.6753469 0.5833333
      vertex -0.4397587 0.6581455 0.6111111
    endloop
  endfacet
  facet normal -0.4235961 0.681198 0.597106
    outer loop
      vertex -0.4061164 0.7034143 0.5833333
      vertex -0.4397587 0.6581455 0.6111111
      vertex -0.3957724 0.6854979 0.6111111
    endloop
  endfacet
  facet normal -0.4672417 0.652035 0.597106
    outer loop
      vertex -0.4512524 0.6753469 0.5833333
      vertex -0.494456 0.6443877 0.5833333
      vertex -0.481862 0.6279747 0.6111111
    endloop
  endfacet
  facet normal -0.4672417 0.652035 0.597106
    outer loop
      vertex -0.4512524 0.6753469 0.5833333
      vertex -0.481862 0.6279747 0.6111111
      vertex -0.4397587 0.6581455 0.6111111
    endloop
  endfacet
  facet normal -0.5088864 0.6200799 0.597106
    outer loop
      vertex -0.494456 0.6443877 0.5833333
      vertex -0.5355423 0.610669 0.5833333
      vertex -0.5219018 0.5951149 0.6111111
    endloop
  endfacet
  facet normal -0.5088864 0.6200799 0.597106
    outer loop
      vertex -0.494456 0.6443877 0.5833333
      vertex -0.5219018 0.5951149 0.6111111
      vertex -0.481862 0.6279747 0.6111111
    endloop
  endfacet
  facet normal -0.548352 0.5854695 0.597106
    outer loop
      vertex -0.5355423 0.610669 0.5833333
      vertex -0.5743354 0.5743354 0.5833333
      vertex -0.5597067 0.5597067 0.6111111
    endloop
  endfacet
  facet normal -0.548352 0.5854695 0.597106
    outer loop
      vertex -0.5355423 0.610669 0.5833333
      vertex -0.5597067 0.5597067 0.6111111
      vertex -0.5219018 0.5951149 0.6111111
    endloop
  endfacet
  facet normal -0.5854695 0.548352 0.597106
    outer loop
      vertex -0.5743354 0.5743354 0.5833333
      vertex -0.610669 0.5355423 0.5833333
      vertex -0.5951149 0.5219018 0.6111111
    endloop
  endfacet
  facet normal -0.5854695 0.548352 0.597106
    outer loop
      vertex -0.5743354 0.5743354 0.5833333
      vertex -0.5951149 0.5219018 0.6111111
      vertex -0.5597067 0.5597067 0.6111111
    endloop
  endfacet
  facet normal -0.6200799 0.5088864 0.597106
    outer loop
      vertex -0.610669 0.5355423 0.5833333
      vertex -0.6443877 0.494456 0.5833333
      vertex -0.6279747 0.481862 0.6111111
    endloop
  endfacet
  facet normal -0.6200799 0.5088864 0.597106
    outer loop
      vertex -0.610669 0.5355423 0.5833333
      vertex -0.6279747 0.481862 0.6111111
      vertex -0.5951149 0.5219018 0.6111111
    endloop
  endfacet
  facet normal -0.652035 0.4672417 0.597106
    outer loop
      vertex -0.6443877 0.494456 0.5833333
      vertex -0.6753469 0.4512524 0.5833333
      vertex -0.6581455 0.4397587 0.6111111
    endloop
  endfacet
  facet normal -0.652035 0.4672417 0.597106
    outer loop
      vertex -0.6443877 0.494456 0.5833333
      vertex -0.6581455 0.4397587 0.6111111
      vertex -0.6279747 0.481862 0.6111111
    endloop
  endfacet
  facet normal -0.681198 0.4235961 0.597106
    outer loop
      vertex -0.6753469 0.4512524 0.5833333
      vertex -0.7034143 0.4061164 0.5833333
      vertex -0.6854979 0.3957724 0.6111111
    endloop
  endfacet
  facet normal -0.681198 0.4235961 0.597106
    outer loop
      vertex -0.6753469 0.4512524 0.5833333
      vertex -0.6854979 0.3957724 0.6111111
      vertex -0.6581455 0.4397587 0.6111111
    endloop
  endfacet
  facet normal -0.707444 0.3781367 0.597106
    outer loop
      vertex -0.7034143 0.4061164 0.5833333
      vertex -0.7284695 0.3592414 0.5833333
      vertex -0.709915 0.3500913 0.6111111
    endloop
  endfacet
  facet normal -0.707444 0.3781367 0.597106
    outer loop
      vertex -0.7034143 0.4061164 0.5833333
      vertex -0.709915 0.3500913 0.6111111
      vertex -0.6854979 0.3957724 0.6111111
    endloop
  endfacet
  facet normal -0.7306606 0.331058 0.597106
    outer loop
      vertex -0.7284695 0.3592414 0.5833333
      vertex -0.7504053 0.3108281 0.5833333
      vertex -0.7312921 0.3029111 0.6111111
    endloop
  endfacet
  facet normal -0.7306606 0.331058 0.597106
    outer loop
      vertex -0.7284695 0.3592414 0.5833333
      vertex -0.7312921 0.3029111 0.6111111
      vertex -0.709915 0.3500913 0.6111111
    endloop
  endfacet
  facet normal -0.7507485 0.2825617 0.597106
    outer loop
      vertex -0.7504053 0.3108281 0.5833333
      vertex -0.7691278 0.2610837 0.5833333
      vertex -0.7495376 0.2544337 0.6111111
    endloop
  endfacet
  facet normal -0.7507485 0.2825617 0.597106
    outer loop
      vertex -0.7504053 0.3108281 0.5833333
      vertex -0.7495376 0.2544337 0.6111111
      vertex -0.7312921 0.3029111 0.6111111
    endloop
  endfacet
  facet normal -0.7676215 0.2328554 0.597106
    outer loop
      vertex -0.7691278 0.2610837 0.5833333
      vertex -0.7845567 0.2102213 0.5833333
      vertex -0.7645736 0.2048669 0.6111111
    endloop
  endfacet
  facet normal -0.7676215 0.2328554 0.597106
    outer loop
      vertex -0.7691278 0.2610837 0.5833333
      vertex -0.7645736 0.2048669 0.6111111
      vertex -0.7495376 0.2544337 0.6111111
    endloop
  endfacet
  facet normal -0.7812074 0.182152 0.597106
    outer loop
      vertex -0.7845567 0.2102213 0.5833333
      vertex -0.796626 0.1584588 0.5833333
      vertex -0.7763355 0.1544227 0.6111111
    endloop
  endfacet
  facet normal -0.7812074 0.182152 0.597106
    outer loop
      vertex -0.7845567 0.2102213 0.5833333
      vertex -0.7763355 0.1544227 0.6111111
      vertex -0.7645736 0.2048669 0.6111111
    endloop
  endfacet
  facet normal -0.7914481 0.1306686 0.597106
    outer loop
      vertex -0.796626 0.1584588 0.5833333
      vertex -0.8052841 0.1060177 0.5833333
      vertex -0.784773 0.1033173 0.6111111
    endloop
  endfacet
  facet normal -0.7914481 0.1306686 0.597106
    outer loop
      vertex -0.796626 0.1584588 0.5833333
      vertex -0.784773 0.1033173 0.6111111
      vertex -0.7763355 0.1544227 0.6111111
    endloop
  endfacet
  facet normal -0.7982997 0.07862566 0.597106
    outer loop
      vertex -0.8052841 0.1060177 0.5833333
      vertex -0.8104938 0.05312257 0.5833333
      vertex -0.7898501 0.05176951 0.6111111
    endloop
  endfacet
  facet normal -0.7982997 0.07862566 0.597106
    outer loop
      vertex -0.8052841 0.1060177 0.5833333
      vertex -0.7898501 0.05176951 0.6111111
      vertex -0.784773 0.1033173 0.6111111
    endloop
  endfacet
  facet normal -0.8017328 0.02624602 0.597106
    outer loop
      vertex -0.8104938 0.05312257 0.5833333
      vertex -0.8122329 9.946984e-17 0.5833333
      vertex -0.7915448 9.693628e-17 0.6111111
    endloop
  endfacet
  facet normal -0.8017328 0.02624602 0.597106
    outer loop
      vertex -0.8104938 0.05312257 0.5833333
      vertex -0.7915448 9.693628e-17 0.6111111
      vertex -0.7898501 0.05176951 0.6111111
    endloop
  endfacet
  facet normal -0.8017328 -0.02624602 0.597106
    outer loop
      vertex -0.8122329 9.946984e-17 0.5833333
      vertex -0.8104938 -0.05312257 0.5833333
      vertex -0.7898501 -0.05176951 0.6111111
    endloop
  endfacet
  facet normal -0.8017328 -0.02624602 0.597106
    outer loop
      vertex -0.8122329 9.946984e-17 0.5833333
      vertex -0.7898501 -0.05176951 0.6111111
      vertex -0.7915448 9.693628e-17 0.6111111
    endloop
  endfacet
  facet normal -0.7982997 -0.07862566 0.597106
    outer loop
      vertex -0.8104938 -0.05312257 0.5833333
      vertex -0.8052841 -0.1060177 0.5833333
      vertex -0.784773 -0.1033173 0.6111111
    endloop
  endfacet
  facet normal -0.7982997 -0.07862566 0.597106
    outer loop
      vertex -0.8104938 -0.05312257 0.5833333
      vertex -0.784773 -0.1033173 0.6111111
      vertex -0.7898501 -0.05176951 0.6111111
    endloop
  endfacet
  facet normal -0.7914481 -0.1306686 0.597106
    outer loop
      vertex -0.8052841 -0.1060177 0.5833333
      vertex -0.796626 -0.1584588 0.5833333
      vertex -0.7763355 -0.1544227 0.6111111
    endloop
  endfacet
  facet normal -0.7914481 -0.1306686 0.597106
    outer loop
      vertex -0.8052841 -0.1060177 0.5833333
      vertex -0.7763355 -0.1544227 0.6111111
      vertex -0.784773 -0.1033173 0.6111111
    endloop
  endfacet
  facet normal -0.7812074 -0.182152 0.597106
    outer loop
      vertex -0.796626 -0.1584588 0.5833333
      vertex -0.7845567 -0.2102213 0.5833333
      vertex -0.7645736 -0.2048669 0.6111111
    endloop
  endfacet
  facet normal -0.7812074 -0.182152 0.597106
    outer loop
      vertex -0.796626 -0.1584588 0.5833333
      vertex -0.7645736 -0.2048669 0.6111111
      vertex -0.7763355 -0.1544227 0.6111111
    endloop
  endfacet
  facet normal -0.7676215 -0.2328554 0.597106
    outer loop
      vertex -0.7845567 -0.2102213 0.5833333
      vertex -0.7691278 -0.2610837 0.5833333
      vertex -0.7495376 -0.2544337 0.6111111
    endloop
  endfacet
  facet normal -0.7676215 -0.2328554 0.597106
    outer loop
      vertex -0.7845567 -0.2102213 0.5833333
      vertex -0.7495376 -0.2544337 0.6111111
      vertex -0.7645736 -0.2048669 0.6111111
    endloop
  endfacet
  facet normal -0.7507485 -0.2825617 0.597106
    outer loop
      vertex -0.7691278 -0.2610837 0.5833333
      vertex -0.7504053 -0.3108281 0.5833333
      vertex -0.7312921 -0.3029111 0.6111111
    endloop
  endfacet
  facet normal -0.7507485 -0.2825617 0.597106
    outer loop
      vertex -0.7691278 -0.2610837 0.5833333
      vertex -0.7312921 -0.3029111 0.6111111
      vertex -0.7495376 -0.2544337 0.6111111
    endloop
  endfacet
  facet normal -0.7306606 -0.331058 0.597106
    outer loop
      vertex -0.7504053 -0.3108281 0.5833333
      vertex -0.7284695 -0.3592414 0.5833333
      vertex -0.709915 -0.3500913 0.6111111
    endloop
  endfacet
  facet normal -0.7306606 -0.331058 0.597106
    outer loop
      vertex -0.7504053 -0.3108281 0.5833333
      vertex -0.709915 -0.3500913 0.6111111
      vertex -0.7312921 -0.3029111 0.6111111
    endloop
  endfacet
  facet normal -0.707444 -0.3781367 0.597106
    outer loop
      vertex -0.7284695 -0.3592414 0.5833333
      vertex -0.7034143 -0.4061164 0.5833333
      vertex -0.6854979 -0.3957724 0.6111111
    endloop
  endfacet
  facet normal -0.707444 -0.3781367 0.597106
    outer loop
      vertex -0.7284695 -0.3592414 0.5833333
      vertex -0.6854979 -0.3957724 0.6111111
      vertex -0.709915 -0.3500913 0.6111111
    endloop
  endfacet
  facet normal -0.681198 -0.4235961 0.597106
    outer loop
      vertex -0.7034143 -0.4061164 0.5833333
      vertex -0.6753469 -0.4512524 0.5833333
      vertex -0.6581455 -0.4397587 0.6111111
    endloop
  endfacet
  facet normal -0.681198 -0.4235961 0.597106
    outer loop
      vertex -0.7034143 -0.4061164 0.5833333
      vertex -0.6581455 -0.4397587 0.6111111
      vertex -0.6854979 -0.3957724 0.6111111
    endloop
  endfacet
  facet normal -0.652035 -0.4672417 0.597106
    outer loop
      vertex -0.6753469 -0.4512524 0.5833333
      vertex -0.6443877 -0.494456 0.5833333
      vertex -0.6279747 -0.481862 0.6111111
    endloop
  endfacet
  facet normal -0.652035 -0.4672417 0.597106
    outer loop
      vertex -0.6753469 -0.4512524 0.5833333
      vertex -0.6279747 -0.481862 0.6111111
      vertex -0.6581455 -0.4397587 0.6111111
    endloop
  endfacet
  facet normal -0.6200799 -0.5088864 0.597106
    outer loop
      vertex -0.6443877 -0.494456 0.5833333
      vertex -0.610669 -0.5355423 0.5833333
      vertex -0.5951149 -0.5219018 0.6111111
    endloop
  endfacet
  facet normal -0.6200799 -0.5088864 0.597106
    outer loop
      vertex -0.6443877 -0.494456 0.5833333
      vertex -0.5951149 -0.5219018 0.6111111
      vertex -0.6279747 -0.481862 0.6111111
    endloop
  endfacet
  facet normal -0.5854695 -0.548352 0.597106
    outer loop
      vertex -0.610669 -0.5355423 0.5833333
      vertex -0.5743354 -0.5743354 0.5833333
      vertex -0.5597067 -0.5597067 0.6111111
    endloop
  endfacet
  facet normal -0.5854695 -0.548352 0.597106
    outer loop
      vertex -0.610669 -0.5355423 0.5833333
      vertex -0.5597067 -0.5597067 0.6111111
      vertex -0.5951149 -0.5219018 0.6111111
    endloop
  endfacet
  facet normal -0.548352 -0.5854695 0.597106
    outer loop
      vertex -0.5743354 -0.5743354 0.5833333
      vertex -0.5355423 -0.610669 0.5833333
      vertex -0.5219018 -0.5951149 0.6111111
    endloop
  endfacet
  facet normal -0.548352 -0.5854695 0.597106
    outer loop
      vertex -0.5743354 -0.5743354 0.5833333
      vertex -0.5219018 -0.5951149 0.6111111
      vertex -0.5597067 -0.5597067 0.6111111
    endloop
  endfacet
  facet normal -0.5088864 -0.6200799 0.597106
    outer loop
      vertex -0.5355423 -0.610669 0.5833333
      vertex -0.494456 -0.6443877 0.5833333
      vertex -0.481862 -0.6279747 0.6111111
    endloop
  endfacet
  facet normal -0.5088864 -0.6200799 0.597106
    outer loop
      vertex -0.5355423 -0.610669 0.5833333
      vertex -0.481862 -0.6279747 0.6111111
      vertex -0.5219018 -0.5951149 0.6111111
    endloop
  endfacet
  facet normal -0.4672417 -0.652035 0.597106
    outer loop
      vertex -0.494456 -0.6443877 0.5833333
      vertex -0.4512524 -0.6753469 0.5833333
      vertex -0.4397587 -0.6581455 0.6111111
    endloop
  endfacet
  facet normal -0.4672417 -0.652035 0.597106
    outer loop
      vertex -0.494456 -0.6443877 0.5833333
      vertex -0.4397587 -0.6581455 0.6111111
      vertex -0.481862 -0.6279747 0.6111111
    endloop
  endfacet
  facet normal -0.4235961 -0.681198 0.597106
    outer loop
      vertex -0.4512524 -0.6753469 0.5833333
      vertex -0.4061164 -0.7034143 0.5833333
      vertex -0.3957724 -0.6854979 0.6111111
    endloop
  endfacet
  facet normal -0.4235961 -0.681198 0.597106
    outer loop
      vertex -0.4512524 -0.6753469 0.5833333
      vertex -0.3957724 -0.6854979 0.6111111
      vertex -0.4397587 -0.6581455 0.6111111
    endloop
  endfacet
  facet normal -0.3781367 -0.707444 0.597106
    outer loop
      vertex -0.4061164 -0.7034143 0.5833333
      vertex -0.3592414 -0.7284695 0.5833333
      vertex -0.3500913 -0.709915 0.6111111
    endloop
  endfacet
  facet normal -0.3781367 -0.707444 0.597106
    outer loop
      vertex -0.4061164 -0.7034143 0.5833333
      vertex -0.3500913 -0.709915 0.6111111
      vertex -0.3957724 -0.6854979 0.6111111
    endloop
  endfacet
  facet normal -0.331058 -0.7306606 0.597106
    outer loop
      vertex -0.3592414 -0.7284695 0.5833333
      vertex -0.3108281 -0.7504053 0.5833333
      vertex -0.3029111 -0.7312921 0.6111111
    endloop
  endfacet
  facet normal -0.331058 -0.7306606 0.597106
    outer loop
      vertex -0.3592414 -0.7284695 0.5833333
      vertex -0.3029111 -0.7312921 0.6111111
      vertex -0.3500913 -0.709915 0.6111111
    endloop
  endfacet
  facet normal -0.2825617 -0.7507485 0.597106
    outer loop
      vertex -0.3108281 -0.7504053 0.5833333
      vertex -0.2610837 -0.7691278 0.5833333
      vertex -0.2544337 -0.7495376 0.6111111
    endloop
  endfacet
  facet normal -0.2825617 -0.7507485 0.597106
    outer loop
      vertex -0.3108281 -0.7504053 0.5833333
      vertex -0.2544337 -0.7495376 0.6111111
      vertex -0.3029111 -0.7312921 0.6111111
    endloop
  endfacet
  facet normal -0.2328554 -0.7676215 0.597106
    outer loop
      vertex -0.2610837 -0.7691278 0.5833333
      vertex -0.2102213 -0.7845567 0.5833333
      vertex -0.2048669 -0.7645736 0.6111111
    endloop
  endfacet
  facet normal -0.2328554 -0.7676215 0.597106
    outer loop
      vertex -0.2610837 -0.7691278 0.5833333
      vertex -0.2048669 -0.7645736 0.6111111
      vertex -0.2544337 -0.7495376 0.6111111
    endloop
  endfacet
  facet normal -0.182152 -0.7812074 0.597106
    outer loop
      vertex -0.2102213 -0.7845567 0.5833333
      vertex -0.1584588 -0.796626 0.5833333
      vertex -0.1544227 -0.7763355 0.6111111
    endloop
  endfacet
  facet normal -0.182152 -0.7812074 0.597106
    outer loop
      vertex -0.2102213 -0.7845567 0.5833333
      vertex -0.1544227 -0.7763355 0.6111111
      vertex -0.2048669 -0.7645736 0.6111111
    endloop
  endfacet
  facet normal -0.1306686 -0.7914481 0.597106
    outer loop
      vertex -0.1584588 -0.796626 0.5833333
      vertex -0.1060177 -0.8052841 0.5833333
      vertex -0.1033173 -0.784773 0.6111111
    endloop
  endfacet
  facet normal -0.1306686 -0.7914481 0.597106
    outer loop
      vertex -0.1584588 -0.796626 0.5833333
      vertex -0.1033173 -0.784773 0.6111111
      vertex -0.1544227 -0.7763355 0.6111111
    endloop
  endfacet
  facet normal -0.07862566 -0.7982997 0.597106
    outer loop
      vertex -0.1060177 -0.8052841 0.5833333
      vertex -0.05312257 -0.8104938 0.5833333
      vertex -0.05176951 -0.7898501 0.6111111
    endloop
  endfacet
  facet normal -0.07862566 -0.7982997 0.597106
    outer loop
      vertex -0.1060177 -0.8052841 0.5833333
      vertex -0.05176951 -0.7898501 0.6111111
      vertex -0.1033173 -0.784773 0.6111111
    endloop
  endfacet
  facet normal -0.02624602 -0.8017328 0.597106
    outer loop
      vertex -0.05312257 -0.8104938 0.5833333
      vertex -1.492048e-16 -0.8122329 0.5833333
      vertex -1.454044e-16 -0.7915448 0.6111111
    endloop
  endfacet
  facet normal -0.02624602 -0.8017328 0.597106
    outer loop
      vertex -0.05312257 -0.8104938 0.5833333
      vertex -1.454044e-16 -0.7915448 0.6111111
      vertex -0.05176951 -0.7898501 0.6111111
    endloop
  endfacet
  facet normal 0.02624602 -0.8017328 0.597106
    outer loop
      vertex -1.492048e-16 -0.8122329 0.5833333
      vertex 0.05312257 -0.8104938 0.5833333
      vertex 0.05176951 -0.7898501 0.6111111
    endloop
  endfacet
  facet normal 0.02624602 -0.8017328 0.597106
    outer loop
      vertex -1.492048e-16 -0.8122329 0.5833333
      vertex 0.05176951 -0.7898501 0.6111111
      vertex -1.454044e-16 -0.7915448 0.6111111
    endloop
  endfacet
  facet normal 0.07862566 -0.7982997 0.597106
    outer loop
      vertex 0.05312257 -0.8104938 0.5833333
      vertex 0.1060177 -0.8052841 0.5833333
      vertex 0.1033173 -0.784773 0.6111111
    endloop
  endfacet
  facet normal 0.07862566 -0.7982997 0.597106
    outer loop
      vertex 0.05312257 -0.8104938 0.5833333
      vertex 0.1033173 -0.784773 0.6111111
      vertex 0.05176951 -0.7898501 0.6111111
    endloop
  endfacet
  facet normal 0.1306686 -0.7914481 0.597106
    outer loop
      vertex 0.1060177 -0.8052841 0.5833333
      vertex 0.1584588 -0.796626 0.5833333
      vertex 0.1544227 -0.7763355 0.6111111
    endloop
  endfacet
  facet normal 0.1306686 -0.7914481 0.597106
    outer loop
      vertex 0.1060177 -0.8052841 0.5833333
      vertex 0.1544227 -0.7763355 0.6111111
      vertex 0.1033173 -0.784773 0.6111111
    endloop
  endfacet
  facet normal 0.182152 -0.7812074 0.597106
    outer loop
      vertex 0.1584588 -0.796626 0.5833333
      vertex 0.2102213 -0.7845567 0.5833333
      vertex 0.2048669 -0.7645736 0.6111111
    endloop
  endfacet
  facet normal 0.182152 -0.7812074 0.597106
    outer loop
      vertex 0.1584588 -0.796626 0.5833333
      vertex 0.2048669 -0.7645736 0.6111111
      vertex 0.1544227 -0.7763355 0.6111111
    endloop
  endfacet
  facet normal 0.2328554 -0.7676215 0.597106
    outer loop
      vertex 0.2102213 -0.7845567 0.5833333
      vertex 0.2610837 -0.7691278 0.5833333
      vertex 0.2544337 -0.7495376 0.6111111
    endloop
  endfacet
  facet normal 0.2328554 -0.7676215 0.597106
    outer loop
      vertex 0.2102213 -0.7845567 0.5833333
      vertex 0.2544337 -0.7495376 0.6111111
      vertex 0.2048669 -0.7645736 0.6111111
    endloop
  endfacet
  facet normal 0.2825617 -0.7507485 0.597106
    outer loop
      vertex 0.2610837 -0.7691278 0.5833333
      vertex 0.3108281 -0.7504053 0.5833333
      vertex 0.3029111 -0.7312921 0.6111111
    endloop
  endfacet
  facet normal 0.2825617 -0.7507485 0.597106
    outer loop
      vertex 0.2610837 -0.7691278 0.5833333
      vertex 0.3029111 -0.7312921 0.6111111
      vertex 0.2544337 -0.7495376 0.6111111
    endloop
  endfacet
  facet normal 0.331058 -0.7306606 0.597106
    outer loop
      vertex 0.3108281 -0.7504053 0.5833333
      vertex 0.3592414 -0.7284695 0.5833333
      vertex 0.3500913 -0.709915 0.6111111
    endloop
  endfacet
  facet normal 0.331058 -0.7306606 0.597106
    outer loop
      vertex 0.3108281 -0.7504053 0.5833333
      vertex 0.3500913 -0.709915 0.6111111
      vertex 0.3029111 -0.7312921 0.6111111
    endloop
  endfacet
  facet normal 0.3781367 -0.707444 0.597106
    outer loop
      vertex 0.3592414 -0.7284695 0.5833333
      vertex 0.4061164 -0.7034143 0.5833333
      vertex 0.3957724 -0.6854979 0.6111111
    endloop
  endfacet
  facet normal 0.3781367 -0.707444 0.597106
    outer loop
      vertex 0.3592414 -0.7284695 0.5833333
      vertex 0.3957724 -0.6854979 0.6111111
      vertex 0.3500913 -0.709915 0.6111111
    endloop
  endfacet
  facet normal 0.4235961 -0.681198 0.597106
    outer loop
      vertex 0.4061164 -0.7034143 0.5833333
      vertex 0.4512524 -0.6753469 0.5833333
      vertex 0.4397587 -0.6581455 0.6111111
    endloop
  endfacet
  facet normal 0.4235961 -0.681198 0.597106
    outer loop
      vertex 0.4061164 -0.7034143 0.5833333
      vertex 0.4397587 -0.6581455 0.6111111
      vertex 0.3957724 -0.6854979 0.6111111
    endloop
  endfacet
  facet normal 0.4672417 -0.652035 0.597106
    outer loop
      vertex 0.4512524 -0.6753469 0.5833333
      vertex 0.494456 -0.6443877 0.5833333
      vertex 0.481862 -0.6279747 0.6111111
    endloop
  endfacet
  facet normal 0.4672417 -0.652035 0.597106
    outer loop
      vertex 0.4512524 -0.6753469 0.5833333
      vertex 0.481862 -0.6279747 0.6111111
      vertex 0.4397587 -0.6581455 0.6111111
    endloop
  endfacet
  facet normal 0.5088864 -0.6200799 0.597106
    outer loop
      vertex 0.494456 -0.6443877 0.5833333
      vertex 0.5355423 -0.610669 0.5833333
      vertex 0.5219018 -0.5951149 0.6111111
    endloop
  endfacet
  facet normal 0.5088864 -0.6200799 0.597106
    outer loop
      vertex 0.494456 -0.6443877 0.5833333
      vertex 0.5219018 -0.5951149 0.6111111
      vertex 0.481862 -0.6279747 0.6111111
    endloop
  endfacet
  facet normal 0.548352 -0.5854695 0.597106
    outer loop
      vertex 0.5355423 -0.610669 0.5833333
      vertex 0.5743354 -0.5743354 0.5833333
      vertex 0.5597067 -0.5597067 0.6111111
    endloop
  endfacet
  facet normal 0.548352 -0.5854695 0.597106
    outer loop
      vertex 0.5355423 -0.610669 0.5833333
      vertex 0.5597067 -0.5597067 0.6111111
      vertex 0.5219018 -0.5951149 0.6111111
    endloop
  endfacet
  facet normal 0.5854695 -0.548352 0.597106
    outer loop
      vertex 0.5743354 -0.5743354 0.5833333
      vertex 0.610669 -0.5355423 0.5833333
      vertex 0.5951149 -0.5219018 0.6111111
    endloop
  endfacet
  facet normal 0.5854695 -0.548352 0.597106
    outer loop
      vertex 0.5743354 -0.5743354 0.5833333
      vertex 0.5951149 -0.5219018 0.6111111
      vertex 0.5597067 -0.5597067 0.6111111
    endloop
  endfacet
  facet normal 0.6200799 -0.5088864 0.597106
    outer loop
      vertex 0.610669 -0.5355423 0.5833333
      vertex 0.6443877 -0.494456 0.5833333
      vertex 0.6279747 -0.481862 0.6111111
    endloop
  endfacet
  facet normal 0.6200799 -0.5088864 0.597106
    outer loop
      vertex 0.610669 -0.5355423 0.5833333
      vertex 0.6279747 -0.481862 0.6111111
      vertex 0.5951149 -0.5219018 0.6111111
    endloop
  endfacet
  facet normal 0.652035 -0.4672417 0.597106
    outer loop
      vertex 0.6443877 -0.494456 0.5833333
      vertex 0.6753469 -0.4512524 0.5833333
      vertex 0.6581455 -0.4397587 0.6111111
    endloop
  endfacet
  facet normal 0.652035 -0.4672417 0.597106
    outer loop
      vertex 0.6443877 -0.494456 0.5833333
      vertex 0.6581455 -0.4397587 0.6111111
      vertex 0.6279747 -0.481862 0.6111111
    endloop
  endfacet
  facet normal 0.681198 -0.4235961 0.597106
    outer loop
      vertex 0.6753469 -0.4512524 0.5833333
      vertex 0.7034143 -0.4061164 0.5833333
      vertex 0.6854979 -0.3957724 0.6111111
    endloop
  endfacet
  facet normal 0.681198 -0.4235961 0.597106
    outer loop
      vertex 0.6753469 -0.4512524 0.5833333
      vertex 0.6854979 -0.3957724 0.6111111
      vertex 0.6581455 -0.4397587 0.6111111
    endloop
  endfacet
  facet normal 0.707444 -0.3781367 0.597106
    outer loop
      vertex 0.7034143 -0.4061164 0.5833333
      vertex 0.7284695 -0.3592414 0.5833333
      vertex 0.709915 -0.3500913 0.6111111
    endloop
  endfacet
  facet normal 0.707444 -0.3781367 0.597106
    outer loop
      vertex 0.7034143 -0.4061164 0.5833333
      vertex 0.709915 -0.3500913 0.6111111
      vertex 0.6854979 -0.3957724 0.6111111
    endloop
  endfacet
  facet normal 0.7306606 -0.331058 0.597106
    outer loop
      vertex 0.7284695 -0.3592414 0.5833333
      vertex 0.7504053 -0.3108281 0.5833333
      vertex 0.7312921 -0.3029111 0.6111111
    endloop
  endfacet
  facet normal 0.7306606 -0.331058 0.597106
    outer loop
      vertex 0.7284695 -0.3592414 0.5833333
      vertex 0.7312921 -0.3029111 0.6111111
      vertex 0.709915 -0.3500913 0.6111111
    endloop
  endfacet
  facet normal 0.7507485 -0.2825617 0.597106
    outer loop
      vertex 0.7504053 -0.3108281 0.5833333
      vertex 0.7691278 -0.2610837 0.5833333
      vertex 0.7495376 -0.2544337 0.6111111
    endloop
  endfacet
  facet normal 0.7507485 -0.2825617 0.597106
    outer loop
      vertex 0.7504053 -0.3108281 0.5833333
      vertex 0.7495376 -0.2544337 0.6111111
      vertex 0.7312921 -0.3029111 0.6111111
    endloop
  endfacet
  facet normal 0.7676215 -0.2328554 0.597106
    outer loop
      vertex 0.7691278 -0.2610837 0.5833333
      vertex 0.7845567 -0.2102213 0.5833333
      vertex 0.7645736 -0.2048669 0.6111111
    endloop
  endfacet
  facet normal 0.7676215 -0.2328554 0.597106
    outer loop
      vertex 0.7691278 -0.2610837 0.5833333
      vertex 0.7645736 -0.2048669 0.6111111
      vertex 0.7495376 -0.2544337 0.6111111
    endloop
  endfacet
  facet normal 0.7812074 -0.182152 0.597106
    outer loop
      vertex 0.7845567 -0.2102213 0.5833333
      vertex 0.796626 -0.1584588 0.5833333
      vertex 0.7763355 -0.1544227 0.6111111
    endloop
  endfacet
  facet normal 0.7812074 -0.182152 0.597106
    outer loop
      vertex 0.7845567 -0.2102213 0.5833333
      vertex 0.7763355 -0.1544227 0.6111111
      vertex 0.7645736 -0.2048669 0.6111111
    endloop
  endfacet
  facet normal 0.7914481 -0.1306686 0.597106
    outer loop
      vertex 0.796626 -0.1584588 0.5833333
      vertex 0.8052841 -0.1060177 0.5833333
      vertex 0.784773 -0.1033173 0.6111111
    endloop
  endfacet
  facet normal 0.7914481 -0.1306686 0.597106
    outer loop
      vertex 0.796626 -0.1584588 0.5833333
      vertex 0.784773 -0.1033173 0.6111111
      vertex 0.7763355 -0.1544227 0.6111111
    endloop
  endfacet
  facet normal 0.7982997 -0.07862566 0.597106
    outer loop
      vertex 0.8052841 -0.1060177 0.5833333
      vertex 0.8104938 -0.05312257 0.5833333
      vertex 0.7898501 -0.05176951 0.6111111
    endloop
  endfacet
  facet normal 0.7982997 -0.07862566 0.597106
    outer loop
      vertex 0.8052841 -0.1060177 0.5833333
      vertex 0.7898501 -0.05176951 0.6111111
      vertex 0.784773 -0.1033173 0.6111111
    endloop
  endfacet
  facet normal 0.8017328 -0.02624602 0.597106
    outer loop
      vertex 0.8104938 -0.05312257 0.5833333
      vertex 0.8122329 0 0.5833333
      vertex 0.7915448 0 0.6111111
    endloop
  endfacet
  facet normal 0.8017328 -0.02624602 0.597106
    outer loop
      vertex 0.8104938 -0.05312257 0.5833333
      vertex 0.7915448 0 0.6111111
      vertex 0.7898501 -0.05176951 0.6111111
    endloop
  endfacet
  facet normal 0.7802908 0.02554408 0.624895
    outer loop
      vertex 0.7915448 0 0.6111111
      vertex 0.7898501 0.05176951 0.6111111
      vertex 0.7676519 0.05031456 0.6388889
    endloop
  endfacet
  facet normal 0.7802908 0.02554408 0.624895
    outer loop
      vertex 0.7915448 0 0.6111111
      vertex 0.7676519 0.05031456 0.6388889
      vertex 0.769299 0 0.6388889
    endloop
  endfacet
  facet normal 0.7769495 0.07652284 0.624895
    outer loop
      vertex 0.7898501 0.05176951 0.6111111
      vertex 0.784773 0.1033173 0.6111111
      vertex 0.7627176 0.1004137 0.6388889
    endloop
  endfacet
  facet normal 0.7769495 0.07652284 0.624895
    outer loop
      vertex 0.7898501 0.05176951 0.6111111
      vertex 0.7627176 0.1004137 0.6388889
      vertex 0.7676519 0.05031456 0.6388889
    endloop
  endfacet
  facet normal 0.7702811 0.1271739 0.624895
    outer loop
      vertex 0.784773 0.1033173 0.6111111
      vertex 0.7763355 0.1544227 0.6111111
      vertex 0.7545172 0.1500828 0.6388889
    endloop
  endfacet
  facet normal 0.7702811 0.1271739 0.624895
    outer loop
      vertex 0.784773 0.1033173 0.6111111
      vertex 0.7545172 0.1500828 0.6388889
      vertex 0.7627176 0.1004137 0.6388889
    endloop
  endfacet
  facet normal 0.7603143 0.1772804 0.624895
    outer loop
      vertex 0.7763355 0.1544227 0.6111111
      vertex 0.7645736 0.2048669 0.6111111
      vertex 0.7430858 0.1991092 0.6388889
    endloop
  endfacet
  facet normal 0.7603143 0.1772804 0.624895
    outer loop
      vertex 0.7763355 0.1544227 0.6111111
      vertex 0.7430858 0.1991092 0.6388889
      vertex 0.7545172 0.1500828 0.6388889
    endloop
  endfacet
  facet normal 0.7470917 0.2266278 0.624895
    outer loop
      vertex 0.7645736 0.2048669 0.6111111
      vertex 0.7495376 0.2544337 0.6111111
      vertex 0.7284724 0.2472831 0.6388889
    endloop
  endfacet
  facet normal 0.7470917 0.2266278 0.624895
    outer loop
      vertex 0.7645736 0.2048669 0.6111111
      vertex 0.7284724 0.2472831 0.6388889
      vertex 0.7430858 0.1991092 0.6388889
    endloop
  endfacet
  facet normal 0.73067 0.2750047 0.624895
    outer loop
      vertex 0.7495376 0.2544337 0.6111111
      vertex 0.7312921 0.3029111 0.6111111
      vertex 0.7107396 0.294398 0.6388889
    endloop
  endfacet
  facet normal 0.73067 0.2750047 0.624895
    outer loop
      vertex 0.7495376 0.2544337 0.6111111
      vertex 0.7107396 0.294398 0.6388889
      vertex 0.7284724 0.2472831 0.6388889
    endloop
  endfacet
  facet normal 0.7111194 0.322204 0.624895
    outer loop
      vertex 0.7312921 0.3029111 0.6111111
      vertex 0.709915 0.3500913 0.6111111
      vertex 0.6899633 0.3402523 0.6388889
    endloop
  endfacet
  facet normal 0.7111194 0.322204 0.624895
    outer loop
      vertex 0.7312921 0.3029111 0.6111111
      vertex 0.6899633 0.3402523 0.6388889
      vertex 0.7107396 0.294398 0.6388889
    endloop
  endfacet
  facet normal 0.6885237 0.3680236 0.624895
    outer loop
      vertex 0.709915 0.3500913 0.6111111
      vertex 0.6854979 0.3957724 0.6111111
      vertex 0.6662325 0.3846495 0.6388889
    endloop
  endfacet
  facet normal 0.6885237 0.3680236 0.624895
    outer loop
      vertex 0.709915 0.3500913 0.6111111
      vertex 0.6662325 0.3846495 0.6388889
      vertex 0.6899633 0.3402523 0.6388889
    endloop
  endfacet
  facet normal 0.6629796 0.4122672 0.624895
    outer loop
      vertex 0.6854979 0.3957724 0.6111111
      vertex 0.6581455 0.4397587 0.6111111
      vertex 0.6396488 0.4273996 0.6388889
    endloop
  endfacet
  facet normal 0.6629796 0.4122672 0.624895
    outer loop
      vertex 0.6854979 0.3957724 0.6111111
      vertex 0.6396488 0.4273996 0.6388889
      vertex 0.6662325 0.3846495 0.6388889
    endloop
  endfacet
  facet normal 0.6345966 0.4547455 0.624895
    outer loop
      vertex 0.6581455 0.4397587 0.6111111
      vertex 0.6279747 0.481862 0.6111111
      vertex 0.610326 0.4683196 0.6388889
    endloop
  endfacet
  facet normal 0.6345966 0.4547455 0.624895
    outer loop
      vertex 0.6581455 0.4397587 0.6111111
      vertex 0.610326 0.4683196 0.6388889
      vertex 0.6396488 0.4273996 0.6388889
    endloop
  endfacet
  facet normal 0.6034961 0.4952764 0.624895
    outer loop
      vertex 0.6279747 0.481862 0.6111111
      vertex 0.5951149 0.5219018 0.6111111
      vertex 0.5783896 0.5072341 0.6388889
    endloop
  endfacet
  facet normal 0.6034961 0.4952764 0.624895
    outer loop
      vertex 0.6279747 0.481862 0.6111111
      vertex 0.5783896 0.5072341 0.6388889
      vertex 0.610326 0.4683196 0.6388889
    endloop
  endfacet
  facet normal 0.5698113 0.5336865 0.624895
    outer loop
      vertex 0.5951149 0.5219018 0.6111111
      vertex 0.5597067 0.5597067 0.6111111
      vertex 0.5439766 0.5439766 0.6388889
    endloop
  endfacet
  facet normal 0.5698113 0.5336865 0.624895
    outer loop
      vertex 0.5951149 0.5219018 0.6111111
      vertex 0.5439766 0.5439766 0.6388889
      vertex 0.5783896 0.5072341 0.6388889
    endloop
  endfacet
  facet normal 0.5336865 0.5698113 0.624895
    outer loop
      vertex 0.5597067 0.5597067 0.6111111
      vertex 0.5219018 0.5951149 0.6111111
      vertex 0.5072341 0.5783896 0.6388889
    endloop
  endfacet
  facet normal 0.5336865 0.5698113 0.624895
    outer loop
      vertex 0.5597067 0.5597067 0.6111111
      vertex 0.5072341 0.5783896 0.6388889
      vertex 0.5439766 0.5439766 0.6388889
    endloop
  endfacet
  facet normal 0.4952764 0.6034961 0.624895
    outer loop
      vertex 0.5219018 0.5951149 0.6111111
      vertex 0.481862 0.6279747 0.6111111
      vertex 0.4683196 0.610326 0.6388889
    endloop
  endfacet
  facet normal 0.4952764 0.6034961 0.624895
    outer loop
      vertex 0.5219018 0.5951149 0.6111111
      vertex 0.4683196 0.610326 0.6388889
      vertex 0.5072341 0.5783896 0.6388889
    endloop
  endfacet
  facet normal 0.4547455 0.6345966 0.624895
    outer loop
      vertex 0.481862 0.6279747 0.6111111
      vertex 0.4397587 0.6581455 0.6111111
      vertex 0.4273996 0.6396488 0.6388889
    endloop
  endfacet
  facet normal 0.4547455 0.6345966 0.624895
    outer loop
      vertex 0.481862 0.6279747 0.6111111
      vertex 0.4273996 0.6396488 0.6388889
      vertex 0.4683196 0.610326 0.6388889
    endloop
  endfacet
  facet normal 0.4122672 0.6629796 0.624895
    outer loop
      vertex 0.4397587 0.6581455 0.6111111
      vertex 0.3957724 0.6854979 0.6111111
      vertex 0.3846495 0.6662325 0.6388889
    endloop
  endfacet
  facet normal 0.4122672 0.6629796 0.624895
    outer loop
      vertex 0.4397587 0.6581455 0.6111111
      vertex 0.3846495 0.6662325 0.6388889
      vertex 0.4273996 0.6396488 0.6388889
    endloop
  endfacet
  facet normal 0.3680236 0.6885237 0.624895
    outer loop
      vertex 0.3957724 0.6854979 0.6111111
      vertex 0.3500913 0.709915 0.6111111
      vertex 0.3402523 0.6899633 0.6388889
    endloop
  endfacet
  facet normal 0.3680236 0.6885237 0.624895
    outer loop
      vertex 0.3957724 0.6854979 0.6111111
      vertex 0.3402523 0.6899633 0.6388889
      vertex 0.3846495 0.6662325 0.6388889
    endloop
  endfacet
  facet normal 0.322204 0.7111194 0.624895
    outer loop
      vertex 0.3500913 0.709915 0.6111111
      vertex 0.3029111 0.7312921 0.6111111
      vertex 0.294398 0.7107396 0.6388889
    endloop
  endfacet
  facet normal 0.322204 0.7111194 0.624895
    outer loop
      vertex 0.3500913 0.709915 0.6111111
      vertex 0.294398 0.7107396 0.6388889
      vertex 0.3402523 0.6899633 0.6388889
    endloop
  endfacet
  facet normal 0.2750047 0.73067 0.624895
    outer loop
      vertex 0.3029111 0.7312921 0.6111111
      vertex 0.2544337 0.7495376 0.6111111
      vertex 0.2472831 0.7284724 0.6388889
    endloop
  endfacet
  facet normal 0.2750047 0.73067 0.624895
    outer loop
      vertex 0.3029111 0.7312921 0.6111111
      vertex 0.2472831 0.7284724 0.6388889
      vertex 0.294398 0.7107396 0.6388889
    endloop
  endfacet
  facet normal 0.2266278 0.7470917 0.624895
    outer loop
      vertex 0.2544337 0.7495376 0.6111111
      vertex 0.2048669 0.7645736 0.6111111
      vertex 0.1991092 0.7430858 0.6388889
    endloop
  endfacet
  facet normal 0.2266278 0.7470917 0.624895
    outer loop
      vertex 0.2544337 0.7495376 0.6111111
      vertex 0.1991092 0.7430858 0.6388889
      vertex 0.2472831 0.7284724 0.6388889
    endloop
  endfacet
  facet normal 0.1772804 0.7603143 0.624895
    outer loop
      vertex 0.2048669 0.7645736 0.6111111
      vertex 0.1544227 0.7763355 0.6111111
      vertex 0.1500828 0.7545172 0.6388889
    endloop
  endfacet
  facet normal 0.1772804 0.7603143 0.624895
    outer loop
      vertex 0.2048669 0.7645736 0.6111111
      vertex 0.1500828 0.7545172 0.6388889
      vertex 0.1991092 0.7430858 0.6388889
    endloop
  endfacet
  facet normal 0.1271739 0.7702811 0.624895
    outer loop
      vertex 0.1544227 0.7763355 0.6111111
      vertex 0.1033173 0.784773 0.6111111
      vertex 0.1004137 0.7627176 0.6388889
    endloop
  endfacet
  facet normal 0.1271739 0.7702811 0.624895
    outer loop
      vertex 0.1544227 0.7763355 0.6111111
      vertex 0.1004137 0.7627176 0.6388889
      vertex 0.1500828 0.7545172 0.6388889
    endloop
  endfacet
  facet normal 0.07652284 0.7769495 0.624895
    outer loop
      vertex 0.1033173 0.784773 0.6111111
      vertex 0.05176951 0.7898501 0.6111111
      vertex 0.05031456 0.7676519 0.6388889
    endloop
  endfacet
  facet normal 0.07652284 0.7769495 0.624895
    outer loop
      vertex 0.1033173 0.784773 0.6111111
      vertex 0.05031456 0.7676519 0.6388889
      vertex 0.1004137 0.7627176 0.6388889
    endloop
  endfacet
  facet normal 0.02554408 0.7802908 0.624895
    outer loop
      vertex 0.05176951 0.7898501 0.6111111
      vertex 4.846814e-17 0.7915448 0.6111111
      vertex 4.710598e-17 0.769299 0.6388889
    endloop
  endfacet
  facet normal 0.02554408 0.7802908 0.624895
    outer loop
      vertex 0.05176951 0.7898501 0.6111111
      vertex 4.710598e-17 0.769299 0.6388889
      vertex 0.05031456 0.7676519 0.6388889
    endloop
  endfacet
  facet normal -0.02554408 0.7802908 0.624895
    outer loop
      vertex 4.846814e-17 0.7915448 0.6111111
      vertex -0.05176951 0.7898501 0.6111111
      vertex -0.05031456 0.7676519 0.6388889
    endloop
  endfacet
  facet normal -0.02554408 0.7802908 0.624895
    outer loop
      vertex 4.846814e-17 0.7915448 0.6111111
      vertex -0.05031456 0.7676519 0.6388889
      vertex 4.710598e-17 0.769299 0.6388889
    endloop
  endfacet
  facet normal -0.07652284 0.7769495 0.624895
    outer loop
      vertex -0.05176951 0.7898501 0.6111111
      vertex -0.1033173 0.784773 0.6111111
      vertex -0.1004137 0.7627176 0.6388889
    endloop
  endfacet
  facet normal -0.07652284 0.7769495 0.624895
    outer loop
      vertex -0.05176951 0.7898501 0.6111111
      vertex -0.1004137 0.7627176 0.6388889
      vertex -0.05031456 0.7676519 0.6388889
    endloop
  endfacet
  facet normal -0.1271739 0.7702811 0.624895
    outer loop
      vertex -0.1033173 0.784773 0.6111111
      vertex -0.1544227 0.7763355 0.6111111
      vertex -0.1500828 0.7545172 0.6388889
    endloop
  endfacet
  facet normal -0.1271739 0.7702811 0.624895
    outer loop
      vertex -0.1033173 0.784773 0.6111111
      vertex -0.1500828 0.7545172 0.6388889
      vertex -0.1004137 0.7627176 0.6388889
    endloop
  endfacet
  facet normal -0.1772804 0.7603143 0.624895
    outer loop
      vertex -0.1544227 0.7763355 0.6111111
      vertex -0.2048669 0.7645736 0.6111111
      vertex -0.1991092 0.7430858 0.6388889
    endloop
  endfacet
  facet normal -0.1772804 0.7603143 0.624895
    outer loop
      vertex -0.1544227 0.7763355 0.6111111
      vertex -0.1991092 0.7430858 0.6388889
      vertex -0.1500828 0.7545172 0.6388889
    endloop
  endfacet
  facet normal -0.2266278 0.7470917 0.624895
    outer loop
      vertex -0.2048669 0.7645736 0.6111111
      vertex -0.2544337 0.7495376 0.6111111
      vertex -0.2472831 0.7284724 0.6388889
    endloop
  endfacet
  facet normal -0.2266278 0.7470917 0.624895
    outer loop
      vertex -0.2048669 0.7645736 0.6111111
      vertex -0.2472831 0.7284724 0.6388889
      vertex -0.1991092 0.7430858 0.6388889
    endloop
  endfacet
  facet normal -0.2750047 0.73067 0.624895
    outer loop
      vertex -0.2544337 0.7495376 0.6111111
      vertex -0.3029111 0.7312921 0.6111111
      vertex -0.294398 0.7107396 0.6388889
    endloop
  endfacet
  facet normal -0.2750047 0.73067 0.624895
    outer loop
      vertex -0.2544337 0.7495376 0.6111111
      vertex -0.294398 0.7107396 0.6388889
      vertex -0.2472831 0.7284724 0.6388889
    endloop
  endfacet
  facet normal -0.322204 0.7111194 0.624895
    outer loop
      vertex -0.3029111 0.7312921 0.6111111
      vertex -0.3500913 0.709915 0.6111111
      vertex -0.3402523 0.6899633 0.6388889
    endloop
  endfacet
  facet normal -0.322204 0.7111194 0.624895
    outer loop
      vertex -0.3029111 0.7312921 0.6111111
      vertex -0.3402523 0.6899633 0.6388889
      vertex -0.294398 0.7107396 0.6388889
    endloop
  endfacet
  facet normal -0.3680236 0.6885237 0.624895
    outer loop
      vertex -0.3500913 0.709915 0.6111111
      vertex -0.3957724 0.6854979 0.6111111
      vertex -0.3846495 0.6662325 0.6388889
    endloop
  endfacet
  facet normal -0.3680236 0.6885237 0.624895
    outer loop
      vertex -0.3500913 0.709915 0.6111111
      vertex -0.3846495 0.6662325 0.6388889
      vertex -0.3402523 0.6899633 0.6388889
    endloop
  endfacet
  facet normal -0.4122672 0.6629796 0.624895
    outer loop
      vertex -0.3957724 0.6854979 0.6111111
      vertex -0.4397587 0.6581455 0.6111111
      vertex -0.4273996 0.6396488 0.6388889
    endloop
  endfacet
  facet normal -0.4122672 0.6629796 0.624895
    outer loop
      vertex -0.3957724 0.6854979 0.6111111
      vertex -0.4273996 0.6396488 0.6388889
      vertex -0.3846495 0.6662325 0.6388889
    endloop
  endfacet
  facet normal -0.4547455 0.6345966 0.624895
    outer loop
      vertex -0.4397587 0.6581455 0.6111111
      vertex -0.481862 0.6279747 0.6111111
      vertex -0.4683196 0.610326 0.6388889
    endloop
  endfacet
  facet normal -0.4547455 0.6345966 0.624895
    outer loop
      vertex -0.4397587 0.6581455 0.6111111
      vertex -0.4683196 0.610326 0.6388889
      vertex -0.4273996 0.6396488 0.6388889
    endloop
  endfacet
  facet normal -0.4952764 0.6034961 0.624895
    outer loop
      vertex -0.481862 0.6279747 0.6111111
      vertex -0.5219018 0.5951149 0.6111111
      vertex -0.5072341 0.5783896 0.6388889
    endloop
  endfacet
  facet normal -0.4952764 0.6034961 0.624895
    outer loop
      vertex -0.481862 0.6279747 0.6111111
      vertex -0.5072341 0.5783896 0.6388889
      vertex -0.4683196 0.610326 0.6388889
    endloop
  endfacet
  facet normal -0.5336865 0.5698113 0.624895
    outer loop
      vertex -0.5219018 0.5951149 0.6111111
      vertex -0.5597067 0.5597067 0.6111111
      vertex -0.5439766 0.5439766 0.6388889
    endloop
  endfacet
  facet normal -0.5336865 0.5698113 0.624895
    outer loop
      vertex -0.5219018 0.5951149 0.6111111
      vertex -0.5439766 0.5439766 0.6388889
      vertex -0.5072341 0.5783896 0.6388889
    endloop
  endfacet
  facet normal -0.5698113 0.5336865 0.624895
    outer loop
      vertex -0.5597067 0.5597067 0.6111111
      vertex -0.5951149 0.5219018 0.6111111
      vertex -0.5783896 0.5072341 0.6388889
    endloop
  endfacet
  facet normal -0.5698113 0.5336865 0.624895
    outer loop
      vertex -0.5597067 0.5597067 0.6111111
      vertex -0.5783896 0.5072341 0.6388889
      vertex -0.5439766 0.5439766 0.6388889
    endloop
  endfacet
  facet normal -0.6034961 0.4952764 0.624895
    outer loop
      vertex -0.5951149 0.5219018 0.6111111
      vertex -0.6279747 0.481862 0.6111111
      vertex -0.610326 0.4683196 0.6388889
    endloop
  endfacet
  facet normal -0.6034961 0.4952764 0.624895
    outer loop
      vertex -0.5951149 0.5219018 0.6111111
      vertex -0.610326 0.4683196 0.6388889
      vertex -0.5783896 0.5072341 0.6388889
    endloop
  endfacet
  facet normal -0.6345966 0.4547455 0.624895
    outer loop
      vertex -0.6279747 0.481862 0.6111111
      vertex -0.6581455 0.4397587 0.6111111
      vertex -0.6396488 0.4273996 0.6388889
    endloop
  endfacet
  facet normal -0.6345966 0.4547455 0.624895
    outer loop
      vertex -0.6279747 0.481862 0.6111111
      vertex -0.6396488 0.4273996 0.6388889
      vertex -0.610326 0.4683196 0.6388889
    endloop
  endfacet
  facet normal -0.6629796 0.4122672 0.624895
    outer loop
      vertex -0.6581455 0.4397587 0.6111111
      vertex -0.6854979 0.3957724 0.6111111
      vertex -0.6662325 0.3846495 0.6388889
    endloop
  endfacet
  facet normal -0.6629796 0.4122672 0.624895
    outer loop
      vertex -0.6581455 0.4397587 0.6111111
      vertex -0.6662325 0.3846495 0.6388889
      vertex -0.6396488 0.4273996 0.6388889
    endloop
  endfacet
  facet normal -0.6885237 0.3680236 0.624895
    outer loop
      vertex -0.6854979 0.3957724 0.6111111
      vertex -0.709915 0.3500913 0.6111111
      vertex -0.6899633 0.3402523 0.6388889
    endloop
  endfacet
  facet normal -0.6885237 0.3680236 0.624895
    outer loop
      vertex -0.6854979 0.3957724 0.6111111
      vertex -0.6899633 0.3402523 0.6388889
      vertex -0.6662325 0.3846495 0.6388889
    endloop
  endfacet
  facet normal -0.7111194 0.322204 0.624895
    outer loop
      vertex -0.709915 0.3500913 0.6111111
      vertex -0.7312921 0.3029111 0.6111111
      vertex -0.7107396 0.294398 0.6388889
    endloop
  endfacet
  facet normal -0.7111194 0.322204 0.624895
    outer loop
      vertex -0.709915 0.3500913 0.6111111
      vertex -0.7107396 0.294398 0.6388889
      vertex -0.6899633 0.3402523 0.6388889
    endloop
  endfacet
  facet normal -0.73067 0.2750047 0.624895
    outer loop
      vertex -0.7312921 0.3029111 0.6111111
      vertex -0.7495376 0.2544337 0.6111111
      vertex -0.7284724 0.2472831 0.6388889
    endloop
  endfacet
  facet normal -0.73067 0.2750047 0.624895
    outer loop
      vertex -0.7312921 0.3029111 0.6111111
      vertex -0.7284724 0.2472831 0.6388889
      vertex -0.7107396 0.294398 0.6388889
    endloop
  endfacet
  facet normal -0.7470917 0.2266278 0.624895
    outer loop
      vertex -0.7495376 0.2544337 0.6111111
      vertex -0.7645736 0.2048669 0.6111111
      vertex -0.7430858 0.1991092 0.6388889
    endloop
  endfacet
  facet normal -0.7470917 0.2266278 0.624895
    outer loop
      vertex -0.7495376 0.2544337 0.6111111
      vertex -0.7430858 0.1991092 0.6388889
      vertex -0.7284724 0.2472831 0.6388889
    endloop
  endfacet
  facet normal -0.7603143 0.1772804 0.624895
    outer loop
      vertex -0.7645736 0.2048669 0.6111111
      vertex -0.7763355 0.1544227 0.6111111
      vertex -0.7545172 0.1500828 0.6388889
    endloop
  endfacet
  facet normal -0.7603143 0.1772804 0.624895
    outer loop
      vertex -0.7645736 0.2048669 0.6111111
      vertex -0.7545172 0.1500828 0.6388889
      vertex -0.7430858 0.1991092 0.6388889
    endloop
  endfacet
  facet normal -0.7702811 0.1271739 0.624895
    outer loop
      vertex -0.7763355 0.1544227 0.6111111
      vertex -0.784773 0.1033173 0.6111111
      vertex -0.7627176 0.1004137 0.6388889
    endloop
  endfacet
  facet normal -0.7702811 0.1271739 0.624895
    outer loop
      vertex -0.7763355 0.1544227 0.6111111
      vertex -0.7627176 0.1004137 0.6388889
      vertex -0.7545172 0.1500828 0.6388889
    endloop
  endfacet
  facet normal -0.7769495 0.07652284 0.624895
    outer loop
      vertex -0.784773 0.1033173 0.6111111
      vertex -0.7898501 0.05176951 0.6111111
      vertex -0.7676519 0.05031456 0.6388889
    endloop
  endfacet
  facet normal -0.7769495 0.07652284 0.624895
    outer loop
      vertex -0.784773 0.1033173 0.6111111
      vertex -0.7676519 0.05031456 0.6388889
      vertex -0.7627176 0.1004137 0.6388889
    endloop
  endfacet
  facet normal -0.7802908 0.02554408 0.624895
    outer loop
      vertex -0.7898501 0.05176951 0.6111111
      vertex -0.7915448 9.693628e-17 0.6111111
      vertex -0.769299 9.421196e-17 0.6388889
    endloop
  endfacet
  facet normal -0.7802908 0.02554408 0.624895
    outer loop
      vertex -0.7898501 0.05176951 0.6111111
      vertex -0.769299 9.421196e-17 0.6388889
      vertex -0.7676519 0.05031456 0.6388889
    endloop
  endfacet
  facet normal -0.7802908 -0.02554408 0.624895
    outer loop
      vertex -0.7915448 9.693628e-17 0.6111111
      vertex -0.7898501 -0.05176951 0.6111111
      vertex -0.7676519 -0.05031456 0.6388889
    endloop
  endfacet
  facet normal -0.7802908 -0.02554408 0.624895
    outer loop
      vertex -0.7915448 9.693628e-17 0.6111111
      vertex -0.7676519 -0.05031456 0.6388889
      vertex -0.769299 9.421196e-17 0.6388889
    endloop
  endfacet
  facet normal -0.7769495 -0.07652284 0.624895
    outer loop
      vertex -0.7898501 -0.05176951 0.6111111
      vertex -0.784773 -0.1033173 0.6111111
      vertex -0.7627176 -0.1004137 0.6388889
    endloop
  endfacet
  facet normal -0.7769495 -0.07652284 0.624895
    outer loop
      vertex -0.7898501 -0.05176951 0.6111111
      vertex -0.7627176 -0.1004137 0.6388889
      vertex -0.7676519 -0.05031456 0.6388889
    endloop
  endfacet
  facet normal -0.7702811 -0.1271739 0.624895
    outer loop
      vertex -0.784773 -0.1033173 0.6111111
      vertex -0.7763355 -0.1544227 0.6111111
      vertex -0.7545172 -0.1500828 0.6388889
    endloop
  endfacet
  facet normal -0.7702811 -0.1271739 0.624895
    outer loop
      vertex -0.784773 -0.1033173 0.6111111
      vertex -0.7545172 -0.1500828 0.6388889
      vertex -0.7627176 -0.1004137 0.6388889
    endloop
  endfacet
  facet normal -0.7603143 -0.1772804 0.624895
    outer loop
      vertex -0.7763355 -0.1544227 0.6111111
      vertex -0.7645736 -0.2048669 0.6111111
      vertex -0.7430858 -0.1991092 0.6388889
    endloop
  endfacet
  facet normal -0.7603143 -0.1772804 0.624895
    outer loop
      vertex -0.7763355 -0.1544227 0.6111111
      vertex -0.7430858 -0.1991092 0.6388889
      vertex -0.7545172 -0.1500828 0.6388889
    endloop
  endfacet
  facet normal -0.7470917 -0.2266278 0.624895
    outer loop
      vertex -0.7645736 -0.2048669 0.6111111
      vertex -0.7495376 -0.2544337 0.6111111
      vertex -0.7284724 -0.2472831 0.6388889
    endloop
  endfacet
  facet normal -0.7470917 -0.2266278 0.624895
    outer loop
      vertex -0.7645736 -0.2048669 0.6111111
      vertex -0.7284724 -0.2472831 0.6388889
      vertex -0.7430858 -0.1991092 0.6388889
    endloop
  endfacet
  facet normal -0.73067 -0.2750047 0.624895
    outer loop
      vertex -0.7495376 -0.2544337 0.6111111
      vertex -0.7312921 -0.3029111 0.6111111
      vertex -0.7107396 -0.294398 0.6388889
    endloop
  endfacet
  facet normal -0.73067 -0.2750047 0.624895
    outer loop
      vertex -0.7495376 -0.2544337 0.6111111
      vertex -0.7107396 -0.294398 0.6388889
      vertex -0.7284724 -0.2472831 0.6388889
    endloop
  endfacet
  facet normal -0.7111194 -0.322204 0.624895
    outer loop
      vertex -0.7312921 -0.3029111 0.6111111
      vertex -0.709915 -0.3500913 0.6111111
      vertex -0.6899633 -0.3402523 0.6388889
    endloop
  endfacet
  facet normal -0.7111194 -0.322204 0.624895
    outer loop
      vertex -0.7312921 -0.3029111 0.6111111
      vertex -0.6899633 -0.3402523 0.6388889
      vertex -0.7107396 -0.294398 0.6388889
    endloop
  endfacet
  facet normal -0.6885237 -0.3680236 0.624895
    outer loop
      vertex -0.709915 -0.3500913 0.6111111
      vertex -0.6854979 -0.3957724 0.6111111
      vertex -0.6662325 -0.3846495 0.6388889
    endloop
  endfacet
  facet normal -0.6885237 -0.3680236 0.624895
    outer loop
      vertex -0.709915 -0.3500913 0.6111111
      vertex -0.6662325 -0.3846495 0.6388889
      vertex -0.6899633 -0.3402523 0.6388889
    endloop
  endfacet
  facet normal -0.6629796 -0.4122672 0.624895
    outer loop
      vertex -0.6854979 -0.3957724 0.6111111
      vertex -0.6581455 -0.4397587 0.6111111
      vertex -0.6396488 -0.4273996 0.6388889
    endloop
  endfacet
  facet normal -0.6629796 -0.4122672 0.624895
    outer loop
      vertex -0.6854979 -0.3957724 0.6111111
      vertex -0.6396488 -0.4273996 0.6388889
      vertex -0.6662325 -0.3846495 0.6388889
    endloop
  endfacet
  facet normal -0.6345966 -0.4547455 0.624895
    outer loop
      vertex -0.6581455 -0.4397587 0.6111111
      vertex -0.6279747 -0.481862 0.6111111
      vertex -0.610326 -0.4683196 0.6388889
    endloop
  endfacet
  facet normal -0.6345966 -0.4547455 0.624895
    outer loop
      vertex -0.6581455 -0.4397587 0.6111111
      vertex -0.610326 -0.4683196 0.6388889
      vertex -0.6396488 -0.4273996 0.6388889
    endloop
  endfacet
  facet normal -0.6034961 -0.4952764 0.624895
    outer loop
      vertex -0.6279747 -0.481862 0.6111111
      vertex -0.5951149 -0.5219018 0.6111111
      vertex -0.5783896 -0.5072341 0.6388889
    endloop
  endfacet
  facet normal -0.6034961 -0.4952764 0.624895
    outer loop
      vertex -0.6279747 -0.481862 0.6111111
      vertex -0.5783896 -0.5072341 0.6388889
      vertex -0.610326 -0.4683196 0.6388889
    endloop
  endfacet
  facet normal -0.5698113 -0.5336865 0.624895
    outer loop
      vertex -0.5951149 -0.5219018 0.6111111
      vertex -0.5597067 -0.5597067 0.6111111
      vertex -0.5439766 -0.5439766 0.6388889
    endloop
  endfacet
  facet normal -0.5698113 -0.5336865 0.624895
    outer loop
      vertex -0.5951149 -0.5219018 0.6111111
      vertex -0.5439766 -0.5439766 0.6388889
      vertex -0.5783896 -0.5072341 0.6388889
    endloop
  endfacet
  facet normal -0.5336865 -0.5698113 0.624895
    outer loop
      vertex -0.5597067 -0.5597067 0.6111111
      vertex -0.5219018 -0.5951149 0.6111111
      vertex -0.5072341 -0.5783896 0.6388889
    endloop
  endfacet
  facet normal -0.5336865 -0.5698113 0.624895
    outer loop
      vertex -0.5597067 -0.5597067 0.6111111
      vertex -0.5072341 -0.5783896 0.6388889
      vertex -0.5439766 -0.5439766 0.6388889
    endloop
  endfacet
  facet normal -0.4952764 -0.6034961 0.624895
    outer loop
      vertex -0.5219018 -0.5951149 0.6111111
      vertex -0.481862 -0.6279747 0.6111111
      vertex -0.4683196 -0.610326 0.6388889
    endloop
  endfacet
  facet normal -0.4952764 -0.6034961 0.624895
    outer loop
      vertex -0.5219018 -0.5951149 0.6111111
      vertex -0.4683196 -0.610326 0.6388889
      vertex -0.5072341 -0.5783896 0.6388889
    endloop
  endfacet
  facet normal -0.4547455 -0.6345966 0.624895
    outer loop
      vertex -0.481862 -0.6279747 0.6111111
      vertex -0.4397587 -0.6581455 0.6111111
      vertex -0.4273996 -0.6396488 0.6388889
    endloop
  endfacet
  facet normal -0.4547455 -0.6345966 0.624895
    outer loop
      vertex -0.481862 -0.6279747 0.6111111
      vertex -0.4273996 -0.6396488 0.6388889
      vertex -0.4683196 -0.610326 0.6388889
    endloop
  endfacet
  facet normal -0.4122672 -0.6629796 0.624895
    outer loop
      vertex -0.4397587 -0.6581455 0.6111111
      vertex -0.3957724 -0.6854979 0.6111111
      vertex -0.3846495 -0.6662325 0.6388889
    endloop
  endfacet
  facet normal -0.4122672 -0.6629796 0.624895
    outer loop
      vertex -0.4397587 -0.6581455 0.6111111
      vertex -0.3846495 -0.6662325 0.6388889
      vertex -0.4273996 -0.6396488 0.6388889
    endloop
  endfacet
  facet normal -0.3680236 -0.6885237 0.624895
    outer loop
      vertex -0.3957724 -0.6854979 0.6111111
      vertex -0.3500913 -0.709915 0.6111111
      vertex -0.3402523 -0.6899633 0.6388889
    endloop
  endfacet
  facet normal -0.3680236 -0.6885237 0.624895
    outer loop
      vertex -0.3957724 -0.6854979 0.6111111
      vertex -0.3402523 -0.6899633 0.6388889
      vertex -0.3846495 -0.6662325 0.6388889
    endloop
  endfacet
  facet normal -0.322204 -0.7111194 0.624895
    outer loop
      vertex -0.3500913 -0.709915 0.6111111
      vertex -0.3029111 -0.7312921 0.6111111
      vertex -0.294398 -0.7107396 0.6388889
    endloop
  endfacet
  facet normal -0.322204 -0.7111194 0.624895
    outer loop
      vertex -0.3500913 -0.709915 0.6111111
      vertex -0.294398 -0.7107396 0.6388889
      vertex -0.3402523 -0.6899633 0.6388889
    endloop
  endfacet
  facet normal -0.2750047 -0.73067 0.624895
    outer loop
      vertex -0.3029111 -0.7312921 0.6111111
      vertex -0.2544337 -0.7495376 0.6111111
      vertex -0.2472831 -0.7284724 0.6388889
    endloop
  endfacet
  facet normal -0.2750047 -0.73067 0.624895
    outer loop
      vertex -0.3029111 -0.7312921 0.6111111
      vertex -0.2472831 -0.7284724 0.6388889
      vertex -0.294398 -0.7107396 0.6388889
    endloop
  endfacet
  facet normal -0.2266278 -0.7470917 0.624895
    outer loop
      vertex -0.2544337 -0.7495376 0.6111111
      vertex -0.2048669 -0.7645736 0.6111111
      vertex -0.1991092 -0.7430858 0.6388889
    endloop
  endfacet
  facet normal -0.2266278 -0.7470917 0.624895
    outer loop
      vertex -0.2544337 -0.7495376 0.6111111
      vertex -0.1991092 -0.7430858 0.6388889
      vertex -0.2472831 -0.7284724 0.6388889
    endloop
  endfacet
  facet normal -0.1772804 -0.7603143 0.624895
    outer loop
      vertex -0.2048669 -0.7645736 0.6111111
      vertex -0.1544227 -0.7763355 0.6111111
      vertex -0.1500828 -0.7545172 0.6388889
    endloop
  endfacet
  facet normal -0.1772804 -0.7603143 0.624895
    outer loop
      vertex -0.2048669 -0.7645736 0.6111111
      vertex -0.1500828 -0.7545172 0.6388889
      vertex -0.1991092 -0.7430858 0.6388889
    endloop
  endfacet
  facet normal -0.1271739 -0.7702811 0.624895
    outer loop
      vertex -0.1544227 -0.7763355 0.6111111
      vertex -0.1033173 -0.784773 0.6111111
      vertex -0.1004137 -0.7627176 0.6388889
    endloop
  endfacet
  facet normal -0.1271739 -0.7702811 0.624895
    outer loop
      vertex -0.1544227 -0.7763355 0.6111111
      vertex -0.1004137 -0.7627176 0.6388889
      vertex -0.1500828 -0.7545172 0.6388889
    endloop
  endfacet
  facet normal -0.07652284 -0.7769495 0.624895
    outer loop
      vertex -0.1033173 -0.784773 0.6111111
      vertex -0.05176951 -0.7898501 0.6111111
      vertex -0.05031456 -0.7676519 0.6388889
    endloop
  endfacet
  facet normal -0.07652284 -0.7769495 0.624895
    outer loop
      vertex -0.1033173 -0.784773 0.6111111
      vertex -0.05031456 -0.7676519 0.6388889
      vertex -0.1004137 -0.7627176 0.6388889
    endloop
  endfacet
  facet normal -0.02554408 -0.7802908 0.624895
    outer loop
      vertex -0.05176951 -0.7898501 0.6111111
      vertex -1.454044e-16 -0.7915448 0.6111111
      vertex -1.413179e-16 -0.769299 0.6388889
    endloop
  endfacet
  facet normal -0.02554408 -0.7802908 0.624895
    outer loop
      vertex -0.05176951 -0.7898501 0.6111111
      vertex -1.413179e-16 -0.769299 0.6388889
      vertex -0.05031456 -0.7676519 0.6388889
    endloop
  endfacet
  facet normal 0.02554408 -0.7802908 0.624895
    outer loop
      vertex -1.454044e-16 -0.7915448 0.6111111
      vertex 0.05176951 -0.7898501 0.6111111
      vertex 0.05031456 -0.7676519 0.6388889
    endloop
  endfacet
  facet normal 0.02554408 -0.7802908 0.624895
    outer loop
      vertex -1.454044e-16 -0.7915448 0.6111111
      vertex 0.05031456 -0.7676519 0.6388889
      vertex -1.413179e-16 -0.769299 0.6388889
    endloop
  endfacet
  facet normal 0.07652284 -0.7769495 0.624895
    outer loop
      vertex 0.05176951 -0.7898501 0.6111111
      vertex 0.1033173 -0.784773 0.6111111
      vertex 0.1004137 -0.7627176 0.6388889
    endloop
  endfacet
  facet normal 0.07652284 -0.7769495 0.624895
    outer loop
      vertex 0.05176951 -0.7898501 0.6111111
      vertex 0.1004137 -0.7627176 0.6388889
      vertex 0.05031456 -0.7676519 0.6388889
    endloop
  endfacet
  facet normal 0.1271739 -0.7702811 0.624895
    outer loop
      vertex 0.1033173 -0.784773 0.6111111
      vertex 0.1544227 -0.7763355 0.6111111
      vertex 0.1500828 -0.7545172 0.6388889
    endloop
  endfacet
  facet normal 0.1271739 -0.7702811 0.624895
    outer loop
      vertex 0.1033173 -0.784773 0.6111111
      vertex 0.1500828 -0.7545172 0.6388889
      vertex 0.1004137 -0.7627176 0.6388889
    endloop
  endfacet
  facet normal 0.1772804 -0.7603143 0.624895
    outer loop
      vertex 0.1544227 -0.7763355 0.6111111
      vertex 0.2048669 -0.7645736 0.6111111
      vertex 0.1991092 -0.7430858 0.6388889
    endloop
  endfacet
  facet normal 0.1772804 -0.7603143 0.624895
    outer loop
      vertex 0.1544227 -0.7763355 0.6111111
      vertex 0.1991092 -0.7430858 0.6388889
      vertex 0.1500828 -0.7545172 0.6388889
    endloop
  endfacet
  facet normal 0.2266278 -0.7470917 0.624895
    outer loop
      vertex 0.2048669 -0.7645736 0.6111111
      vertex 0.2544337 -0.7495376 0.6111111
      vertex 0.2472831 -0.7284724 0.6388889
    endloop
  endfacet
  facet normal 0.2266278 -0.7470917 0.624895
    outer loop
      vertex 0.2048669 -0.7645736 0.6111111
      vertex 0.2472831 -0.7284724 0.6388889
      vertex 0.1991092 -0.7430858 0.6388889
    endloop
  endfacet
  facet normal 0.2750047 -0.73067 0.624895
    outer loop
      vertex 0.2544337 -0.7495376 0.6111111
      vertex 0.3029111 -0.7312921 0.6111111
      vertex 0.294398 -0.7107396 0.6388889
    endloop
  endfacet
  facet normal 0.2750047 -0.73067 0.624895
    outer loop
      vertex 0.2544337 -0.7495376 0.6111111
      vertex 0.294398 -0.7107396 0.6388889
      vertex 0.2472831 -0.7284724 0.6388889
    endloop
  endfacet
  facet normal 0.322204 -0.7111194 0.624895
    outer loop
      vertex 0.3029111 -0.7312921 0.6111111
      vertex 0.3500913 -0.709915 0.6111111
      vertex 0.3402523 -0.6899633 0.6388889
    endloop
  endfacet
  facet normal 0.322204 -0.7111194 0.624895
    outer loop
      vertex 0.3029111 -0.7312921 0.6111111
      vertex 0.3402523 -0.6899633 0.6388889
      vertex 0.294398 -0.7107396 0.6388889
    endloop
  endfacet
  facet normal 0.3680236 -0.6885237 0.624895
    outer loop
      vertex 0.3500913 -0.709915 0.6111111
      vertex 0.3957724 -0.6854979 0.6111111
      vertex 0.3846495 -0.6662325 0.6388889
    endloop
  endfacet
  facet normal 0.3680236 -0.6885237 0.624895
    outer loop
      vertex 0.3500913 -0.709915 0.6111111
      vertex 0.3846495 -0.6662325 0.6388889
      vertex 0.3402523 -0.6899633 0.6388889
    endloop
  endfacet
  facet normal 0.4122672 -0.6629796 0.624895
    outer loop
      vertex 0.3957724 -0.6854979 0.6111111
      vertex 0.4397587 -0.6581455 0.6111111
      vertex 0.4273996 -0.6396488 0.6388889
    endloop
  endfacet
  facet normal 0.4122672 -0.6629796 0.624895
    outer loop
      vertex 0.3957724 -0.6854979 0.6111111
      vertex 0.4273996 -0.6396488 0.6388889
      vertex 0.3846495 -0.6662325 0.6388889
    endloop
  endfacet
  facet normal 0.4547455 -0.6345966 0.624895
    outer loop
      vertex 0.4397587 -0.6581455 0.6111111
      vertex 0.481862 -0.6279747 0.6111111
      vertex 0.4683196 -0.610326 0.6388889
    endloop
  endfacet
  facet normal 0.4547455 -0.6345966 0.624895
    outer loop
      vertex 0.4397587 -0.6581455 0.6111111
      vertex 0.4683196 -0.610326 0.6388889
      vertex 0.4273996 -0.6396488 0.6388889
    endloop
  endfacet
  facet normal 0.4952764 -0.6034961 0.624895
    outer loop
      vertex 0.481862 -0.6279747 0.6111111
      vertex 0.5219018 -0.5951149 0.6111111
      vertex 0.5072341 -0.5783896 0.6388889
    endloop
  endfacet
  facet normal 0.4952764 -0.6034961 0.624895
    outer loop
      vertex 0.481862 -0.6279747 0.6111111
      vertex 0.5072341 -0.5783896 0.6388889
      vertex 0.4683196 -0.610326 0.6388889
    endloop
  endfacet
  facet normal 0.5336865 -0.5698113 0.624895
    outer loop
      vertex 0.5219018 -0.5951149 0.6111111
      vertex 0.5597067 -0.5597067 0.6111111
      vertex 0.5439766 -0.5439766 0.6388889
    endloop
  endfacet
  facet normal 0.5336865 -0.5698113 0.624895
    outer loop
      vertex 0.5219018 -0.5951149 0.6111111
      vertex 0.5439766 -0.5439766 0.6388889
      vertex 0.5072341 -0.5783896 0.6388889
    endloop
  endfacet
  facet normal 0.5698113 -0.5336865 0.624895
    outer loop
      vertex 0.5597067 -0.5597067 0.6111111
      vertex 0.5951149 -0.5219018 0.6111111
      vertex 0.5783896 -0.5072341 0.6388889
    endloop
  endfacet
  facet normal 0.5698113 -0.5336865 0.624895
    outer loop
      vertex 0.5597067 -0.5597067 0.6111111
      vertex 0.5783896 -0.5072341 0.6388889
      vertex 0.5439766 -0.5439766 0.6388889
    endloop
  endfacet
  facet normal 0.6034961 -0.4952764 0.624895
    outer loop
      vertex 0.5951149 -0.5219018 0.6111111
      vertex 0.6279747 -0.481862 0.6111111
      vertex 0.610326 -0.4683196 0.6388889
    endloop
  endfacet
  facet normal 0.6034961 -0.4952764 0.624895
    outer loop
      vertex 0.5951149 -0.5219018 0.6111111
      vertex 0.610326 -0.4683196 0.6388889
      vertex 0.5783896 -0.5072341 0.6388889
    endloop
  endfacet
  facet normal 0.6345966 -0.4547455 0.624895
    outer loop
      vertex 0.6279747 -0.481862 0.6111111
      vertex 0.6581455 -0.4397587 0.6111111
      vertex 0.6396488 -0.4273996 0.6388889
    endloop
  endfacet
  facet normal 0.6345966 -0.4547455 0.624895
    outer loop
      vertex 0.6279747 -0.481862 0.6111111
      vertex 0.6396488 -0.4273996 0.6388889
      vertex 0.610326 -0.4683196 0.6388889
    endloop
  endfacet
  facet normal 0.6629796 -0.4122672 0.624895
    outer loop
      vertex 0.6581455 -0.4397587 0.6111111
      vertex 0.6854979 -0.3957724 0.6111111
      vertex 0.6662325 -0.3846495 0.6388889
    endloop
  endfacet
  facet normal 0.6629796 -0.4122672 0.624895
    outer loop
      vertex 0.6581455 -0.4397587 0.6111111
      vertex 0.6662325 -0.3846495 0.6388889
      vertex 0.6396488 -0.4273996 0.6388889
    endloop
  endfacet
  facet normal 0.6885237 -0.3680236 0.624895
    outer loop
      vertex 0.6854979 -0.3957724 0.6111111
      vertex 0.709915 -0.3500913 0.6111111
      vertex 0.6899633 -0.3402523 0.6388889
    endloop
  endfacet
  facet normal 0.6885237 -0.3680236 0.624895
    outer loop
      vertex 0.6854979 -0.3957724 0.6111111
      vertex 0.6899633 -0.3402523 0.6388889
      vertex 0.6662325 -0.3846495 0.6388889
    endloop
  endfacet
  facet normal 0.7111194 -0.322204 0.624895
    outer loop
      vertex 0.709915 -0.3500913 0.6111111
      vertex 0.7312921 -0.3029111 0.6111111
      vertex 0.7107396 -0.294398 0.6388889
    endloop
  endfacet
  facet normal 0.7111194 -0.322204 0.624895
    outer loop
      vertex 0.709915 -0.3500913 0.6111111
      vertex 0.7107396 -0.294398 0.6388889
      vertex 0.6899633 -0.3402523 0.6388889
    endloop
  endfacet
  facet normal 0.73067 -0.2750047 0.624895
    outer loop
      vertex 0.7312921 -0.3029111 0.6111111
      vertex 0.7495376 -0.2544337 0.6111111
      vertex 0.7284724 -0.2472831 0.6388889
    endloop
  endfacet
  facet normal 0.73067 -0.2750047 0.624895
    outer loop
      vertex 0.7312921 -0.3029111 0.6111111
      vertex 0.7284724 -0.2472831 0.6388889
      vertex 0.7107396 -0.294398 0.6388889
    endloop
  endfacet
  facet normal 0.7470917 -0.2266278 0.624895
    outer loop
      vertex 0.7495376 -0.2544337 0.6111111
      vertex 0.7645736 -0.2048669 0.6111111
      vertex 0.7430858 -0.1991092 0.6388889
    endloop
  endfacet
  facet normal 0.7470917 -0.2266278 0.624895
    outer loop
      vertex 0.7495376 -0.2544337 0.6111111
      vertex 0.7430858 -0.1991092 0.6388889
      vertex 0.7284724 -0.2472831 0.6388889
    endloop
  endfacet
  facet normal 0.7603143 -0.1772804 0.624895
    outer loop
      vertex 0.7645736 -0.2048669 0.6111111
      vertex 0.7763355 -0.1544227 0.6111111
      vertex 0.7545172 -0.1500828 0.6388889
    endloop
  endfacet
  facet normal 0.7603143 -0.1772804 0.624895
    outer loop
      vertex 0.7645736 -0.2048669 0.6111111
      vertex 0.7545172 -0.1500828 0.6388889
      vertex 0.7430858 -0.1991092 0.6388889
    endloop
  endfacet
  facet normal 0.7702811 -0.1271739 0.624895
    outer loop
      vertex 0.7763355 -0.1544227 0.6111111
      vertex 0.784773 -0.1033173 0.6111111
      vertex 0.7627176 -0.1004137 0.6388889
    endloop
  endfacet
  facet normal 0.7702811 -0.1271739 0.624895
    outer loop
      vertex 0.7763355 -0.1544227 0.6111111
      vertex 0.7627176 -0.1004137 0.6388889
      vertex 0.7545172 -0.1500828 0.6388889
    endloop
  endfacet
  facet normal 0.7769495 -0.07652284 0.624895
    outer loop
      vertex 0.784773 -0.1033173 0.6111111
      vertex 0.7898501 -0.05176951 0.6111111
      vertex 0.7676519 -0.05031456 0.6388889
    endloop
  endfacet
  facet normal 0.7769495 -0.07652284 0.624895
    outer loop
      vertex 0.784773 -0.1033173 0.6111111
      vertex 0.7676519 -0.05031456 0.6388889
      vertex 0.7627176 -0.1004137 0.6388889
    endloop
  endfacet
  facet normal 0.7802908 -0.02554408 0.624895
    outer loop
      vertex 0.7898501 -0.05176951 0.6111111
      vertex 0.7915448 0 0.6111111
      vertex 0.769299 0 0.6388889
    endloop
  endfacet
  facet normal 0.7802908 -0.02554408 0.624895
    outer loop
      vertex 0.7898501 -0.05176951 0.6111111
      vertex 0.769299 0 0.6388889
      vertex 0.7676519 -0.05031456 0.6388889
    endloop
  endfacet
  facet normal 0.7572221 0.02478888 0.6526869
    outer loop
      vertex 0.769299 0 0.6388889
      vertex 0.7676519 0.05031456 0.6388889
      vertex 0.7437601 0.04874861 0.6666667
    endloop
  endfacet
  facet normal 0.7572221 0.02478888 0.6526869
    outer loop
      vertex 0.769299 0 0.6388889
      vertex 0.7437601 0.04874861 0.6666667
      vertex 0.745356 0 0.6666667
    endloop
  endfacet
  facet normal 0.7539796 0.0742605 0.6526869
    outer loop
      vertex 0.7676519 0.05031456 0.6388889
      vertex 0.7627176 0.1004137 0.6388889
      vertex 0.7389794 0.09728848 0.6666667
    endloop
  endfacet
  facet normal 0.7539796 0.0742605 0.6526869
    outer loop
      vertex 0.7676519 0.05031456 0.6388889
      vertex 0.7389794 0.09728848 0.6666667
      vertex 0.7437601 0.04874861 0.6666667
    endloop
  endfacet
  facet normal 0.7475084 0.1234141 0.6526869
    outer loop
      vertex 0.7627176 0.1004137 0.6388889
      vertex 0.7545172 0.1500828 0.6388889
      vertex 0.7310342 0.1454117 0.6666667
    endloop
  endfacet
  facet normal 0.7475084 0.1234141 0.6526869
    outer loop
      vertex 0.7627176 0.1004137 0.6388889
      vertex 0.7310342 0.1454117 0.6666667
      vertex 0.7389794 0.09728848 0.6666667
    endloop
  endfacet
  facet normal 0.7378362 0.1720393 0.6526869
    outer loop
      vertex 0.7545172 0.1500828 0.6388889
      vertex 0.7430858 0.1991092 0.6388889
      vertex 0.7199586 0.1929123 0.6666667
    endloop
  endfacet
  facet normal 0.7378362 0.1720393 0.6526869
    outer loop
      vertex 0.7545172 0.1500828 0.6388889
      vertex 0.7199586 0.1929123 0.6666667
      vertex 0.7310342 0.1454117 0.6666667
    endloop
  endfacet
  facet normal 0.7250045 0.2199277 0.6526869
    outer loop
      vertex 0.7430858 0.1991092 0.6388889
      vertex 0.7284724 0.2472831 0.6388889
      vertex 0.7058 0.2395868 0.6666667
    endloop
  endfacet
  facet normal 0.7250045 0.2199277 0.6526869
    outer loop
      vertex 0.7430858 0.1991092 0.6388889
      vertex 0.7058 0.2395868 0.6666667
      vertex 0.7199586 0.1929123 0.6666667
    endloop
  endfacet
  facet normal 0.7090683 0.2668744 0.6526869
    outer loop
      vertex 0.7284724 0.2472831 0.6388889
      vertex 0.7107396 0.294398 0.6388889
      vertex 0.6886191 0.2852354 0.6666667
    endloop
  endfacet
  facet normal 0.7090683 0.2668744 0.6526869
    outer loop
      vertex 0.7284724 0.2472831 0.6388889
      vertex 0.6886191 0.2852354 0.6666667
      vertex 0.7058 0.2395868 0.6666667
    endloop
  endfacet
  facet normal 0.6900957 0.3126783 0.6526869
    outer loop
      vertex 0.7107396 0.294398 0.6388889
      vertex 0.6899633 0.3402523 0.6388889
      vertex 0.6684895 0.3296625 0.6666667
    endloop
  endfacet
  facet normal 0.6900957 0.3126783 0.6526869
    outer loop
      vertex 0.7107396 0.294398 0.6388889
      vertex 0.6684895 0.3296625 0.6666667
      vertex 0.6886191 0.2852354 0.6666667
    endloop
  endfacet
  facet normal 0.668168 0.3571432 0.6526869
    outer loop
      vertex 0.6899633 0.3402523 0.6388889
      vertex 0.6662325 0.3846495 0.6388889
      vertex 0.6454972 0.372678 0.6666667
    endloop
  endfacet
  facet normal 0.668168 0.3571432 0.6526869
    outer loop
      vertex 0.6899633 0.3402523 0.6388889
      vertex 0.6454972 0.372678 0.6666667
      vertex 0.6684895 0.3296625 0.6666667
    endloop
  endfacet
  facet normal 0.6433791 0.4000789 0.6526869
    outer loop
      vertex 0.6662325 0.3846495 0.6388889
      vertex 0.6396488 0.4273996 0.6388889
      vertex 0.6197409 0.4140976 0.6666667
    endloop
  endfacet
  facet normal 0.6433791 0.4000789 0.6526869
    outer loop
      vertex 0.6662325 0.3846495 0.6388889
      vertex 0.6197409 0.4140976 0.6666667
      vertex 0.6454972 0.372678 0.6666667
    endloop
  endfacet
  facet normal 0.6158352 0.4413013 0.6526869
    outer loop
      vertex 0.6396488 0.4273996 0.6388889
      vertex 0.610326 0.4683196 0.6388889
      vertex 0.5913307 0.453744 0.6666667
    endloop
  endfacet
  facet normal 0.6158352 0.4413013 0.6526869
    outer loop
      vertex 0.6396488 0.4273996 0.6388889
      vertex 0.5913307 0.453744 0.6666667
      vertex 0.6197409 0.4140976 0.6666667
    endloop
  endfacet
  facet normal 0.5856542 0.4806339 0.6526869
    outer loop
      vertex 0.610326 0.4683196 0.6388889
      vertex 0.5783896 0.5072341 0.6388889
      vertex 0.5603883 0.4914474 0.6666667
    endloop
  endfacet
  facet normal 0.5856542 0.4806339 0.6526869
    outer loop
      vertex 0.610326 0.4683196 0.6388889
      vertex 0.5603883 0.4914474 0.6666667
      vertex 0.5913307 0.453744 0.6666667
    endloop
  endfacet
  facet normal 0.5529653 0.5179085 0.6526869
    outer loop
      vertex 0.5783896 0.5072341 0.6388889
      vertex 0.5439766 0.5439766 0.6388889
      vertex 0.5270463 0.5270463 0.6666667
    endloop
  endfacet
  facet normal 0.5529653 0.5179085 0.6526869
    outer loop
      vertex 0.5783896 0.5072341 0.6388889
      vertex 0.5270463 0.5270463 0.6666667
      vertex 0.5603883 0.4914474 0.6666667
    endloop
  endfacet
  facet normal 0.5179085 0.5529653 0.6526869
    outer loop
      vertex 0.5439766 0.5439766 0.6388889
      vertex 0.5072341 0.5783896 0.6388889
      vertex 0.4914474 0.5603883 0.6666667
    endloop
  endfacet
  facet normal 0.5179085 0.5529653 0.6526869
    outer loop
      vertex 0.5439766 0.5439766 0.6388889
      vertex 0.4914474 0.5603883 0.6666667
      vertex 0.5270463 0.5270463 0.6666667
    endloop
  endfacet
  facet normal 0.4806339 0.5856542 0.6526869
    outer loop
      vertex 0.5072341 0.5783896 0.6388889
      vertex 0.4683196 0.610326 0.6388889
      vertex 0.453744 0.5913307 0.6666667
    endloop
  endfacet
  facet normal 0.4806339 0.5856542 0.6526869
    outer loop
      vertex 0.5072341 0.5783896 0.6388889
      vertex 0.453744 0.5913307 0.6666667
      vertex 0.4914474 0.5603883 0.6666667
    endloop
  endfacet
  facet normal 0.4413013 0.6158352 0.6526869
    outer loop
      vertex 0.4683196 0.610326 0.6388889
      vertex 0.4273996 0.6396488 0.6388889
      vertex 0.4140976 0.6197409 0.6666667
    endloop
  endfacet
  facet normal 0.4413013 0.6158352 0.6526869
    outer loop
      vertex 0.4683196 0.610326 0.6388889
      vertex 0.4140976 0.6197409 0.6666667
      vertex 0.453744 0.5913307 0.6666667
    endloop
  endfacet
  facet normal 0.4000789 0.6433791 0.6526869
    outer loop
      vertex 0.4273996 0.6396488 0.6388889
      vertex 0.3846495 0.6662325 0.6388889
      vertex 0.372678 0.6454972 0.6666667
    endloop
  endfacet
  facet normal 0.4000789 0.6433791 0.6526869
    outer loop
      vertex 0.4273996 0.6396488 0.6388889
      vertex 0.372678 0.6454972 0.6666667
      vertex 0.4140976 0.6197409 0.6666667
    endloop
  endfacet
  facet normal 0.3571432 0.668168 0.6526869
    outer loop
      vertex 0.3846495 0.6662325 0.6388889
      vertex 0.3402523 0.6899633 0.6388889
      vertex 0.3296625 0.6684895 0.6666667
    endloop
  endfacet
  facet normal 0.3571432 0.668168 0.6526869
    outer loop
      vertex 0.3846495 0.6662325 0.6388889
      vertex 0.3296625 0.6684895 0.6666667
      vertex 0.372678 0.6454972 0.6666667
    endloop
  endfacet
  facet normal 0.3126783 0.6900957 0.6526869
    outer loop
      vertex 0.3402523 0.6899633 0.6388889
      vertex 0.294398 0.7107396 0.6388889
      vertex 0.2852354 0.6886191 0.6666667
    endloop
  endfacet
  facet normal 0.3126783 0.6900957 0.6526869
    outer loop
      vertex 0.3402523 0.6899633 0.6388889
      vertex 0.2852354 0.6886191 0.6666667
      vertex 0.3296625 0.6684895 0.6666667
    endloop
  endfacet
  facet normal 0.2668744 0.7090683 0.6526869
    outer loop
      vertex 0.294398 0.7107396 0.6388889
      vertex 0.2472831 0.7284724 0.6388889
      vertex 0.2395868 0.7058 0.6666667
    endloop
  endfacet
  facet normal 0.2668744 0.7090683 0.6526869
    outer loop
      vertex 0.294398 0.7107396 0.6388889
      vertex 0.2395868 0.7058 0.6666667
      vertex 0.2852354 0.6886191 0.6666667
    endloop
  endfacet
  facet normal 0.2199277 0.7250045 0.6526869
    outer loop
      vertex 0.2472831 0.7284724 0.6388889
      vertex 0.1991092 0.7430858 0.6388889
      vertex 0.1929123 0.7199586 0.6666667
    endloop
  endfacet
  facet normal 0.2199277 0.7250045 0.6526869
    outer loop
      vertex 0.2472831 0.7284724 0.6388889
      vertex 0.1929123 0.7199586 0.6666667
      vertex 0.2395868 0.7058 0.6666667
    endloop
  endfacet
  facet normal 0.1720393 0.7378362 0.6526869
    outer loop
      vertex 0.1991092 0.7430858 0.6388889
      vertex 0.1500828 0.7545172 0.6388889
      vertex 0.1454117 0.7310342 0.6666667
    endloop
  endfacet
  facet normal 0.1720393 0.7378362 0.6526869
    outer loop
      vertex 0.1991092 0.7430858 0.6388889
      vertex 0.1454117 0.7310342 0.6666667
      vertex 0.1929123 0.7199586 0.6666667
    endloop
  endfacet
  facet normal 0.1234141 0.7475084 0.6526869
    outer loop
      vertex 0.1500828 0.7545172 0.6388889
      vertex 0.1004137 0.7627176 0.6388889
      vertex 0.09728848 0.7389794 0.6666667
    endloop
  endfacet
  facet normal 0.1234141 0.7475084 0.6526869
    outer loop
      vertex 0.1500828 0.7545172 0.6388889
      vertex 0.09728848 0.7389794 0.6666667
      vertex 0.1454117 0.7310342 0.6666667
    endloop
  endfacet
  facet normal 0.0742605 0.7539796 0.6526869
    outer loop
      vertex 0.1004137 0.7627176 0.6388889
      vertex 0.05031456 0.7676519 0.6388889
      vertex 0.04874861 0.7437601 0.6666667
    endloop
  endfacet
  facet normal 0.0742605 0.7539796 0.6526869
    outer loop
      vertex 0.1004137 0.7627176 0.6388889
      vertex 0.04874861 0.7437601 0.6666667
      vertex 0.09728848 0.7389794 0.6666667
    endloop
  endfacet
  facet normal 0.02478888 0.7572221 0.6526869
    outer loop
      vertex 0.05031456 0.7676519 0.6388889
      vertex 4.710598e-17 0.769299 0.6388889
      vertex 4.563989e-17 0.745356 0.6666667
    endloop
  endfacet
  facet normal 0.02478888 0.7572221 0.6526869
    outer loop
      vertex 0.05031456 0.7676519 0.6388889
      vertex 4.563989e-17 0.745356 0.6666667
      vertex 0.04874861 0.7437601 0.6666667
    endloop
  endfacet
  facet normal -0.02478888 0.7572221 0.6526869
    outer loop
      vertex 4.710598e-17 0.769299 0.6388889
      vertex -0.05031456 0.7676519 0.6388889
      vertex -0.04874861 0.7437601 0.6666667
    endloop
  endfacet
  facet normal -0.02478888 0.7572221 0.6526869
    outer loop
      vertex 4.710598e-17 0.769299 0.6388889
      vertex -0.04874861 0.7437601 0.6666667
      vertex 4.563989e-17 0.745356 0.6666667
    endloop
  endfacet
  facet normal -0.0742605 0.7539796 0.6526869
    outer loop
      vertex -0.05031456 0.7676519 0.6388889
      vertex -0.1004137 0.7627176 0.6388889
      vertex -0.09728848 0.7389794 0.6666667
    endloop
  endfacet
  facet normal -0.0742605 0.7539796 0.6526869
    outer loop
      vertex -0.05031456 0.7676519 0.6388889
      vertex -0.09728848 0.7389794 0.6666667
      vertex -0.04874861 0.7437601 0.6666667
    endloop
  endfacet
  facet normal -0.1234141 0.7475084 0.6526869
    outer loop
      vertex -0.1004137 0.7627176 0.6388889
      vertex -0.1500828 0.7545172 0.6388889
      vertex -0.1454117 0.7310342 0.6666667
    endloop
  endfacet
  facet normal -0.1234141 0.7475084 0.6526869
    outer loop
      vertex -0.1004137 0.7627176 0.6388889
      vertex -0.1454117 0.7310342 0.6666667
      vertex -0.09728848 0.7389794 0.6666667
    endloop
  endfacet
  facet normal -0.1720393 0.7378362 0.6526869
    outer loop
      vertex -0.1500828 0.7545172 0.6388889
      vertex -0.1991092 0.7430858 0.6388889
      vertex -0.1929123 0.7199586 0.6666667
    endloop
  endfacet
  facet normal -0.1720393 0.7378362 0.6526869
    outer loop
      vertex -0.1500828 0.7545172 0.6388889
      vertex -0.1929123 0.7199586 0.6666667
      vertex -0.1454117 0.7310342 0.6666667
    endloop
  endfacet
  facet normal -0.2199277 0.7250045 0.6526869
    outer loop
      vertex -0.1991092 0.7430858 0.6388889
      vertex -0.2472831 0.7284724 0.6388889
      vertex -0.2395868 0.7058 0.6666667
    endloop
  endfacet
  facet normal -0.2199277 0.7250045 0.6526869
    outer loop
      vertex -0.1991092 0.7430858 0.6388889
      vertex -0.2395868 0.7058 0.6666667
      vertex -0.1929123 0.7199586 0.6666667
    endloop
  endfacet
  facet normal -0.2668744 0.7090683 0.6526869
    outer loop
      vertex -0.2472831 0.7284724 0.6388889
      vertex -0.294398 0.7107396 0.6388889
      vertex -0.2852354 0.6886191 0.6666667
    endloop
  endfacet
  facet normal -0.2668744 0.7090683 0.6526869
    outer loop
      vertex -0.2472831 0.7284724 0.6388889
      vertex -0.2852354 0.6886191 0.6666667
      vertex -0.2395868 0.7058 0.6666667
    endloop
  endfacet
  facet normal -0.3126783 0.6900957 0.6526869
    outer loop
      vertex -0.294398 0.7107396 0.6388889
      vertex -0.3402523 0.6899633 0.6388889
      vertex -0.3296625 0.6684895 0.6666667
    endloop
  endfacet
  facet normal -0.3126783 0.6900957 0.6526869
    outer loop
      vertex -0.294398 0.7107396 0.6388889
      vertex -0.3296625 0.6684895 0.6666667
      vertex -0.2852354 0.6886191 0.6666667
    endloop
  endfacet
  facet normal -0.3571432 0.668168 0.6526869
    outer loop
      vertex -0.3402523 0.6899633 0.6388889
      vertex -0.3846495 0.6662325 0.6388889
      vertex -0.372678 0.6454972 0.6666667
    endloop
  endfacet
  facet normal -0.3571432 0.668168 0.6526869
    outer loop
      vertex -0.3402523 0.6899633 0.6388889
      vertex -0.372678 0.6454972 0.6666667
      vertex -0.3296625 0.6684895 0.6666667
    endloop
  endfacet
  facet normal -0.4000789 0.6433791 0.6526869
    outer loop
      vertex -0.3846495 0.6662325 0.6388889
      vertex -0.4273996 0.6396488 0.6388889
      vertex -0.4140976 0.6197409 0.6666667
    endloop
  endfacet
  facet normal -0.4000789 0.6433791 0.6526869
    outer loop
      vertex -0.3846495 0.6662325 0.6388889
      vertex -0.4140976 0.6197409 0.6666667
      vertex -0.372678 0.6454972 0.6666667
    endloop
  endfacet
  facet normal -0.4413013 0.6158352 0.6526869
    outer loop
      vertex -0.4273996 0.6396488 0.6388889
      vertex -0.4683196 0.610326 0.6388889
      vertex -0.453744 0.5913307 0.6666667
    endloop
  endfacet
  facet normal -0.4413013 0.6158352 0.6526869
    outer loop
      vertex -0.4273996 0.6396488 0.6388889
      vertex -0.453744 0.5913307 0.6666667
      vertex -0.4140976 0.6197409 0.6666667
    endloop
  endfacet
  facet normal -0.4806339 0.5856542 0.6526869
    outer loop
      vertex -0.4683196 0.610326 0.6388889
      vertex -0.5072341 0.5783896 0.6388889
      vertex -0.4914474 0.5603883 0.6666667
    endloop
  endfacet
  facet normal -0.4806339 0.5856542 0.6526869
    outer loop
      vertex -0.4683196 0.610326 0.6388889
      vertex -0.4914474 0.5603883 0.6666667
      vertex -0.453744 0.5913307 0.6666667
    endloop
  endfacet
  facet normal -0.5179085 0.5529653 0.6526869
    outer loop
      vertex -0.5072341 0.5783896 0.6388889
      vertex -0.5439766 0.5439766 0.6388889
      vertex -0.5270463 0.5270463 0.6666667
    endloop
  endfacet
  facet normal -0.5179085 0.5529653 0.6526869
    outer loop
      vertex -0.5072341 0.5783896 0.6388889
      vertex -0.5270463 0.5270463 0.6666667
      vertex -0.4914474 0.5603883 0.6666667
    endloop
  endfacet
  facet normal -0.5529653 0.5179085 0.6526869
    outer loop
      vertex -0.5439766 0.5439766 0.6388889
      vertex -0.5783896 0.5072341 0.6388889
      vertex -0.5603883 0.4914474 0.6666667
    endloop
  endfacet
  facet normal -0.5529653 0.5179085 0.6526869
    outer loop
      vertex -0.5439766 0.5439766 0.6388889
      vertex -0.5603883 0.4914474 0.6666667
      vertex -0.5270463 0.5270463 0.6666667
    endloop
  endfacet
  facet normal -0.5856542 0.4806339 0.6526869
    outer loop
      vertex -0.5783896 0.5072341 0.6388889
      vertex -0.610326 0.4683196 0.6388889
      vertex -0.5913307 0.453744 0.6666667
    endloop
  endfacet
  facet normal -0.5856542 0.4806339 0.6526869
    outer loop
      vertex -0.5783896 0.5072341 0.6388889
      vertex -0.5913307 0.453744 0.6666667
      vertex -0.5603883 0.4914474 0.6666667
    endloop
  endfacet
  facet normal -0.6158352 0.4413013 0.6526869
    outer loop
      vertex -0.610326 0.4683196 0.6388889
      vertex -0.6396488 0.4273996 0.6388889
      vertex -0.6197409 0.4140976 0.6666667
    endloop
  endfacet
  facet normal -0.6158352 0.4413013 0.6526869
    outer loop
      vertex -0.610326 0.4683196 0.6388889
      vertex -0.6197409 0.4140976 0.6666667
      vertex -0.5913307 0.453744 0.6666667
    endloop
  endfacet
  facet normal -0.6433791 0.4000789 0.6526869
    outer loop
      vertex -0.6396488 0.4273996 0.6388889
      vertex -0.6662325 0.3846495 0.6388889
      vertex -0.6454972 0.372678 0.6666667
    endloop
  endfacet
  facet normal -0.6433791 0.4000789 0.6526869
    outer loop
      vertex -0.6396488 0.4273996 0.6388889
      vertex -0.6454972 0.372678 0.6666667
      vertex -0.6197409 0.4140976 0.6666667
    endloop
  endfacet
  facet normal -0.668168 0.3571432 0.6526869
    outer loop
      vertex -0.6662325 0.3846495 0.6388889
      vertex -0.6899633 0.3402523 0.6388889
      vertex -0.6684895 0.3296625 0.6666667
    endloop
  endfacet
  facet normal -0.668168 0.3571432 0.6526869
    outer loop
      vertex -0.6662325 0.3846495 0.6388889
      vertex -0.6684895 0.3296625 0.6666667
      vertex -0.6454972 0.372678 0.6666667
    endloop
  endfacet
  facet normal -0.6900957 0.3126783 0.6526869
    outer loop
      vertex -0.6899633 0.3402523 0.6388889
      vertex -0.7107396 0.294398 0.6388889
      vertex -0.6886191 0.2852354 0.6666667
    endloop
  endfacet
  facet normal -0.6900957 0.3126783 0.6526869
    outer loop
      vertex -0.6899633 0.3402523 0.6388889
      vertex -0.6886191 0.2852354 0.6666667
      vertex -0.6684895 0.3296625 0.6666667
    endloop
  endfacet
  facet normal -0.7090683 0.2668744 0.6526869
    outer loop
      vertex -0.7107396 0.294398 0.6388889
      vertex -0.7284724 0.2472831 0.6388889
      vertex -0.7058 0.2395868 0.6666667
    endloop
  endfacet
  facet normal -0.7090683 0.2668744 0.6526869
    outer loop
      vertex -0.7107396 0.294398 0.6388889
      vertex -0.7058 0.2395868 0.6666667
      vertex -0.6886191 0.2852354 0.6666667
    endloop
  endfacet
  facet normal -0.7250045 0.2199277 0.6526869
    outer loop
      vertex -0.7284724 0.2472831 0.6388889
      vertex -0.7430858 0.1991092 0.6388889
      vertex -0.7199586 0.1929123 0.6666667
    endloop
  endfacet
  facet normal -0.7250045 0.2199277 0.6526869
    outer loop
      vertex -0.7284724 0.2472831 0.6388889
      vertex -0.7199586 0.1929123 0.6666667
      vertex -0.7058 0.2395868 0.6666667
    endloop
  endfacet
  facet normal -0.7378362 0.1720393 0.6526869
    outer loop
      vertex -0.7430858 0.1991092 0.6388889
      vertex -0.7545172 0.1500828 0.6388889
      vertex -0.7310342 0.1454117 0.6666667
    endloop
  endfacet
  facet normal -0.7378362 0.1720393 0.6526869
    outer loop
      vertex -0.7430858 0.1991092 0.6388889
      vertex -0.7310342 0.1454117 0.6666667
      vertex -0.7199586 0.1929123 0.6666667
    endloop
  endfacet
  facet normal -0.7475084 0.1234141 0.6526869
    outer loop
      vertex -0.7545172 0.1500828 0.6388889
      vertex -0.7627176 0.1004137 0.6388889
      vertex -0.7389794 0.09728848 0.6666667
    endloop
  endfacet
  facet normal -0.7475084 0.1234141 0.6526869
    outer loop
      vertex -0.7545172 0.1500828 0.6388889
      vertex -0.7389794 0.09728848 0.6666667
      vertex -0.7310342 0.1454117 0.6666667
    endloop
  endfacet
  facet normal -0.7539796 0.0742605 0.6526869
    outer loop
      vertex -0.7627176 0.1004137 0.6388889
      vertex -0.7676519 0.05031456 0.6388889
      vertex -0.7437601 0.04874861 0.6666667
    endloop
  endfacet
  facet normal -0.7539796 0.0742605 0.6526869
    outer loop
      vertex -0.7627176 0.1004137 0.6388889
      vertex -0.7437601 0.04874861 0.6666667
      vertex -0.7389794 0.09728848 0.6666667
    endloop
  endfacet
  facet normal -0.7572221 0.02478888 0.6526869
    outer loop
      vertex -0.7676519 0.05031456 0.6388889
      vertex -0.769299 9.421196e-17 0.6388889
      vertex -0.745356 9.127978e-17 0.6666667
    endloop
  endfacet
  facet normal -0.7572221 0.02478888 0.6526869
    outer loop
      vertex -0.7676519 0.05031456 0.6388889
      vertex -0.745356 9.127978e-17 0.6666667
      vertex -0.7437601 0.04874861 0.6666667
    endloop
  endfacet
  facet normal -0.7572221 -0.02478888 0.6526869
    outer loop
      vertex -0.769299 9.421196e-17 0.6388889
      vertex -0.7676519 -0.05031456 0.6388889
      vertex -0.7437601 -0.04874861 0.6666667
    endloop
  endfacet
  facet normal -0.7572221 -0.02478888 0.6526869
    outer loop
      vertex -0.769299 9.421196e-17 0.6388889
      vertex -0.7437601 -0.04874861 0.6666667
      vertex -0.745356 9.127978e-17 0.6666667
    endloop
  endfacet
  facet normal -0.7539796 -0.0742605 0.6526869
    outer loop
      vertex -0.7676519 -0.05031456 0.6388889
      vertex -0.7627176 -0.1004137 0.6388889
      vertex -0.7389794 -0.09728848 0.6666667
    endloop
  endfacet
  facet normal -0.7539796 -0.0742605 0.6526869
    outer loop
      vertex -0.7676519 -0.05031456 0.6388889
      vertex -0.7389794 -0.09728848 0.6666667
      vertex -0.7437601 -0.04874861 0.6666667
    endloop
  endfacet
  facet normal -0.7475084 -0.1234141 0.6526869
    outer loop
      vertex -0.7627176 -0.1004137 0.6388889
      vertex -0.7545172 -0.1500828 0.6388889
      vertex -0.7310342 -0.1454117 0.6666667
    endloop
  endfacet
  facet normal -0.7475084 -0.1234141 0.6526869
    outer loop
      vertex -0.7627176 -0.1004137 0.6388889
      vertex -0.7310342 -0.1454117 0.6666667
      vertex -0.7389794 -0.09728848 0.6666667
    endloop
  endfacet
  facet normal -0.7378362 -0.1720393 0.6526869
    outer loop
      vertex -0.7545172 -0.1500828 0.6388889
      vertex -0.7430858 -0.1991092 0.6388889
      vertex -0.7199586 -0.1929123 0.6666667
    endloop
  endfacet
  facet normal -0.7378362 -0.1720393 0.6526869
    outer loop
      vertex -0.7545172 -0.1500828 0.6388889
      vertex -0.7199586 -0.1929123 0.6666667
      vertex -0.7310342 -0.1454117 0.6666667
    endloop
  endfacet
  facet normal -0.7250045 -0.2199277 0.6526869
    outer loop
      vertex -0.7430858 -0.1991092 0.6388889
      vertex -0.7284724 -0.2472831 0.6388889
      vertex -0.7058 -0.2395868 0.6666667
    endloop
  endfacet
  facet normal -0.7250045 -0.2199277 0.6526869
    outer loop
      vertex -0.7430858 -0.1991092 0.6388889
      vertex -0.7058 -0.2395868 0.6666667
      vertex -0.7199586 -0.1929123 0.6666667
    endloop
  endfacet
  facet normal -0.7090683 -0.2668744 0.6526869
    outer loop
      vertex -0.7284724 -0.2472831 0.6388889
      vertex -0.7107396 -0.294398 0.6388889
      vertex -0.6886191 -0.2852354 0.6666667
    endloop
  endfacet
  facet normal -0.7090683 -0.2668744 0.6526869
    outer loop
      vertex -0.7284724 -0.2472831 0.6388889
      vertex -0.6886191 -0.2852354 0.6666667
      vertex -0.7058 -0.2395868 0.6666667
    endloop
  endfacet
  facet normal -0.6900957 -0.3126783 0.6526869
    outer loop
      vertex -0.7107396 -0.294398 0.6388889
      vertex -0.6899633 -0.3402523 0.6388889
      vertex -0.6684895 -0.3296625 0.6666667
    endloop
  endfacet
  facet normal -0.6900957 -0.3126783 0.6526869
    outer loop
      vertex -0.7107396 -0.294398 0.6388889
      vertex -0.6684895 -0.3296625 0.6666667
      vertex -0.6886191 -0.2852354 0.6666667
    endloop
  endfacet
  facet normal -0.668168 -0.3571432 0.6526869
    outer loop
      vertex -0.6899633 -0.3402523 0.6388889
      vertex -0.6662325 -0.3846495 0.6388889
      vertex -0.6454972 -0.372678 0.6666667
    endloop
  endfacet
  facet normal -0.668168 -0.3571432 0.6526869
    outer loop
      vertex -0.6899633 -0.3402523 0.6388889
      vertex -0.6454972 -0.372678 0.6666667
      vertex -0.6684895 -0.3296625 0.6666667
    endloop
  endfacet
  facet normal -0.6433791 -0.4000789 0.6526869
    outer loop
      vertex -0.6662325 -0.3846495 0.6388889
      vertex -0.6396488 -0.4273996 0.6388889
      vertex -0.6197409 -0.4140976 0.6666667
    endloop
  endfacet
  facet normal -0.6433791 -0.4000789 0.6526869
    outer loop
      vertex -0.6662325 -0.3846495 0.6388889
      vertex -0.6197409 -0.4140976 0.6666667
      vertex -0.6454972 -0.372678 0.6666667
    endloop
  endfacet
  facet normal -0.6158352 -0.4413013 0.6526869
    outer loop
      vertex -0.6396488 -0.4273996 0.6388889
      vertex -0.610326 -0.4683196 0.6388889
      vertex -0.5913307 -0.453744 0.6666667
    endloop
  endfacet
  facet normal -0.6158352 -0.4413013 0.6526869
    outer loop
      vertex -0.6396488 -0.4273996 0.6388889
      vertex -0.5913307 -0.453744 0.6666667
      vertex -0.6197409 -0.4140976 0.6666667
    endloop
  endfacet
  facet normal -0.5856542 -0.4806339 0.6526869
    outer loop
      vertex -0.610326 -0.4683196 0.6388889
      vertex -0.5783896 -0.5072341 0.6388889
      vertex -0.5603883 -0.4914474 0.6666667
    endloop
  endfacet
  facet normal -0.5856542 -0.4806339 0.6526869
    outer loop
      vertex -0.610326 -0.4683196 0.6388889
      vertex -0.5603883 -0.4914474 0.6666667
      vertex -0.5913307 -0.453744 0.6666667
    endloop
  endfacet
  facet normal -0.5529653 -0.5179085 0.6526869
    outer loop
      vertex -0.5783896 -0.5072341 0.6388889
      vertex -0.5439766 -0.5439766 0.6388889
      vertex -0.5270463 -0.5270463 0.6666667
    endloop
  endfacet
  facet normal -0.5529653 -0.5179085 0.6526869
    outer loop
      vertex -0.5783896 -0.5072341 0.6388889
      vertex -0.5270463 -0.5270463 0.6666667
      vertex -0.5603883 -0.4914474 0.6666667
    endloop
  endfacet
  facet normal -0.5179085 -0.5529653 0.6526869
    outer loop
      vertex -0.5439766 -0.5439766 0.6388889
      vertex -0.5072341 -0.5783896 0.6388889
      vertex -0.4914474 -0.5603883 0.6666667
    endloop
  endfacet
  facet normal -0.5179085 -0.5529653 0.6526869
    outer loop
      vertex -0.5439766 -0.5439766 0.6388889
      vertex -0.4914474 -0.5603883 0.6666667
      vertex -0.5270463 -0.5270463 0.6666667
    endloop
  endfacet
  facet normal -0.4806339 -0.5856542 0.6526869
    outer loop
      vertex -0.5072341 -0.5783896 0.6388889
      vertex -0.4683196 -0.610326 0.6388889
      vertex -0.453744 -0.5913307 0.6666667
    endloop
  endfacet
  facet normal -0.4806339 -0.5856542 0.6526869
    outer loop
      vertex -0.5072341 -0.5783896 0.6388889
      vertex -0.453744 -0.5913307 0.6666667
      vertex -0.4914474 -0.5603883 0.6666667
    endloop
  endfacet
  facet normal -0.4413013 -0.6158352 0.6526869
    outer loop
      vertex -0.4683196 -0.610326 0.6388889
      vertex -0.4273996 -0.6396488 0.6388889
      vertex -0.4140976 -0.6197409 0.6666667
    endloop
  endfacet
  facet normal -0.4413013 -0.6158352 0.6526869
    outer loop
      vertex -0.4683196 -0.610326 0.6388889
      vertex -0.4140976 -0.6197409 0.6666667
      vertex -0.453744 -0.5913307 0.6666667
    endloop
  endfacet
  facet normal -0.4000789 -0.6433791 0.6526869
    outer loop
      vertex -0.4273996 -0.6396488 0.6388889
      vertex -0.3846495 -0.6662325 0.6388889
      vertex -0.372678 -0.6454972 0.6666667
    endloop
  endfacet
  facet normal -0.4000789 -0.6433791 0.6526869
    outer loop
      vertex -0.4273996 -0.6396488 0.6388889
      vertex -0.372678 -0.6454972 0.6666667
      vertex -0.4140976 -0.6197409 0.6666667
    endloop
  endfacet
  facet normal -0.3571432 -0.668168 0.6526869
    outer loop
      vertex -0.3846495 -0.6662325 0.6388889
      vertex -0.3402523 -0.6899633 0.6388889
      vertex -0.3296625 -0.6684895 0.6666667
    endloop
  endfacet
  facet normal -0.3571432 -0.668168 0.6526869
    outer loop
      vertex -0.3846495 -0.6662325 0.6388889
      vertex -0.3296625 -0.6684895 0.6666667
      vertex -0.372678 -0.6454972 0.6666667
    endloop
  endfacet
  facet normal -0.3126783 -0.6900957 0.6526869
    outer loop
      vertex -0.3402523 -0.6899633 0.6388889
      vertex -0.294398 -0.7107396 0.6388889
      vertex -0.2852354 -0.6886191 0.6666667
    endloop
  endfacet
  facet normal -0.3126783 -0.6900957 0.6526869
    outer loop
      vertex -0.3402523 -0.6899633 0.6388889
      vertex -0.2852354 -0.6886191 0.6666667
      vertex -0.3296625 -0.6684895 0.6666667
    endloop
  endfacet
  facet normal -0.2668744 -0.7090683 0.6526869
    outer loop
      vertex -0.294398 -0.7107396 0.6388889
      vertex -0.2472831 -0.7284724 0.6388889
      vertex -0.2395868 -0.7058 0.6666667
    endloop
  endfacet
  facet normal -0.2668744 -0.7090683 0.6526869
    outer loop
      vertex -0.294398 -0.7107396 0.6388889
      vertex -0.2395868 -0.7058 0.6666667
      vertex -0.2852354 -0.6886191 0.6666667
    endloop
  endfacet
  facet normal -0.2199277 -0.7250045 0.6526869
    outer loop
      vertex -0.2472831 -0.7284724 0.6388889
      vertex -0.1991092 -0.7430858 0.6388889
      vertex -0.1929123 -0.7199586 0.6666667
    endloop
  endfacet
  facet normal -0.2199277 -0.7250045 0.6526869
    outer loop
      vertex -0.2472831 -0.7284724 0.6388889
      vertex -0.1929123 -0.7199586 0.6666667
      vertex -0.2395868 -0.7058 0.6666667
    endloop
  endfacet
  facet normal -0.1720393 -0.7378362 0.6526869
    outer loop
      vertex -0.1991092 -0.7430858 0.6388889
      vertex -0.1500828 -0.7545172 0.6388889
      vertex -0.1454117 -0.7310342 0.6666667
    endloop
  endfacet
  facet normal -0.1720393 -0.7378362 0.6526869
    outer loop
      vertex -0.1991092 -0.7430858 0.6388889
      vertex -0.1454117 -0.7310342 0.6666667
      vertex -0.1929123 -0.7199586 0.6666667
    endloop
  endfacet
  facet normal -0.1234141 -0.7475084 0.6526869
    outer loop
      vertex -0.1500828 -0.7545172 0.6388889
      vertex -0.1004137 -0.7627176 0.6388889
      vertex -0.09728848 -0.7389794 0.6666667
    endloop
  endfacet
  facet normal -0.1234141 -0.7475084 0.6526869
    outer loop
      vertex -0.1500828 -0.7545172 0.6388889
      vertex -0.09728848 -0.7389794 0.6666667
      vertex -0.1454117 -0.7310342 0.6666667
    endloop
  endfacet
  facet normal -0.0742605 -0.7539796 0.6526869
    outer loop
      vertex -0.1004137 -0.7627176 0.6388889
      vertex -0.05031456 -0.7676519 0.6388889
      vertex -0.04874861 -0.7437601 0.6666667
    endloop
  endfacet
  facet normal -0.0742605 -0.7539796 0.6526869
    outer loop
      vertex -0.1004137 -0.7627176 0.6388889
      vertex -0.04874861 -0.7437601 0.6666667
      vertex -0.09728848 -0.7389794 0.6666667
    endloop
  endfacet
  facet normal -0.02478888 -0.7572221 0.6526869
    outer loop
      vertex -0.05031456 -0.7676519 0.6388889
      vertex -1.413179e-16 -0.769299 0.6388889
      vertex -1.369197e-16 -0.745356 0.6666667
    endloop
  endfacet
  facet normal -0.02478888 -0.7572221 0.6526869
    outer loop
      vertex -0.05031456 -0.7676519 0.6388889
      vertex -1.369197e-16 -0.745356 0.6666667
      vertex -0.04874861 -0.7437601 0.6666667
    endloop
  endfacet
  facet normal 0.02478888 -0.7572221 0.6526869
    outer loop
      vertex -1.413179e-16 -0.769299 0.6388889
      vertex 0.05031456 -0.7676519 0.6388889
      vertex 0.04874861 -0.7437601 0.6666667
    endloop
  endfacet
  facet normal 0.02478888 -0.7572221 0.6526869
    outer loop
      vertex -1.413179e-16 -0.769299 0.6388889
      vertex 0.04874861 -0.7437601 0.6666667
      vertex -1.369197e-16 -0.745356 0.6666667
    endloop
  endfacet
  facet normal 0.0742605 -0.7539796 0.6526869
    outer loop
      vertex 0.05031456 -0.7676519 0.6388889
      vertex 0.1004137 -0.7627176 0.6388889
      vertex 0.09728848 -0.7389794 0.6666667
    endloop
  endfacet
  facet normal 0.0742605 -0.7539796 0.6526869
    outer loop
      vertex 0.05031456 -0.7676519 0.6388889
      vertex 0.09728848 -0.7389794 0.6666667
      vertex 0.04874861 -0.7437601 0.6666667
    endloop
  endfacet
  facet normal 0.1234141 -0.7475084 0.6526869
    outer loop
      vertex 0.1004137 -0.7627176 0.6388889
      vertex 0.1500828 -0.7545172 0.6388889
      vertex 0.1454117 -0.7310342 0.6666667
    endloop
  endfacet
  facet normal 0.1234141 -0.7475084 0.6526869
    outer loop
      vertex 0.1004137 -0.7627176 0.6388889
      vertex 0.1454117 -0.7310342 0.6666667
      vertex 0.09728848 -0.7389794 0.6666667
    endloop
  endfacet
  facet normal 0.1720393 -0.7378362 0.6526869
    outer loop
      vertex 0.1500828 -0.7545172 0.6388889
      vertex 0.1991092 -0.7430858 0.6388889
      vertex 0.1929123 -0.7199586 0.6666667
    endloop
  endfacet
  facet normal 0.1720393 -0.7378362 0.6526869
    outer loop
      vertex 0.1500828 -0.7545172 0.6388889
      vertex 0.1929123 -0.7199586 0.6666667
      vertex 0.1454117 -0.7310342 0.6666667
    endloop
  endfacet
  facet normal 0.2199277 -0.7250045 0.6526869
    outer loop
      vertex 0.1991092 -0.7430858 0.6388889
      vertex 0.2472831 -0.7284724 0.6388889
      vertex 0.2395868 -0.7058 0.6666667
    endloop
  endfacet
  facet normal 0.2199277 -0.7250045 0.6526869
    outer loop
      vertex 0.1991092 -0.7430858 0.6388889
      vertex 0.2395868 -0.7058 0.6666667
      vertex 0.1929123 -0.7199586 0.6666667
    endloop
  endfacet
  facet normal 0.2668744 -0.7090683 0.6526869
    outer loop
      vertex 0.2472831 -0.7284724 0.6388889
      vertex 0.294398 -0.7107396 0.6388889
      vertex 0.2852354 -0.6886191 0.6666667
    endloop
  endfacet
  facet normal 0.2668744 -0.7090683 0.6526869
    outer loop
      vertex 0.2472831 -0.7284724 0.6388889
      vertex 0.2852354 -0.6886191 0.6666667
      vertex 0.2395868 -0.7058 0.6666667
    endloop
  endfacet
  facet normal 0.3126783 -0.6900957 0.6526869
    outer loop
      vertex 0.294398 -0.7107396 0.6388889
      vertex 0.3402523 -0.6899633 0.6388889
      vertex 0.3296625 -0.6684895 0.6666667
    endloop
  endfacet
  facet normal 0.3126783 -0.6900957 0.6526869
    outer loop
      vertex 0.294398 -0.7107396 0.6388889
      vertex 0.3296625 -0.6684895 0.6666667
      vertex 0.2852354 -0.6886191 0.6666667
    endloop
  endfacet
  facet normal 0.3571432 -0.668168 0.6526869
    outer loop
      vertex 0.3402523 -0.6899633 0.6388889
      vertex 0.3846495 -0.6662325 0.6388889
      vertex 0.372678 -0.6454972 0.6666667
    endloop
  endfacet
  facet normal 0.3571432 -0.668168 0.6526869
    outer loop
      vertex 0.3402523 -0.6899633 0.6388889
      vertex 0.372678 -0.6454972 0.6666667
      vertex 0.3296625 -0.6684895 0.6666667
    endloop
  endfacet
  facet normal 0.4000789 -0.6433791 0.6526869
    outer loop
      vertex 0.3846495 -0.6662325 0.6388889
      vertex 0.4273996 -0.6396488 0.6388889
      vertex 0.4140976 -0.6197409 0.6666667
    endloop
  endfacet
  facet normal 0.4000789 -0.6433791 0.6526869
    outer loop
      vertex 0.3846495 -0.6662325 0.6388889
      vertex 0.4140976 -0.6197409 0.6666667
      vertex 0.372678 -0.6454972 0.6666667
    endloop
  endfacet
  facet normal 0.4413013 -0.6158352 0.6526869
    outer loop
      vertex 0.4273996 -0.6396488 0.6388889
      vertex 0.4683196 -0.610326 0.6388889
      vertex 0.453744 -0.5913307 0.6666667
    endloop
  endfacet
  facet normal 0.4413013 -0.6158352 0.6526869
    outer loop
      vertex 0.4273996 -0.6396488 0.6388889
      vertex 0.453744 -0.5913307 0.6666667
      vertex 0.4140976 -0.6197409 0.6666667
    endloop
  endfacet
  facet normal 0.4806339 -0.5856542 0.6526869
    outer loop
      vertex 0.4683196 -0.610326 0.6388889
      vertex 0.5072341 -0.5783896 0.6388889
      vertex 0.4914474 -0.5603883 0.6666667
    endloop
  endfacet
  facet normal 0.4806339 -0.5856542 0.6526869
    outer loop
      vertex 0.4683196 -0.610326 0.6388889
      vertex 0.4914474 -0.5603883 0.6666667
      vertex 0.453744 -0.5913307 0.6666667
    endloop
  endfacet
  facet normal 0.5179085 -0.5529653 0.6526869
    outer loop
      vertex 0.5072341 -0.5783896 0.6388889
      vertex 0.5439766 -0.5439766 0.6388889
      vertex 0.5270463 -0.5270463 0.6666667
    endloop
  endfacet
  facet normal 0.5179085 -0.5529653 0.6526869
    outer loop
      vertex 0.5072341 -0.5783896 0.6388889
      vertex 0.5270463 -0.5270463 0.6666667
      vertex 0.4914474 -0.5603883 0.6666667
    endloop
  endfacet
  facet normal 0.5529653 -0.5179085 0.6526869
    outer loop
      vertex 0.5439766 -0.5439766 0.6388889
      vertex 0.5783896 -0.5072341 0.6388889
      vertex 0.5603883 -0.4914474 0.6666667
    endloop
  endfacet
  facet normal 0.5529653 -0.5179085 0.6526869
    outer loop
      vertex 0.5439766 -0.5439766 0.6388889
      vertex 0.5603883 -0.4914474 0.6666667
      vertex 0.5270463 -0.5270463 0.6666667
    endloop
  endfacet
  facet normal 0.5856542 -0.4806339 0.6526869
    outer loop
      vertex 0.5783896 -0.5072341 0.6388889
      vertex 0.610326 -0.4683196 0.6388889
      vertex 0.5913307 -0.453744 0.6666667
    endloop
  endfacet
  facet normal 0.5856542 -0.4806339 0.6526869
    outer loop
      vertex 0.5783896 -0.5072341 0.6388889
      vertex 0.5913307 -0.453744 0.6666667
      vertex 0.5603883 -0.4914474 0.6666667
    endloop
  endfacet
  facet normal 0.6158352 -0.4413013 0.6526869
    outer loop
      vertex 0.610326 -0.4683196 0.6388889
      vertex 0.6396488 -0.4273996 0.6388889
      vertex 0.6197409 -0.4140976 0.6666667
    endloop
  endfacet
  facet normal 0.6158352 -0.4413013 0.6526869
    outer loop
      vertex 0.610326 -0.4683196 0.6388889
      vertex 0.6197409 -0.4140976 0.6666667
      vertex 0.5913307 -0.453744 0.6666667
    endloop
  endfacet
  facet normal 0.6433791 -0.4000789 0.6526869
    outer loop
      vertex 0.6396488 -0.4273996 0.6388889
      vertex 0.6662325 -0.3846495 0.6388889
      vertex 0.6454972 -0.372678 0.6666667
    endloop
  endfacet
  facet normal 0.6433791 -0.4000789 0.6526869
    outer loop
      vertex 0.6396488 -0.4273996 0.6388889
      vertex 0.6454972 -0.372678 0.6666667
      vertex 0.6197409 -0.4140976 0.6666667
    endloop
  endfacet
  facet normal 0.668168 -0.3571432 0.6526869
    outer loop
      vertex 0.6662325 -0.3846495 0.6388889
      vertex 0.6899633 -0.3402523 0.6388889
      vertex 0.6684895 -0.3296625 0.6666667
    endloop
  endfacet
  facet normal 0.668168 -0.3571432 0.6526869
    outer loop
      vertex 0.6662325 -0.3846495 0.6388889
      vertex 0.6684895 -0.3296625 0.6666667
      vertex 0.6454972 -0.372678 0.6666667
    endloop
  endfacet
  facet normal 0.6900957 -0.3126783 0.6526869
    outer loop
      vertex 0.6899633 -0.3402523 0.6388889
      vertex 0.7107396 -0.294398 0.6388889
      vertex 0.6886191 -0.2852354 0.6666667
    endloop
  endfacet
  facet normal 0.6900957 -0.3126783 0.6526869
    outer loop
      vertex 0.6899633 -0.3402523 0.6388889
      vertex 0.6886191 -0.2852354 0.6666667
      vertex 0.6684895 -0.3296625 0.6666667
    endloop
  endfacet
  facet normal 0.7090683 -0.2668744 0.6526869
    outer loop
      vertex 0.7107396 -0.294398 0.6388889
      vertex 0.7284724 -0.2472831 0.6388889
      vertex 0.7058 -0.2395868 0.6666667
    endloop
  endfacet
  facet normal 0.7090683 -0.2668744 0.6526869
    outer loop
      vertex 0.7107396 -0.294398 0.6388889
      vertex 0.7058 -0.2395868 0.6666667
      vertex 0.6886191 -0.2852354 0.6666667
    endloop
  endfacet
  facet normal 0.7250045 -0.2199277 0.6526869
    outer loop
      vertex 0.7284724 -0.2472831 0.6388889
      vertex 0.7430858 -0.1991092 0.6388889
      vertex 0.7199586 -0.1929123 0.6666667
    endloop
  endfacet
  facet normal 0.7250045 -0.2199277 0.6526869
    outer loop
      vertex 0.7284724 -0.2472831 0.6388889
      vertex 0.7199586 -0.1929123 0.6666667
      vertex 0.7058 -0.2395868 0.6666667
    endloop
  endfacet
  facet normal 0.7378362 -0.1720393 0.6526869
    outer loop
      vertex 0.7430858 -0.1991092 0.6388889
      vertex 0.7545172 -0.1500828 0.6388889
      vertex 0.7310342 -0.1454117 0.6666667
    endloop
  endfacet
  facet normal 0.7378362 -0.1720393 0.6526869
    outer loop
      vertex 0.7430858 -0.1991092 0.6388889
      vertex 0.7310342 -0.1454117 0.6666667
      vertex 0.7199586 -0.1929123 0.6666667
    endloop
  endfacet
  facet normal 0.7475084 -0.1234141 0.6526869
    outer loop
      vertex 0.7545172 -0.1500828 0.6388889
      vertex 0.7627176 -0.1004137 0.6388889
      vertex 0.7389794 -0.09728848 0.6666667
    endloop
  endfacet
  facet normal 0.7475084 -0.1234141 0.6526869
    outer loop
      vertex 0.7545172 -0.1500828 0.6388889
      vertex 0.7389794 -0.09728848 0.6666667
      vertex 0.7310342 -0.1454117 0.6666667
    endloop
  endfacet
  facet normal 0.7539796 -0.0742605 0.6526869
    outer loop
      vertex 0.7627176 -0.1004137 0.6388889
      vertex 0.7676519 -0.05031456 0.6388889
      vertex 0.7437601 -0.04874861 0.6666667
    endloop
  endfacet
  facet normal 0.7539796 -0.0742605 0.6526869
    outer loop
      vertex 0.7627176 -0.1004137 0.6388889
      vertex 0.7437601 -0.04874861 0.6666667
      vertex 0.7389794 -0.09728848 0.6666667
    endloop
  endfacet
  facet normal 0.7572221 -0.02478888 0.6526869
    outer loop
      vertex 0.7676519 -0.05031456 0.6388889
      vertex 0.769299 0 0.6388889
      vertex 0.745356 0 0.6666667
    endloop
  endfacet
  facet normal 0.7572221 -0.02478888 0.6526869
    outer loop
      vertex 0.7676519 -0.05031456 0.6388889
      vertex 0.745356 0 0.6666667
      vertex 0.7437601 -0.04874861 0.6666667
    endloop
  endfacet
  facet normal 0.7323722 0.02397538 0.6804822
    outer loop
      vertex 0.745356 0 0.6666667
      vertex 0.7437601 0.04874861 0.6666667
      vertex 0.7180057 0.04706058 0.6944444
    endloop
  endfacet
  facet normal 0.7323722 0.02397538 0.6804822
    outer loop
      vertex 0.745356 0 0.6666667
      vertex 0.7180057 0.04706058 0.6944444
      vertex 0.7195463 0 0.6944444
    endloop
  endfacet
  facet normal 0.7292361 0.07182349 0.6804822
    outer loop
      vertex 0.7437601 0.04874861 0.6666667
      vertex 0.7389794 0.09728848 0.6666667
      vertex 0.7133905 0.09391964 0.6944444
    endloop
  endfacet
  facet normal 0.7292361 0.07182349 0.6804822
    outer loop
      vertex 0.7437601 0.04874861 0.6666667
      vertex 0.7133905 0.09391964 0.6944444
      vertex 0.7180057 0.04706058 0.6944444
    endloop
  endfacet
  facet normal 0.7229773 0.119364 0.6804822
    outer loop
      vertex 0.7389794 0.09728848 0.6666667
      vertex 0.7310342 0.1454117 0.6666667
      vertex 0.7057204 0.1403765 0.6944444
    endloop
  endfacet
  facet normal 0.7229773 0.119364 0.6804822
    outer loop
      vertex 0.7389794 0.09728848 0.6666667
      vertex 0.7057204 0.1403765 0.6944444
      vertex 0.7133905 0.09391964 0.6944444
    endloop
  endfacet
  facet normal 0.7136226 0.1663934 0.6804822
    outer loop
      vertex 0.7310342 0.1454117 0.6666667
      vertex 0.7199586 0.1929123 0.6666667
      vertex 0.6950284 0.1862323 0.6944444
    endloop
  endfacet
  facet normal 0.7136226 0.1663934 0.6804822
    outer loop
      vertex 0.7310342 0.1454117 0.6666667
      vertex 0.6950284 0.1862323 0.6944444
      vertex 0.7057204 0.1403765 0.6944444
    endloop
  endfacet
  facet normal 0.701212 0.2127103 0.6804822
    outer loop
      vertex 0.7199586 0.1929123 0.6666667
      vertex 0.7058 0.2395868 0.6666667
      vertex 0.6813601 0.2312906 0.6944444
    endloop
  endfacet
  facet normal 0.701212 0.2127103 0.6804822
    outer loop
      vertex 0.7199586 0.1929123 0.6666667
      vertex 0.6813601 0.2312906 0.6944444
      vertex 0.6950284 0.1862323 0.6944444
    endloop
  endfacet
  facet normal 0.6857987 0.2581164 0.6804822
    outer loop
      vertex 0.7058 0.2395868 0.6666667
      vertex 0.6886191 0.2852354 0.6666667
      vertex 0.6647741 0.2753585 0.6944444
    endloop
  endfacet
  facet normal 0.6857987 0.2581164 0.6804822
    outer loop
      vertex 0.7058 0.2395868 0.6666667
      vertex 0.6647741 0.2753585 0.6944444
      vertex 0.6813601 0.2312906 0.6944444
    endloop
  endfacet
  facet normal 0.6674487 0.3024171 0.6804822
    outer loop
      vertex 0.6886191 0.2852354 0.6666667
      vertex 0.6684895 0.3296625 0.6666667
      vertex 0.6453415 0.3182472 0.6944444
    endloop
  endfacet
  facet normal 0.6674487 0.3024171 0.6804822
    outer loop
      vertex 0.6886191 0.2852354 0.6666667
      vertex 0.6453415 0.3182472 0.6944444
      vertex 0.6647741 0.2753585 0.6944444
    endloop
  endfacet
  facet normal 0.6462407 0.3454228 0.6804822
    outer loop
      vertex 0.6684895 0.3296625 0.6666667
      vertex 0.6454972 0.372678 0.6666667
      vertex 0.6231454 0.3597732 0.6944444
    endloop
  endfacet
  facet normal 0.6462407 0.3454228 0.6804822
    outer loop
      vertex 0.6684895 0.3296625 0.6666667
      vertex 0.6231454 0.3597732 0.6944444
      vertex 0.6453415 0.3182472 0.6944444
    endloop
  endfacet
  facet normal 0.6222653 0.3869494 0.6804822
    outer loop
      vertex 0.6454972 0.372678 0.6666667
      vertex 0.6197409 0.4140976 0.6666667
      vertex 0.5982809 0.3997585 0.6944444
    endloop
  endfacet
  facet normal 0.6222653 0.3869494 0.6804822
    outer loop
      vertex 0.6454972 0.372678 0.6666667
      vertex 0.5982809 0.3997585 0.6944444
      vertex 0.6231454 0.3597732 0.6944444
    endloop
  endfacet
  facet normal 0.5956253 0.426819 0.6804822
    outer loop
      vertex 0.6197409 0.4140976 0.6666667
      vertex 0.5913307 0.453744 0.6666667
      vertex 0.5708545 0.438032 0.6944444
    endloop
  endfacet
  facet normal 0.5956253 0.426819 0.6804822
    outer loop
      vertex 0.6197409 0.4140976 0.6666667
      vertex 0.5708545 0.438032 0.6944444
      vertex 0.5982809 0.3997585 0.6944444
    endloop
  endfacet
  facet normal 0.5664347 0.4648609 0.6804822
    outer loop
      vertex 0.5913307 0.453744 0.6666667
      vertex 0.5603883 0.4914474 0.6666667
      vertex 0.5409836 0.4744299 0.6944444
    endloop
  endfacet
  facet normal 0.5664347 0.4648609 0.6804822
    outer loop
      vertex 0.5913307 0.453744 0.6666667
      vertex 0.5409836 0.4744299 0.6944444
      vertex 0.5708545 0.438032 0.6944444
    endloop
  endfacet
  facet normal 0.5348185 0.5009122 0.6804822
    outer loop
      vertex 0.5603883 0.4914474 0.6666667
      vertex 0.5270463 0.5270463 0.6666667
      vertex 0.5087961 0.5087961 0.6944444
    endloop
  endfacet
  facet normal 0.5348185 0.5009122 0.6804822
    outer loop
      vertex 0.5603883 0.4914474 0.6666667
      vertex 0.5087961 0.5087961 0.6944444
      vertex 0.5409836 0.4744299 0.6944444
    endloop
  endfacet
  facet normal 0.5009122 0.5348185 0.6804822
    outer loop
      vertex 0.5270463 0.5270463 0.6666667
      vertex 0.4914474 0.5603883 0.6666667
      vertex 0.4744299 0.5409836 0.6944444
    endloop
  endfacet
  facet normal 0.5009122 0.5348185 0.6804822
    outer loop
      vertex 0.5270463 0.5270463 0.6666667
      vertex 0.4744299 0.5409836 0.6944444
      vertex 0.5087961 0.5087961 0.6944444
    endloop
  endfacet
  facet normal 0.4648609 0.5664347 0.6804822
    outer loop
      vertex 0.4914474 0.5603883 0.6666667
      vertex 0.453744 0.5913307 0.6666667
      vertex 0.438032 0.5708545 0.6944444
    endloop
  endfacet
  facet normal 0.4648609 0.5664347 0.6804822
    outer loop
      vertex 0.4914474 0.5603883 0.6666667
      vertex 0.438032 0.5708545 0.6944444
      vertex 0.4744299 0.5409836 0.6944444
    endloop
  endfacet
  facet normal 0.426819 0.5956253 0.6804822
    outer loop
      vertex 0.453744 0.5913307 0.6666667
      vertex 0.4140976 0.6197409 0.6666667
      vertex 0.3997585 0.5982809 0.6944444
    endloop
  endfacet
  facet normal 0.426819 0.5956253 0.6804822
    outer loop
      vertex 0.453744 0.5913307 0.6666667
      vertex 0.3997585 0.5982809 0.6944444
      vertex 0.438032 0.5708545 0.6944444
    endloop
  endfacet
  facet normal 0.3869494 0.6222653 0.6804822
    outer loop
      vertex 0.4140976 0.6197409 0.6666667
      vertex 0.372678 0.6454972 0.6666667
      vertex 0.3597732 0.6231454 0.6944444
    endloop
  endfacet
  facet normal 0.3869494 0.6222653 0.6804822
    outer loop
      vertex 0.4140976 0.6197409 0.6666667
      vertex 0.3597732 0.6231454 0.6944444
      vertex 0.3997585 0.5982809 0.6944444
    endloop
  endfacet
  facet normal 0.3454228 0.6462407 0.6804822
    outer loop
      vertex 0.372678 0.6454972 0.6666667
      vertex 0.3296625 0.6684895 0.6666667
      vertex 0.3182472 0.6453415 0.6944444
    endloop
  endfacet
  facet normal 0.3454228 0.6462407 0.6804822
    outer loop
      vertex 0.372678 0.6454972 0.6666667
      vertex 0.3182472 0.6453415 0.6944444
      vertex 0.3597732 0.6231454 0.6944444
    endloop
  endfacet
  facet normal 0.3024171 0.6674487 0.6804822
    outer loop
      vertex 0.3296625 0.6684895 0.6666667
      vertex 0.2852354 0.6886191 0.6666667
      vertex 0.2753585 0.6647741 0.6944444
    endloop
  endfacet
  facet normal 0.3024171 0.6674487 0.6804822
    outer loop
      vertex 0.3296625 0.6684895 0.6666667
      vertex 0.2753585 0.6647741 0.6944444
      vertex 0.3182472 0.6453415 0.6944444
    endloop
  endfacet
  facet normal 0.2581164 0.6857987 0.6804822
    outer loop
      vertex 0.2852354 0.6886191 0.6666667
      vertex 0.2395868 0.7058 0.6666667
      vertex 0.2312906 0.6813601 0.6944444
    endloop
  endfacet
  facet normal 0.2581164 0.6857987 0.6804822
    outer loop
      vertex 0.2852354 0.6886191 0.6666667
      vertex 0.2312906 0.6813601 0.6944444
      vertex 0.2753585 0.6647741 0.6944444
    endloop
  endfacet
  facet normal 0.2127103 0.701212 0.6804822
    outer loop
      vertex 0.2395868 0.7058 0.6666667
      vertex 0.1929123 0.7199586 0.6666667
      vertex 0.1862323 0.6950284 0.6944444
    endloop
  endfacet
  facet normal 0.2127103 0.701212 0.6804822
    outer loop
      vertex 0.2395868 0.7058 0.6666667
      vertex 0.1862323 0.6950284 0.6944444
      vertex 0.2312906 0.6813601 0.6944444
    endloop
  endfacet
  facet normal 0.1663934 0.7136226 0.6804822
    outer loop
      vertex 0.1929123 0.7199586 0.6666667
      vertex 0.1454117 0.7310342 0.6666667
      vertex 0.1403765 0.7057204 0.6944444
    endloop
  endfacet
  facet normal 0.1663934 0.7136226 0.6804822
    outer loop
      vertex 0.1929123 0.7199586 0.6666667
      vertex 0.1403765 0.7057204 0.6944444
      vertex 0.1862323 0.6950284 0.6944444
    endloop
  endfacet
  facet normal 0.119364 0.7229773 0.6804822
    outer loop
      vertex 0.1454117 0.7310342 0.6666667
      vertex 0.09728848 0.7389794 0.6666667
      vertex 0.09391964 0.7133905 0.6944444
    endloop
  endfacet
  facet normal 0.119364 0.7229773 0.6804822
    outer loop
      vertex 0.1454117 0.7310342 0.6666667
      vertex 0.09391964 0.7133905 0.6944444
      vertex 0.1403765 0.7057204 0.6944444
    endloop
  endfacet
  facet normal 0.07182349 0.7292361 0.6804822
    outer loop
      vertex 0.09728848 0.7389794 0.6666667
      vertex 0.04874861 0.7437601 0.6666667
      vertex 0.04706058 0.7180057 0.6944444
    endloop
  endfacet
  facet normal 0.07182349 0.7292361 0.6804822
    outer loop
      vertex 0.09728848 0.7389794 0.6666667
      vertex 0.04706058 0.7180057 0.6944444
      vertex 0.09391964 0.7133905 0.6944444
    endloop
  endfacet
  facet normal 0.02397538 0.7323722 0.6804822
    outer loop
      vertex 0.04874861 0.7437601 0.6666667
      vertex 4.563989e-17 0.745356 0.6666667
      vertex 4.405951e-17 0.7195463 0.6944444
    endloop
  endfacet
  facet normal 0.02397538 0.7323722 0.6804822
    outer loop
      vertex 0.04874861 0.7437601 0.6666667
      vertex 4.405951e-17 0.7195463 0.6944444
      vertex 0.04706058 0.7180057 0.6944444
    endloop
  endfacet
  facet normal -0.02397538 0.7323722 0.6804822
    outer loop
      vertex 4.563989e-17 0.745356 0.6666667
      vertex -0.04874861 0.7437601 0.6666667
      vertex -0.04706058 0.7180057 0.6944444
    endloop
  endfacet
  facet normal -0.02397538 0.7323722 0.6804822
    outer loop
      vertex 4.563989e-17 0.745356 0.6666667
      vertex -0.04706058 0.7180057 0.6944444
      vertex 4.405951e-17 0.7195463 0.6944444
    endloop
  endfacet
  facet normal -0.07182349 0.7292361 0.6804822
    outer loop
      vertex -0.04874861 0.7437601 0.6666667
      vertex -0.09728848 0.7389794 0.6666667
      vertex -0.09391964 0.7133905 0.6944444
    endloop
  endfacet
  facet normal -0.07182349 0.7292361 0.6804822
    outer loop
      vertex -0.04874861 0.7437601 0.6666667
      vertex -0.09391964 0.7133905 0.6944444
      vertex -0.04706058 0.7180057 0.6944444
    endloop
  endfacet
  facet normal -0.119364 0.7229773 0.6804822
    outer loop
      vertex -0.09728848 0.7389794 0.6666667
      vertex -0.1454117 0.7310342 0.6666667
      vertex -0.1403765 0.7057204 0.6944444
    endloop
  endfacet
  facet normal -0.119364 0.7229773 0.6804822
    outer loop
      vertex -0.09728848 0.7389794 0.6666667
      vertex -0.1403765 0.7057204 0.6944444
      vertex -0.09391964 0.7133905 0.6944444
    endloop
  endfacet
  facet normal -0.1663934 0.7136226 0.6804822
    outer loop
      vertex -0.1454117 0.7310342 0.6666667
      vertex -0.1929123 0.7199586 0.6666667
      vertex -0.1862323 0.6950284 0.6944444
    endloop
  endfacet
  facet normal -0.1663934 0.7136226 0.6804822
    outer loop
      vertex -0.1454117 0.7310342 0.6666667
      vertex -0.1862323 0.6950284 0.6944444
      vertex -0.1403765 0.7057204 0.6944444
    endloop
  endfacet
  facet normal -0.2127103 0.701212 0.6804822
    outer loop
      vertex -0.1929123 0.7199586 0.6666667
      vertex -0.2395868 0.7058 0.6666667
      vertex -0.2312906 0.6813601 0.6944444
    endloop
  endfacet
  facet normal -0.2127103 0.701212 0.6804822
    outer loop
      vertex -0.1929123 0.7199586 0.6666667
      vertex -0.2312906 0.6813601 0.6944444
      vertex -0.1862323 0.6950284 0.6944444
    endloop
  endfacet
  facet normal -0.2581164 0.6857987 0.6804822
    outer loop
      vertex -0.2395868 0.7058 0.6666667
      vertex -0.2852354 0.6886191 0.6666667
      vertex -0.2753585 0.6647741 0.6944444
    endloop
  endfacet
  facet normal -0.2581164 0.6857987 0.6804822
    outer loop
      vertex -0.2395868 0.7058 0.6666667
      vertex -0.2753585 0.6647741 0.6944444
      vertex -0.2312906 0.6813601 0.6944444
    endloop
  endfacet
  facet normal -0.3024171 0.6674487 0.6804822
    outer loop
      vertex -0.2852354 0.6886191 0.6666667
      vertex -0.3296625 0.6684895 0.6666667
      vertex -0.3182472 0.6453415 0.6944444
    endloop
  endfacet
  facet normal -0.3024171 0.6674487 0.6804822
    outer loop
      vertex -0.2852354 0.6886191 0.6666667
      vertex -0.3182472 0.6453415 0.6944444
      vertex -0.2753585 0.6647741 0.6944444
    endloop
  endfacet
  facet normal -0.3454228 0.6462407 0.6804822
    outer loop
      vertex -0.3296625 0.6684895 0.6666667
      vertex -0.372678 0.6454972 0.6666667
      vertex -0.3597732 0.6231454 0.6944444
    endloop
  endfacet
  facet normal -0.3454228 0.6462407 0.6804822
    outer loop
      vertex -0.3296625 0.6684895 0.6666667
      vertex -0.3597732 0.6231454 0.6944444
      vertex -0.3182472 0.6453415 0.6944444
    endloop
  endfacet
  facet normal -0.3869494 0.6222653 0.6804822
    outer loop
      vertex -0.372678 0.6454972 0.6666667
      vertex -0.4140976 0.6197409 0.6666667
      vertex -0.3997585 0.5982809 0.6944444
    endloop
  endfacet
  facet normal -0.3869494 0.6222653 0.6804822
    outer loop
      vertex -0.372678 0.6454972 0.6666667
      vertex -0.3997585 0.5982809 0.6944444
      vertex -0.3597732 0.6231454 0.6944444
    endloop
  endfacet
  facet normal -0.426819 0.5956253 0.6804822
    outer loop
      vertex -0.4140976 0.6197409 0.6666667
      vertex -0.453744 0.5913307 0.6666667
      vertex -0.438032 0.5708545 0.6944444
    endloop
  endfacet
  facet normal -0.426819 0.5956253 0.6804822
    outer loop
      vertex -0.4140976 0.6197409 0.6666667
      vertex -0.438032 0.5708545 0.6944444
      vertex -0.3997585 0.5982809 0.6944444
    endloop
  endfacet
  facet normal -0.4648609 0.5664347 0.6804822
    outer loop
      vertex -0.453744 0.5913307 0.6666667
      vertex -0.4914474 0.5603883 0.6666667
      vertex -0.4744299 0.5409836 0.6944444
    endloop
  endfacet
  facet normal -0.4648609 0.5664347 0.6804822
    outer loop
      vertex -0.453744 0.5913307 0.6666667
      vertex -0.4744299 0.5409836 0.6944444
      vertex -0.438032 0.5708545 0.6944444
    endloop
  endfacet
  facet normal -0.5009122 0.5348185 0.6804822
    outer loop
      vertex -0.4914474 0.5603883 0.6666667
      vertex -0.5270463 0.5270463 0.6666667
      vertex -0.5087961 0.5087961 0.6944444
    endloop
  endfacet
  facet normal -0.5009122 0.5348185 0.6804822
    outer loop
      vertex -0.4914474 0.5603883 0.6666667
      vertex -0.5087961 0.5087961 0.6944444
      vertex -0.4744299 0.5409836 0.6944444
    endloop
  endfacet
  facet normal -0.5348185 0.5009122 0.6804822
    outer loop
      vertex -0.5270463 0.5270463 0.6666667
      vertex -0.5603883 0.4914474 0.6666667
      vertex -0.5409836 0.4744299 0.6944444
    endloop
  endfacet
  facet normal -0.5348185 0.5009122 0.6804822
    outer loop
      vertex -0.5270463 0.5270463 0.6666667
      vertex -0.5409836 0.4744299 0.6944444
      vertex -0.5087961 0.5087961 0.6944444
    endloop
  endfacet
  facet normal -0.5664347 0.4648609 0.6804822
    outer loop
      vertex -0.5603883 0.4914474 0.6666667
      vertex -0.5913307 0.453744 0.6666667
      vertex -0.5708545 0.438032 0.6944444
    endloop
  endfacet
  facet normal -0.5664347 0.4648609 0.6804822
    outer loop
      vertex -0.5603883 0.4914474 0.6666667
      vertex -0.5708545 0.438032 0.6944444
      vertex -0.5409836 0.4744299 0.6944444
    endloop
  endfacet
  facet normal -0.5956253 0.426819 0.6804822
    outer loop
      vertex -0.5913307 0.453744 0.6666667
      vertex -0.6197409 0.4140976 0.6666667
      vertex -0.5982809 0.3997585 0.6944444
    endloop
  endfacet
  facet normal -0.5956253 0.426819 0.6804822
    outer loop
      vertex -0.5913307 0.453744 0.6666667
      vertex -0.5982809 0.3997585 0.6944444
      vertex -0.5708545 0.438032 0.6944444
    endloop
  endfacet
  facet normal -0.6222653 0.3869494 0.6804822
    outer loop
      vertex -0.6197409 0.4140976 0.6666667
      vertex -0.6454972 0.372678 0.6666667
      vertex -0.6231454 0.3597732 0.6944444
    endloop
  endfacet
  facet normal -0.6222653 0.3869494 0.6804822
    outer loop
      vertex -0.6197409 0.4140976 0.6666667
      vertex -0.6231454 0.3597732 0.6944444
      vertex -0.5982809 0.3997585 0.6944444
    endloop
  endfacet
  facet normal -0.6462407 0.3454228 0.6804822
    outer loop
      vertex -0.6454972 0.372678 0.6666667
      vertex -0.6684895 0.3296625 0.6666667
      vertex -0.6453415 0.3182472 0.6944444
    endloop
  endfacet
  facet normal -0.6462407 0.3454228 0.6804822
    outer loop
      vertex -0.6454972 0.372678 0.6666667
      vertex -0.6453415 0.3182472 0.6944444
      vertex -0.6231454 0.3597732 0.6944444
    endloop
  endfacet
  facet normal -0.6674487 0.3024171 0.6804822
    outer loop
      vertex -0.6684895 0.3296625 0.6666667
      vertex -0.6886191 0.2852354 0.6666667
      vertex -0.6647741 0.2753585 0.6944444
    endloop
  endfacet
  facet normal -0.6674487 0.3024171 0.6804822
    outer loop
      vertex -0.6684895 0.3296625 0.6666667
      vertex -0.6647741 0.2753585 0.6944444
      vertex -0.6453415 0.3182472 0.6944444
    endloop
  endfacet
  facet normal -0.6857987 0.2581164 0.6804822
    outer loop
      vertex -0.6886191 0.2852354 0.6666667
      vertex -0.7058 0.2395868 0.6666667
      vertex -0.6813601 0.2312906 0.6944444
    endloop
  endfacet
  facet normal -0.6857987 0.2581164 0.6804822
    outer loop
      vertex -0.6886191 0.2852354 0.6666667
      vertex -0.6813601 0.2312906 0.6944444
      vertex -0.6647741 0.2753585 0.6944444
    endloop
  endfacet
  facet normal -0.701212 0.2127103 0.6804822
    outer loop
      vertex -0.7058 0.2395868 0.6666667
      vertex -0.7199586 0.1929123 0.6666667
      vertex -0.6950284 0.1862323 0.6944444
    endloop
  endfacet
  facet normal -0.701212 0.2127103 0.6804822
    outer loop
      vertex -0.7058 0.2395868 0.6666667
      vertex -0.6950284 0.1862323 0.6944444
      vertex -0.6813601 0.2312906 0.6944444
    endloop
  endfacet
  facet normal -0.7136226 0.1663934 0.6804822
    outer loop
      vertex -0.7199586 0.1929123 0.6666667
      vertex -0.7310342 0.1454117 0.6666667
      vertex -0.7057204 0.1403765 0.6944444
    endloop
  endfacet
  facet normal -0.7136226 0.1663934 0.6804822
    outer loop
      vertex -0.7199586 0.1929123 0.6666667
      vertex -0.7057204 0.1403765 0.6944444
      vertex -0.6950284 0.1862323 0.6944444
    endloop
  endfacet
  facet normal -0.7229773 0.119364 0.6804822
    outer loop
      vertex -0.7310342 0.1454117 0.6666667
      vertex -0.7389794 0.09728848 0.6666667
      vertex -0.7133905 0.09391964 0.6944444
    endloop
  endfacet
  facet normal -0.7229773 0.119364 0.6804822
    outer loop
      vertex -0.7310342 0.1454117 0.6666667
      vertex -0.7133905 0.09391964 0.6944444
      vertex -0.7057204 0.1403765 0.6944444
    endloop
  endfacet
  facet normal -0.7292361 0.07182349 0.6804822
    outer loop
      vertex -0.7389794 0.09728848 0.6666667
      vertex -0.7437601 0.04874861 0.6666667
      vertex -0.7180057 0.04706058 0.6944444
    endloop
  endfacet
  facet normal -0.7292361 0.07182349 0.6804822
    outer loop
      vertex -0.7389794 0.09728848 0.6666667
      vertex -0.7180057 0.04706058 0.6944444
      vertex -0.7133905 0.09391964 0.6944444
    endloop
  endfacet
  facet normal -0.7323722 0.02397538 0.6804822
    outer loop
      vertex -0.7437601 0.04874861 0.6666667
      vertex -0.745356 9.127978e-17 0.6666667
      vertex -0.7195463 8.811901e-17 0.6944444
    endloop
  endfacet
  facet normal -0.7323722 0.02397538 0.6804822
    outer loop
      vertex -0.7437601 0.04874861 0.6666667
      vertex -0.7195463 8.811901e-17 0.6944444
      vertex -0.7180057 0.04706058 0.6944444
    endloop
  endfacet
  facet normal -0.7323722 -0.02397538 0.6804822
    outer loop
      vertex -0.745356 9.127978e-17 0.6666667
      vertex -0.7437601 -0.04874861 0.6666667
      vertex -0.7180057 -0.04706058 0.6944444
    endloop
  endfacet
  facet normal -0.7323722 -0.02397538 0.6804822
    outer loop
      vertex -0.745356 9.127978e-17 0.6666667
      vertex -0.7180057 -0.04706058 0.6944444
      vertex -0.7195463 8.811901e-17 0.6944444
    endloop
  endfacet
  facet normal -0.7292361 -0.07182349 0.6804822
    outer loop
      vertex -0.7437601 -0.04874861 0.6666667
      vertex -0.7389794 -0.09728848 0.6666667
      vertex -0.7133905 -0.09391964 0.6944444
    endloop
  endfacet
  facet normal -0.7292361 -0.07182349 0.6804822
    outer loop
      vertex -0.7437601 -0.04874861 0.6666667
      vertex -0.7133905 -0.09391964 0.6944444
      vertex -0.7180057 -0.04706058 0.6944444
    endloop
  endfacet
  facet normal -0.7229773 -0.119364 0.6804822
    outer loop
      vertex -0.7389794 -0.09728848 0.6666667
      vertex -0.7310342 -0.1454117 0.6666667
      vertex -0.7057204 -0.1403765 0.6944444
    endloop
  endfacet
  facet normal -0.7229773 -0.119364 0.6804822
    outer loop
      vertex -0.7389794 -0.09728848 0.6666667
      vertex -0.7057204 -0.1403765 0.6944444
      vertex -0.7133905 -0.09391964 0.6944444
    endloop
  endfacet
  facet normal -0.7136226 -0.1663934 0.6804822
    outer loop
      vertex -0.7310342 -0.1454117 0.6666667
      vertex -0.7199586 -0.1929123 0.6666667
      vertex -0.6950284 -0.1862323 0.6944444
    endloop
  endfacet
  facet normal -0.7136226 -0.1663934 0.6804822
    outer loop
      vertex -0.7310342 -0.1454117 0.6666667
      vertex -0.6950284 -0.1862323 0.6944444
      vertex -0.7057204 -0.1403765 0.6944444
    endloop
  endfacet
  facet normal -0.701212 -0.2127103 0.6804822
    outer loop
      vertex -0.7199586 -0.1929123 0.6666667
      vertex -0.7058 -0.2395868 0.6666667
      vertex -0.6813601 -0.2312906 0.6944444
    endloop
  endfacet
  facet normal -0.701212 -0.2127103 0.6804822
    outer loop
      vertex -0.7199586 -0.1929123 0.6666667
      vertex -0.6813601 -0.2312906 0.6944444
      vertex -0.6950284 -0.1862323 0.6944444
    endloop
  endfacet
  facet normal -0.6857987 -0.2581164 0.6804822
    outer loop
      vertex -0.7058 -0.2395868 0.6666667
      vertex -0.6886191 -0.2852354 0.6666667
      vertex -0.6647741 -0.2753585 0.6944444
    endloop
  endfacet
  facet normal -0.6857987 -0.2581164 0.6804822
    outer loop
      vertex -0.7058 -0.2395868 0.6666667
      vertex -0.6647741 -0.2753585 0.6944444
      vertex -0.6813601 -0.2312906 0.6944444
    endloop
  endfacet
  facet normal -0.6674487 -0.3024171 0.6804822
    outer loop
      vertex -0.6886191 -0.2852354 0.6666667
      vertex -0.6684895 -0.3296625 0.6666667
      vertex -0.6453415 -0.3182472 0.6944444
    endloop
  endfacet
  facet normal -0.6674487 -0.3024171 0.6804822
    outer loop
      vertex -0.6886191 -0.2852354 0.6666667
      vertex -0.6453415 -0.3182472 0.6944444
      vertex -0.6647741 -0.2753585 0.6944444
    endloop
  endfacet
  facet normal -0.6462407 -0.3454228 0.6804822
    outer loop
      vertex -0.6684895 -0.3296625 0.6666667
      vertex -0.6454972 -0.372678 0.6666667
      vertex -0.6231454 -0.3597732 0.6944444
    endloop
  endfacet
  facet normal -0.6462407 -0.3454228 0.6804822
    outer loop
      vertex -0.6684895 -0.3296625 0.6666667
      vertex -0.6231454 -0.3597732 0.6944444
      vertex -0.6453415 -0.3182472 0.6944444
    endloop
  endfacet
  facet normal -0.6222653 -0.3869494 0.6804822
    outer loop
      vertex -0.6454972 -0.372678 0.6666667
      vertex -0.6197409 -0.4140976 0.6666667
      vertex -0.5982809 -0.3997585 0.6944444
    endloop
  endfacet
  facet normal -0.6222653 -0.3869494 0.6804822
    outer loop
      vertex -0.6454972 -0.372678 0.6666667
      vertex -0.5982809 -0.3997585 0.6944444
      vertex -0.6231454 -0.3597732 0.6944444
    endloop
  endfacet
  facet normal -0.5956253 -0.426819 0.6804822
    outer loop
      vertex -0.6197409 -0.4140976 0.6666667
      vertex -0.5913307 -0.453744 0.6666667
      vertex -0.5708545 -0.438032 0.6944444
    endloop
  endfacet
  facet normal -0.5956253 -0.426819 0.6804822
    outer loop
      vertex -0.6197409 -0.4140976 0.6666667
      vertex -0.5708545 -0.438032 0.6944444
      vertex -0.5982809 -0.3997585 0.6944444
    endloop
  endfacet
  facet normal -0.5664347 -0.4648609 0.6804822
    outer loop
      vertex -0.5913307 -0.453744 0.6666667
      vertex -0.5603883 -0.4914474 0.6666667
      vertex -0.5409836 -0.4744299 0.6944444
    endloop
  endfacet
  facet normal -0.5664347 -0.4648609 0.6804822
    outer loop
      vertex -0.5913307 -0.453744 0.6666667
      vertex -0.5409836 -0.4744299 0.6944444
      vertex -0.5708545 -0.438032 0.6944444
    endloop
  endfacet
  facet normal -0.5348185 -0.5009122 0.6804822
    outer loop
      vertex -0.5603883 -0.4914474 0.6666667
      vertex -0.5270463 -0.5270463 0.6666667
      vertex -0.5087961 -0.5087961 0.6944444
    endloop
  endfacet
  facet normal -0.5348185 -0.5009122 0.6804822
    outer loop
      vertex -0.5603883 -0.4914474 0.6666667
      vertex -0.5087961 -0.5087961 0.6944444
      vertex -0.5409836 -0.4744299 0.6944444
    endloop
  endfacet
  facet normal -0.5009122 -0.5348185 0.6804822
    outer loop
      vertex -0.5270463 -0.5270463 0.6666667
      vertex -0.4914474 -0.5603883 0.6666667
      vertex -0.4744299 -0.5409836 0.6944444
    endloop
  endfacet
  facet normal -0.5009122 -0.5348185 0.6804822
    outer loop
      vertex -0.5270463 -0.5270463 0.6666667
      vertex -0.4744299 -0.5409836 0.6944444
      vertex -0.5087961 -0.5087961 0.6944444
    endloop
  endfacet
  facet normal -0.4648609 -0.5664347 0.6804822
    outer loop
      vertex -0.4914474 -0.5603883 0.6666667
      vertex -0.453744 -0.5913307 0.6666667
      vertex -0.438032 -0.5708545 0.6944444
    endloop
  endfacet
  facet normal -0.4648609 -0.5664347 0.6804822
    outer loop
      vertex -0.4914474 -0.5603883 0.6666667
      vertex -0.438032 -0.5708545 0.6944444
      vertex -0.4744299 -0.5409836 0.6944444
    endloop
  endfacet
  facet normal -0.426819 -0.5956253 0.6804822
    outer loop
      vertex -0.453744 -0.5913307 0.6666667
      vertex -0.4140976 -0.6197409 0.6666667
      vertex -0.3997585 -0.5982809 0.6944444
    endloop
  endfacet
  facet normal -0.426819 -0.5956253 0.6804822
    outer loop
      vertex -0.453744 -0.5913307 0.6666667
      vertex -0.3997585 -0.5982809 0.6944444
      vertex -0.438032 -0.5708545 0.6944444
    endloop
  endfacet
  facet normal -0.3869494 -0.6222653 0.6804822
    outer loop
      vertex -0.4140976 -0.6197409 0.6666667
      vertex -0.372678 -0.6454972 0.6666667
      vertex -0.3597732 -0.6231454 0.6944444
    endloop
  endfacet
  facet normal -0.3869494 -0.6222653 0.6804822
    outer loop
      vertex -0.4140976 -0.6197409 0.6666667
      vertex -0.3597732 -0.6231454 0.6944444
      vertex -0.3997585 -0.5982809 0.6944444
    endloop
  endfacet
  facet normal -0.3454228 -0.6462407 0.6804822
    outer loop
      vertex -0.372678 -0.6454972 0.6666667
      vertex -0.3296625 -0.6684895 0.6666667
      vertex -0.3182472 -0.6453415 0.6944444
    endloop
  endfacet
  facet normal -0.3454228 -0.6462407 0.6804822
    outer loop
      vertex -0.372678 -0.6454972 0.6666667
      vertex -0.3182472 -0.6453415 0.6944444
      vertex -0.3597732 -0.6231454 0.6944444
    endloop
  endfacet
  facet normal -0.3024171 -0.6674487 0.6804822
    outer loop
      vertex -0.3296625 -0.6684895 0.6666667
      vertex -0.2852354 -0.6886191 0.6666667
      vertex -0.2753585 -0.6647741 0.6944444
    endloop
  endfacet
  facet normal -0.3024171 -0.6674487 0.6804822
    outer loop
      vertex -0.3296625 -0.6684895 0.6666667
      vertex -0.2753585 -0.6647741 0.6944444
      vertex -0.3182472 -0.6453415 0.6944444
    endloop
  endfacet
  facet normal -0.2581164 -0.6857987 0.6804822
    outer loop
      vertex -0.2852354 -0.6886191 0.6666667
      vertex -0.2395868 -0.7058 0.6666667
      vertex -0.2312906 -0.6813601 0.6944444
    endloop
  endfacet
  facet normal -0.2581164 -0.6857987 0.6804822
    outer loop
      vertex -0.2852354 -0.6886191 0.6666667
      vertex -0.2312906 -0.6813601 0.6944444
      vertex -0.2753585 -0.6647741 0.6944444
    endloop
  endfacet
  facet normal -0.2127103 -0.701212 0.6804822
    outer loop
      vertex -0.2395868 -0.7058 0.6666667
      vertex -0.1929123 -0.7199586 0.6666667
      vertex -0.1862323 -0.6950284 0.6944444
    endloop
  endfacet
  facet normal -0.2127103 -0.701212 0.6804822
    outer loop
      vertex -0.2395868 -0.7058 0.6666667
      vertex -0.1862323 -0.6950284 0.6944444
      vertex -0.2312906 -0.6813601 0.6944444
    endloop
  endfacet
  facet normal -0.1663934 -0.7136226 0.6804822
    outer loop
      vertex -0.1929123 -0.7199586 0.6666667
      vertex -0.1454117 -0.7310342 0.6666667
      vertex -0.1403765 -0.7057204 0.6944444
    endloop
  endfacet
  facet normal -0.1663934 -0.7136226 0.6804822
    outer loop
      vertex -0.1929123 -0.7199586 0.6666667
      vertex -0.1403765 -0.7057204 0.6944444
      vertex -0.1862323 -0.6950284 0.6944444
    endloop
  endfacet
  facet normal -0.119364 -0.7229773 0.6804822
    outer loop
      vertex -0.1454117 -0.7310342 0.6666667
      vertex -0.09728848 -0.7389794 0.6666667
      vertex -0.09391964 -0.7133905 0.6944444
    endloop
  endfacet
  facet normal -0.119364 -0.7229773 0.6804822
    outer loop
      vertex -0.1454117 -0.7310342 0.6666667
      vertex -0.09391964 -0.7133905 0.6944444
      vertex -0.1403765 -0.7057204 0.6944444
    endloop
  endfacet
  facet normal -0.07182349 -0.7292361 0.6804822
    outer loop
      vertex -0.09728848 -0.7389794 0.6666667
      vertex -0.04874861 -0.7437601 0.6666667
      vertex -0.04706058 -0.7180057 0.6944444
    endloop
  endfacet
  facet normal -0.07182349 -0.7292361 0.6804822
    outer loop
      vertex -0.09728848 -0.7389794 0.6666667
      vertex -0.04706058 -0.7180057 0.6944444
      vertex -0.09391964 -0.7133905 0.6944444
    endloop
  endfacet
  facet normal -0.02397538 -0.7323722 0.6804822
    outer loop
      vertex -0.04874861 -0.7437601 0.6666667
      vertex -1.369197e-16 -0.745356 0.6666667
      vertex -1.321785e-16 -0.7195463 0.6944444
    endloop
  endfacet
  facet normal -0.02397538 -0.7323722 0.6804822
    outer loop
      vertex -0.04874861 -0.7437601 0.6666667
      vertex -1.321785e-16 -0.7195463 0.6944444
      vertex -0.04706058 -0.7180057 0.6944444
    endloop
  endfacet
  facet normal 0.02397538 -0.7323722 0.6804822
    outer loop
      vertex -1.369197e-16 -0.745356 0.6666667
      vertex 0.04874861 -0.7437601 0.6666667
      vertex 0.04706058 -0.7180057 0.6944444
    endloop
  endfacet
  facet normal 0.02397538 -0.7323722 0.6804822
    outer loop
      vertex -1.369197e-16 -0.745356 0.6666667
      vertex 0.04706058 -0.7180057 0.6944444
      vertex -1.321785e-16 -0.7195463 0.6944444
    endloop
  endfacet
  facet normal 0.07182349 -0.7292361 0.6804822
    outer loop
      vertex 0.04874861 -0.7437601 0.6666667
      vertex 0.09728848 -0.7389794 0.6666667
      vertex 0.09391964 -0.7133905 0.6944444
    endloop
  endfacet
  facet normal 0.07182349 -0.7292361 0.6804822
    outer loop
      vertex 0.04874861 -0.7437601 0.6666667
      vertex 0.09391964 -0.7133905 0.6944444
      vertex 0.04706058 -0.7180057 0.6944444
    endloop
  endfacet
  facet normal 0.119364 -0.7229773 0.6804822
    outer loop
      vertex 0.09728848 -0.7389794 0.6666667
      vertex 0.1454117 -0.7310342 0.6666667
      vertex 0.1403765 -0.7057204 0.6944444
    endloop
  endfacet
  facet normal 0.119364 -0.7229773 0.6804822
    outer loop
      vertex 0.09728848 -0.7389794 0.6666667
      vertex 0.1403765 -0.7057204 0.6944444
      vertex 0.09391964 -0.7133905 0.6944444
    endloop
  endfacet
  facet normal 0.1663934 -0.7136226 0.6804822
    outer loop
      vertex 0.1454117 -0.7310342 0.6666667
      vertex 0.1929123 -0.7199586 0.6666667
      vertex 0.1862323 -0.6950284 0.6944444
    endloop
  endfacet
  facet normal 0.1663934 -0.7136226 0.6804822
    outer loop
      vertex 0.1454117 -0.7310342 0.6666667
      vertex 0.1862323 -0.6950284 0.6944444
      vertex 0.1403765 -0.7057204 0.6944444
    endloop
  endfacet
  facet normal 0.2127103 -0.701212 0.6804822
    outer loop
      vertex 0.1929123 -0.7199586 0.6666667
      vertex 0.2395868 -0.7058 0.6666667
      vertex 0.2312906 -0.6813601 0.6944444
    endloop
  endfacet
  facet normal 0.2127103 -0.701212 0.6804822
    outer loop
      vertex 0.1929123 -0.7199586 0.6666667
      vertex 0.2312906 -0.6813601 0.6944444
      vertex 0.1862323 -0.6950284 0.6944444
    endloop
  endfacet
  facet normal 0.2581164 -0.6857987 0.6804822
    outer loop
      vertex 0.2395868 -0.7058 0.6666667
      vertex 0.2852354 -0.6886191 0.6666667
      vertex 0.2753585 -0.6647741 0.6944444
    endloop
  endfacet
  facet normal 0.2581164 -0.6857987 0.6804822
    outer loop
      vertex 0.2395868 -0.7058 0.6666667
      vertex 0.2753585 -0.6647741 0.6944444
      vertex 0.2312906 -0.6813601 0.6944444
    endloop
  endfacet
  facet normal 0.3024171 -0.6674487 0.6804822
    outer loop
      vertex 0.2852354 -0.6886191 0.6666667
      vertex 0.3296625 -0.6684895 0.6666667
      vertex 0.3182472 -0.6453415 0.6944444
    endloop
  endfacet
  facet normal 0.3024171 -0.6674487 0.6804822
    outer loop
      vertex 0.2852354 -0.6886191 0.6666667
      vertex 0.3182472 -0.6453415 0.6944444
      vertex 0.2753585 -0.6647741 0.6944444
    endloop
  endfacet
  facet normal 0.3454228 -0.6462407 0.6804822
    outer loop
      vertex 0.3296625 -0.6684895 0.6666667
      vertex 0.372678 -0.6454972 0.6666667
      vertex 0.3597732 -0.6231454 0.6944444
    endloop
  endfacet
  facet normal 0.3454228 -0.6462407 0.6804822
    outer loop
      vertex 0.3296625 -0.6684895 0.6666667
      vertex 0.3597732 -0.6231454 0.6944444
      vertex 0.3182472 -0.6453415 0.6944444
    endloop
  endfacet
  facet normal 0.3869494 -0.6222653 0.6804822
    outer loop
      vertex 0.372678 -0.6454972 0.6666667
      vertex 0.4140976 -0.6197409 0.6666667
      vertex 0.3997585 -0.5982809 0.6944444
    endloop
  endfacet
  facet normal 0.3869494 -0.6222653 0.6804822
    outer loop
      vertex 0.372678 -0.6454972 0.6666667
      vertex 0.3997585 -0.5982809 0.6944444
      vertex 0.3597732 -0.6231454 0.6944444
    endloop
  endfacet
  facet normal 0.426819 -0.5956253 0.6804822
    outer loop
      vertex 0.4140976 -0.6197409 0.6666667
      vertex 0.453744 -0.5913307 0.6666667
      vertex 0.438032 -0.5708545 0.6944444
    endloop
  endfacet
  facet normal 0.426819 -0.5956253 0.6804822
    outer loop
      vertex 0.4140976 -0.6197409 0.6666667
      vertex 0.438032 -0.5708545 0.6944444
      vertex 0.3997585 -0.5982809 0.6944444
    endloop
  endfacet
  facet normal 0.4648609 -0.5664347 0.6804822
    outer loop
      vertex 0.453744 -0.5913307 0.6666667
      vertex 0.4914474 -0.5603883 0.6666667
      vertex 0.4744299 -0.5409836 0.6944444
    endloop
  endfacet
  facet normal 0.4648609 -0.5664347 0.6804822
    outer loop
      vertex 0.453744 -0.5913307 0.6666667
      vertex 0.4744299 -0.5409836 0.6944444
      vertex 0.438032 -0.5708545 0.6944444
    endloop
  endfacet
  facet normal 0.5009122 -0.5348185 0.6804822
    outer loop
      vertex 0.4914474 -0.5603883 0.6666667
      vertex 0.5270463 -0.5270463 0.6666667
      vertex 0.5087961 -0.5087961 0.6944444
    endloop
  endfacet
  facet normal 0.5009122 -0.5348185 0.6804822
    outer loop
      vertex 0.4914474 -0.5603883 0.6666667
      vertex 0.5087961 -0.5087961 0.6944444
      vertex 0.4744299 -0.5409836 0.6944444
    endloop
  endfacet
  facet normal 0.5348185 -0.5009122 0.6804822
    outer loop
      vertex 0.5270463 -0.5270463 0.6666667
      vertex 0.5603883 -0.4914474 0.6666667
      vertex 0.5409836 -0.4744299 0.6944444
    endloop
  endfacet
  facet normal 0.5348185 -0.5009122 0.6804822
    outer loop
      vertex 0.5270463 -0.5270463 0.6666667
      vertex 0.5409836 -0.4744299 0.6944444
      vertex 0.5087961 -0.5087961 0.6944444
    endloop
  endfacet
  facet normal 0.5664347 -0.4648609 0.6804822
    outer loop
      vertex 0.5603883 -0.4914474 0.6666667
      vertex 0.5913307 -0.453744 0.6666667
      vertex 0.5708545 -0.438032 0.6944444
    endloop
  endfacet
  facet normal 0.5664347 -0.4648609 0.6804822
    outer loop
      vertex 0.5603883 -0.4914474 0.6666667
      vertex 0.5708545 -0.438032 0.6944444
      vertex 0.5409836 -0.4744299 0.6944444
    endloop
  endfacet
  facet normal 0.5956253 -0.426819 0.6804822
    outer loop
      vertex 0.5913307 -0.453744 0.6666667
      vertex 0.6197409 -0.4140976 0.6666667
      vertex 0.5982809 -0.3997585 0.6944444
    endloop
  endfacet
  facet normal 0.5956253 -0.426819 0.6804822
    outer loop
      vertex 0.5913307 -0.453744 0.6666667
      vertex 0.5982809 -0.3997585 0.6944444
      vertex 0.5708545 -0.438032 0.6944444
    endloop
  endfacet
  facet normal 0.6222653 -0.3869494 0.6804822
    outer loop
      vertex 0.6197409 -0.4140976 0.6666667
      vertex 0.6454972 -0.372678 0.6666667
      vertex 0.6231454 -0.3597732 0.6944444
    endloop
  endfacet
  facet normal 0.6222653 -0.3869494 0.6804822
    outer loop
      vertex 0.6197409 -0.4140976 0.6666667
      vertex 0.6231454 -0.3597732 0.6944444
      vertex 0.5982809 -0.3997585 0.6944444
    endloop
  endfacet
  facet normal 0.6462407 -0.3454228 0.6804822
    outer loop
      vertex 0.6454972 -0.372678 0.6666667
      vertex 0.6684895 -0.3296625 0.6666667
      vertex 0.6453415 -0.3182472 0.6944444
    endloop
  endfacet
  facet normal 0.6462407 -0.3454228 0.6804822
    outer loop
      vertex 0.6454972 -0.372678 0.6666667
      vertex 0.6453415 -0.3182472 0.6944444
      vertex 0.6231454 -0.3597732 0.6944444
    endloop
  endfacet
  facet normal 0.6674487 -0.3024171 0.6804822
    outer loop
      vertex 0.6684895 -0.3296625 0.6666667
      vertex 0.6886191 -0.2852354 0.6666667
      vertex 0.6647741 -0.2753585 0.6944444
    endloop
  endfacet
  facet normal 0.6674487 -0.3024171 0.6804822
    outer loop
      vertex 0.6684895 -0.3296625 0.6666667
      vertex 0.6647741 -0.2753585 0.6944444
      vertex 0.6453415 -0.3182472 0.6944444
    endloop
  endfacet
  facet normal 0.6857987 -0.2581164 0.6804822
    outer loop
      vertex 0.6886191 -0.2852354 0.6666667
      vertex 0.7058 -0.2395868 0.6666667
      vertex 0.6813601 -0.2312906 0.6944444
    endloop
  endfacet
  facet normal 0.6857987 -0.2581164 0.6804822
    outer loop
      vertex 0.6886191 -0.2852354 0.6666667
      vertex 0.6813601 -0.2312906 0.6944444
      vertex 0.6647741 -0.2753585 0.6944444
    endloop
  endfacet
  facet normal 0.701212 -0.2127103 0.6804822
    outer loop
      vertex 0.7058 -0.2395868 0.6666667
      vertex 0.7199586 -0.1929123 0.6666667
      vertex 0.6950284 -0.1862323 0.6944444
    endloop
  endfacet
  facet normal 0.701212 -0.2127103 0.6804822
    outer loop
      vertex 0.7058 -0.2395868 0.6666667
      vertex 0.6950284 -0.1862323 0.6944444
      vertex 0.6813601 -0.2312906 0.6944444
    endloop
  endfacet
  facet normal 0.7136226 -0.1663934 0.6804822
    outer loop
      vertex 0.7199586 -0.1929123 0.6666667
      vertex 0.7310342 -0.1454117 0.6666667
      vertex 0.7057204 -0.1403765 0.6944444
    endloop
  endfacet
  facet normal 0.7136226 -0.1663934 0.6804822
    outer loop
      vertex 0.7199586 -0.1929123 0.6666667
      vertex 0.7057204 -0.1403765 0.6944444
      vertex 0.6950284 -0.1862323 0.6944444
    endloop
  endfacet
  facet normal 0.7229773 -0.119364 0.6804822
    outer loop
      vertex 0.7310342 -0.1454117 0.6666667
      vertex 0.7389794 -0.09728848 0.6666667
      vertex 0.7133905 -0.09391964 0.6944444
    endloop
  endfacet
  facet normal 0.7229773 -0.119364 0.6804822
    outer loop
      vertex 0.7310342 -0.1454117 0.6666667
      vertex 0.7133905 -0.09391964 0.6944444
      vertex 0.7057204 -0.1403765 0.6944444
    endloop
  endfacet
  facet normal 0.7292361 -0.07182349 0.6804822
    outer loop
      vertex 0.7389794 -0.09728848 0.6666667
      vertex 0.7437601 -0.04874861 0.6666667
      vertex 0.7180057 -0.04706058 0.6944444
    endloop
  endfacet
  facet normal 0.7292361 -0.07182349 0.6804822
    outer loop
      vertex 0.7389794 -0.09728848 0.6666667
      vertex 0.7180057 -0.04706058 0.6944444
      vertex 0.7133905 -0.09391964 0.6944444
    endloop
  endfacet
  facet normal 0.7323722 -0.02397538 0.6804822
    outer loop
      vertex 0.7437601 -0.04874861 0.6666667
      vertex 0.745356 0 0.6666667
      vertex 0.7195463 0 0.6944444
    endloop
  endfacet
  facet normal 0.7323722 -0.02397538 0.6804822
    outer loop
      vertex 0.7437601 -0.04874861 0.6666667
      vertex 0.7195463 0 0.6944444
      vertex 0.7180057 -0.04706058 0.6944444
    endloop
  endfacet
  facet normal 0.7055521 0.02309738 0.7082815
    outer loop
      vertex 0.7195463 0 0.6944444
      vertex 0.7180057 0.04706058 0.6944444
      vertex 0.6901802 0.0452368 0.7222222
    endloop
  endfacet
  facet normal 0.7055521 0.02309738 0.7082815
    outer loop
      vertex 0.7195463 0 0.6944444
      vertex 0.6901802 0.0452368 0.7222222
      vertex 0.6916611 0 0.7222222
    endloop
  endfacet
  facet normal 0.7025308 0.06919325 0.7082815
    outer loop
      vertex 0.7180057 0.04706058 0.6944444
      vertex 0.7133905 0.09391964 0.6944444
      vertex 0.6857438 0.09027989 0.7222222
    endloop
  endfacet
  facet normal 0.7025308 0.06919325 0.7082815
    outer loop
      vertex 0.7180057 0.04706058 0.6944444
      vertex 0.6857438 0.09027989 0.7222222
      vertex 0.6901802 0.0452368 0.7222222
    endloop
  endfacet
  facet normal 0.6965012 0.1149928 0.7082815
    outer loop
      vertex 0.7133905 0.09391964 0.6944444
      vertex 0.7057204 0.1403765 0.6944444
      vertex 0.678371 0.1349364 0.7222222
    endloop
  endfacet
  facet normal 0.6965012 0.1149928 0.7082815
    outer loop
      vertex 0.7133905 0.09391964 0.6944444
      vertex 0.678371 0.1349364 0.7222222
      vertex 0.6857438 0.09027989 0.7222222
    endloop
  endfacet
  facet normal 0.687489 0.1603 0.7082815
    outer loop
      vertex 0.7057204 0.1403765 0.6944444
      vertex 0.6950284 0.1862323 0.6944444
      vertex 0.6680933 0.1790151 0.7222222
    endloop
  endfacet
  facet normal 0.687489 0.1603 0.7082815
    outer loop
      vertex 0.7057204 0.1403765 0.6944444
      vertex 0.6680933 0.1790151 0.7222222
      vertex 0.678371 0.1349364 0.7222222
    endloop
  endfacet
  facet normal 0.675533 0.2049207 0.7082815
    outer loop
      vertex 0.6950284 0.1862323 0.6944444
      vertex 0.6813601 0.2312906 0.6944444
      vertex 0.6549547 0.2223272 0.7222222
    endloop
  endfacet
  facet normal 0.675533 0.2049207 0.7082815
    outer loop
      vertex 0.6950284 0.1862323 0.6944444
      vertex 0.6549547 0.2223272 0.7222222
      vertex 0.6680933 0.1790151 0.7222222
    endloop
  endfacet
  facet normal 0.6606841 0.2486639 0.7082815
    outer loop
      vertex 0.6813601 0.2312906 0.6944444
      vertex 0.6647741 0.2753585 0.6944444
      vertex 0.6390115 0.2646872 0.7222222
    endloop
  endfacet
  facet normal 0.6606841 0.2486639 0.7082815
    outer loop
      vertex 0.6813601 0.2312906 0.6944444
      vertex 0.6390115 0.2646872 0.7222222
      vertex 0.6549547 0.2223272 0.7222222
    endloop
  endfacet
  facet normal 0.6430062 0.2913423 0.7082815
    outer loop
      vertex 0.6647741 0.2753585 0.6944444
      vertex 0.6453415 0.3182472 0.6944444
      vertex 0.620332 0.3059139 0.7222222
    endloop
  endfacet
  facet normal 0.6430062 0.2913423 0.7082815
    outer loop
      vertex 0.6647741 0.2753585 0.6944444
      vertex 0.620332 0.3059139 0.7222222
      vertex 0.6390115 0.2646872 0.7222222
    endloop
  endfacet
  facet normal 0.6225747 0.3327731 0.7082815
    outer loop
      vertex 0.6453415 0.3182472 0.6944444
      vertex 0.6231454 0.3597732 0.6944444
      vertex 0.5989961 0.3458305 0.7222222
    endloop
  endfacet
  facet normal 0.6225747 0.3327731 0.7082815
    outer loop
      vertex 0.6453415 0.3182472 0.6944444
      vertex 0.5989961 0.3458305 0.7222222
      vertex 0.620332 0.3059139 0.7222222
    endloop
  endfacet
  facet normal 0.5994774 0.372779 0.7082815
    outer loop
      vertex 0.6231454 0.3597732 0.6944444
      vertex 0.5982809 0.3997585 0.6944444
      vertex 0.5750952 0.3842663 0.7222222
    endloop
  endfacet
  facet normal 0.5994774 0.372779 0.7082815
    outer loop
      vertex 0.6231454 0.3597732 0.6944444
      vertex 0.5750952 0.3842663 0.7222222
      vertex 0.5989961 0.3458305 0.7222222
    endloop
  endfacet
  facet normal 0.5738129 0.4111885 0.7082815
    outer loop
      vertex 0.5982809 0.3997585 0.6944444
      vertex 0.5708545 0.438032 0.6944444
      vertex 0.5487316 0.4210566 0.7222222
    endloop
  endfacet
  facet normal 0.5738129 0.4111885 0.7082815
    outer loop
      vertex 0.5982809 0.3997585 0.6944444
      vertex 0.5487316 0.4210566 0.7222222
      vertex 0.5750952 0.3842663 0.7222222
    endloop
  endfacet
  facet normal 0.5456913 0.4478373 0.7082815
    outer loop
      vertex 0.5708545 0.438032 0.6944444
      vertex 0.5409836 0.4744299 0.6944444
      vertex 0.5200183 0.4560438 0.7222222
    endloop
  endfacet
  facet normal 0.5456913 0.4478373 0.7082815
    outer loop
      vertex 0.5708545 0.438032 0.6944444
      vertex 0.5200183 0.4560438 0.7222222
      vertex 0.5487316 0.4210566 0.7222222
    endloop
  endfacet
  facet normal 0.515233 0.4825684 0.7082815
    outer loop
      vertex 0.5409836 0.4744299 0.6944444
      vertex 0.5087961 0.5087961 0.6944444
      vertex 0.4890782 0.4890782 0.7222222
    endloop
  endfacet
  facet normal 0.515233 0.4825684 0.7082815
    outer loop
      vertex 0.5409836 0.4744299 0.6944444
      vertex 0.4890782 0.4890782 0.7222222
      vertex 0.5200183 0.4560438 0.7222222
    endloop
  endfacet
  facet normal 0.4825684 0.515233 0.7082815
    outer loop
      vertex 0.5087961 0.5087961 0.6944444
      vertex 0.4744299 0.5409836 0.6944444
      vertex 0.4560438 0.5200183 0.7222222
    endloop
  endfacet
  facet normal 0.4825684 0.515233 0.7082815
    outer loop
      vertex 0.5087961 0.5087961 0.6944444
      vertex 0.4560438 0.5200183 0.7222222
      vertex 0.4890782 0.4890782 0.7222222
    endloop
  endfacet
  facet normal 0.4478373 0.5456913 0.7082815
    outer loop
      vertex 0.4744299 0.5409836 0.6944444
      vertex 0.438032 0.5708545 0.6944444
      vertex 0.4210566 0.5487316 0.7222222
    endloop
  endfacet
  facet normal 0.4478373 0.5456913 0.7082815
    outer loop
      vertex 0.4744299 0.5409836 0.6944444
      vertex 0.4210566 0.5487316 0.7222222
      vertex 0.4560438 0.5200183 0.7222222
    endloop
  endfacet
  facet normal 0.4111885 0.5738129 0.7082815
    outer loop
      vertex 0.438032 0.5708545 0.6944444
      vertex 0.3997585 0.5982809 0.6944444
      vertex 0.3842663 0.5750952 0.7222222
    endloop
  endfacet
  facet normal 0.4111885 0.5738129 0.7082815
    outer loop
      vertex 0.438032 0.5708545 0.6944444
      vertex 0.3842663 0.5750952 0.7222222
      vertex 0.4210566 0.5487316 0.7222222
    endloop
  endfacet
  facet normal 0.372779 0.5994774 0.7082815
    outer loop
      vertex 0.3997585 0.5982809 0.6944444
      vertex 0.3597732 0.6231454 0.6944444
      vertex 0.3458305 0.5989961 0.7222222
    endloop
  endfacet
  facet normal 0.372779 0.5994774 0.7082815
    outer loop
      vertex 0.3997585 0.5982809 0.6944444
      vertex 0.3458305 0.5989961 0.7222222
      vertex 0.3842663 0.5750952 0.7222222
    endloop
  endfacet
  facet normal 0.3327731 0.6225747 0.7082815
    outer loop
      vertex 0.3597732 0.6231454 0.6944444
      vertex 0.3182472 0.6453415 0.6944444
      vertex 0.3059139 0.620332 0.7222222
    endloop
  endfacet
  facet normal 0.3327731 0.6225747 0.7082815
    outer loop
      vertex 0.3597732 0.6231454 0.6944444
      vertex 0.3059139 0.620332 0.7222222
      vertex 0.3458305 0.5989961 0.7222222
    endloop
  endfacet
  facet normal 0.2913423 0.6430062 0.7082815
    outer loop
      vertex 0.3182472 0.6453415 0.6944444
      vertex 0.2753585 0.6647741 0.6944444
      vertex 0.2646872 0.6390115 0.7222222
    endloop
  endfacet
  facet normal 0.2913423 0.6430062 0.7082815
    outer loop
      vertex 0.3182472 0.6453415 0.6944444
      vertex 0.2646872 0.6390115 0.7222222
      vertex 0.3059139 0.620332 0.7222222
    endloop
  endfacet
  facet normal 0.2486639 0.6606841 0.7082815
    outer loop
      vertex 0.2753585 0.6647741 0.6944444
      vertex 0.2312906 0.6813601 0.6944444
      vertex 0.2223272 0.6549547 0.7222222
    endloop
  endfacet
  facet normal 0.2486639 0.6606841 0.7082815
    outer loop
      vertex 0.2753585 0.6647741 0.6944444
      vertex 0.2223272 0.6549547 0.7222222
      vertex 0.2646872 0.6390115 0.7222222
    endloop
  endfacet
  facet normal 0.2049207 0.675533 0.7082815
    outer loop
      vertex 0.2312906 0.6813601 0.6944444
      vertex 0.1862323 0.6950284 0.6944444
      vertex 0.1790151 0.6680933 0.7222222
    endloop
  endfacet
  facet normal 0.2049207 0.675533 0.7082815
    outer loop
      vertex 0.2312906 0.6813601 0.6944444
      vertex 0.1790151 0.6680933 0.7222222
      vertex 0.2223272 0.6549547 0.7222222
    endloop
  endfacet
  facet normal 0.1603 0.687489 0.7082815
    outer loop
      vertex 0.1862323 0.6950284 0.6944444
      vertex 0.1403765 0.7057204 0.6944444
      vertex 0.1349364 0.678371 0.7222222
    endloop
  endfacet
  facet normal 0.1603 0.687489 0.7082815
    outer loop
      vertex 0.1862323 0.6950284 0.6944444
      vertex 0.1349364 0.678371 0.7222222
      vertex 0.1790151 0.6680933 0.7222222
    endloop
  endfacet
  facet normal 0.1149928 0.6965012 0.7082815
    outer loop
      vertex 0.1403765 0.7057204 0.6944444
      vertex 0.09391964 0.7133905 0.6944444
      vertex 0.09027989 0.6857438 0.7222222
    endloop
  endfacet
  facet normal 0.1149928 0.6965012 0.7082815
    outer loop
      vertex 0.1403765 0.7057204 0.6944444
      vertex 0.09027989 0.6857438 0.7222222
      vertex 0.1349364 0.678371 0.7222222
    endloop
  endfacet
  facet normal 0.06919325 0.7025308 0.7082815
    outer loop
      vertex 0.09391964 0.7133905 0.6944444
      vertex 0.04706058 0.7180057 0.6944444
      vertex 0.0452368 0.6901802 0.7222222
    endloop
  endfacet
  facet normal 0.06919325 0.7025308 0.7082815
    outer loop
      vertex 0.09391964 0.7133905 0.6944444
      vertex 0.0452368 0.6901802 0.7222222
      vertex 0.09027989 0.6857438 0.7222222
    endloop
  endfacet
  facet normal 0.02309738 0.7055521 0.7082815
    outer loop
      vertex 0.04706058 0.7180057 0.6944444
      vertex 4.405951e-17 0.7195463 0.6944444
      vertex 4.235203e-17 0.6916611 0.7222222
    endloop
  endfacet
  facet normal 0.02309738 0.7055521 0.7082815
    outer loop
      vertex 0.04706058 0.7180057 0.6944444
      vertex 4.235203e-17 0.6916611 0.7222222
      vertex 0.0452368 0.6901802 0.7222222
    endloop
  endfacet
  facet normal -0.02309738 0.7055521 0.7082815
    outer loop
      vertex 4.405951e-17 0.7195463 0.6944444
      vertex -0.04706058 0.7180057 0.6944444
      vertex -0.0452368 0.6901802 0.7222222
    endloop
  endfacet
  facet normal -0.02309738 0.7055521 0.7082815
    outer loop
      vertex 4.405951e-17 0.7195463 0.6944444
      vertex -0.0452368 0.6901802 0.7222222
      vertex 4.235203e-17 0.6916611 0.7222222
    endloop
  endfacet
  facet normal -0.06919325 0.7025308 0.7082815
    outer loop
      vertex -0.04706058 0.7180057 0.6944444
      vertex -0.09391964 0.7133905 0.6944444
      vertex -0.09027989 0.6857438 0.7222222
    endloop
  endfacet
  facet normal -0.06919325 0.7025308 0.7082815
    outer loop
      vertex -0.04706058 0.7180057 0.6944444
      vertex -0.09027989 0.6857438 0.7222222
      vertex -0.0452368 0.6901802 0.7222222
    endloop
  endfacet
  facet normal -0.1149928 0.6965012 0.7082815
    outer loop
      vertex -0.09391964 0.7133905 0.6944444
      vertex -0.1403765 0.7057204 0.6944444
      vertex -0.1349364 0.678371 0.7222222
    endloop
  endfacet
  facet normal -0.1149928 0.6965012 0.7082815
    outer loop
      vertex -0.09391964 0.7133905 0.6944444
      vertex -0.1349364 0.678371 0.7222222
      vertex -0.09027989 0.6857438 0.7222222
    endloop
  endfacet
  facet normal -0.1603 0.687489 0.7082815
    outer loop
      vertex -0.1403765 0.7057204 0.6944444
      vertex -0.1862323 0.6950284 0.6944444
      vertex -0.1790151 0.6680933 0.7222222
    endloop
  endfacet
  facet normal -0.1603 0.687489 0.7082815
    outer loop
      vertex -0.1403765 0.7057204 0.6944444
      vertex -0.1790151 0.6680933 0.7222222
      vertex -0.1349364 0.678371 0.7222222
    endloop
  endfacet
  facet normal -0.2049207 0.675533 0.7082815
    outer loop
      vertex -0.1862323 0.6950284 0.6944444
      vertex -0.2312906 0.6813601 0.6944444
      vertex -0.2223272 0.6549547 0.7222222
    endloop
  endfacet
  facet normal -0.2049207 0.675533 0.7082815
    outer loop
      vertex -0.1862323 0.6950284 0.6944444
      vertex -0.2223272 0.6549547 0.7222222
      vertex -0.1790151 0.6680933 0.7222222
    endloop
  endfacet
  facet normal -0.2486639 0.6606841 0.7082815
    outer loop
      vertex -0.2312906 0.6813601 0.6944444
      vertex -0.2753585 0.6647741 0.6944444
      vertex -0.2646872 0.6390115 0.7222222
    endloop
  endfacet
  facet normal -0.2486639 0.6606841 0.7082815
    outer loop
      vertex -0.2312906 0.6813601 0.6944444
      vertex -0.2646872 0.6390115 0.7222222
      vertex -0.2223272 0.6549547 0.7222222
    endloop
  endfacet
  facet normal -0.2913423 0.6430062 0.7082815
    outer loop
      vertex -0.2753585 0.6647741 0.6944444
      vertex -0.3182472 0.6453415 0.6944444
      vertex -0.3059139 0.620332 0.7222222
    endloop
  endfacet
  facet normal -0.2913423 0.6430062 0.7082815
    outer loop
      vertex -0.2753585 0.6647741 0.6944444
      vertex -0.3059139 0.620332 0.7222222
      vertex -0.2646872 0.6390115 0.7222222
    endloop
  endfacet
  facet normal -0.3327731 0.6225747 0.7082815
    outer loop
      vertex -0.3182472 0.6453415 0.6944444
      vertex -0.3597732 0.6231454 0.6944444
      vertex -0.3458305 0.5989961 0.7222222
    endloop
  endfacet
  facet normal -0.3327731 0.6225747 0.7082815
    outer loop
      vertex -0.3182472 0.6453415 0.6944444
      vertex -0.3458305 0.5989961 0.7222222
      vertex -0.3059139 0.620332 0.7222222
    endloop
  endfacet
  facet normal -0.372779 0.5994774 0.7082815
    outer loop
      vertex -0.3597732 0.6231454 0.6944444
      vertex -0.3997585 0.5982809 0.6944444
      vertex -0.3842663 0.5750952 0.7222222
    endloop
  endfacet
  facet normal -0.372779 0.5994774 0.7082815
    outer loop
      vertex -0.3597732 0.6231454 0.6944444
      vertex -0.3842663 0.5750952 0.7222222
      vertex -0.3458305 0.5989961 0.7222222
    endloop
  endfacet
  facet normal -0.4111885 0.5738129 0.7082815
    outer loop
      vertex -0.3997585 0.5982809 0.6944444
      vertex -0.438032 0.5708545 0.6944444
      vertex -0.4210566 0.5487316 0.7222222
    endloop
  endfacet
  facet normal -0.4111885 0.5738129 0.7082815
    outer loop
      vertex -0.3997585 0.5982809 0.6944444
      vertex -0.4210566 0.5487316 0.7222222
      vertex -0.3842663 0.5750952 0.7222222
    endloop
  endfacet
  facet normal -0.4478373 0.5456913 0.7082815
    outer loop
      vertex -0.438032 0.5708545 0.6944444
      vertex -0.4744299 0.5409836 0.6944444
      vertex -0.4560438 0.5200183 0.7222222
    endloop
  endfacet
  facet normal -0.4478373 0.5456913 0.7082815
    outer loop
      vertex -0.438032 0.5708545 0.6944444
      vertex -0.4560438 0.5200183 0.7222222
      vertex -0.4210566 0.5487316 0.7222222
    endloop
  endfacet
  facet normal -0.4825684 0.515233 0.7082815
    outer loop
      vertex -0.4744299 0.5409836 0.6944444
      vertex -0.5087961 0.5087961 0.6944444
      vertex -0.4890782 0.4890782 0.7222222
    endloop
  endfacet
  facet normal -0.4825684 0.515233 0.7082815
    outer loop
      vertex -0.4744299 0.5409836 0.6944444
      vertex -0.4890782 0.4890782 0.7222222
      vertex -0.4560438 0.5200183 0.7222222
    endloop
  endfacet
  facet normal -0.515233 0.4825684 0.7082815
    outer loop
      vertex -0.5087961 0.5087961 0.6944444
      vertex -0.5409836 0.4744299 0.6944444
      vertex -0.5200183 0.4560438 0.7222222
    endloop
  endfacet
  facet normal -0.515233 0.4825684 0.7082815
    outer loop
      vertex -0.5087961 0.5087961 0.6944444
      vertex -0.5200183 0.4560438 0.7222222
      vertex -0.4890782 0.4890782 0.7222222
    endloop
  endfacet
  facet normal -0.5456913 0.4478373 0.7082815
    outer loop
      vertex -0.5409836 0.4744299 0.6944444
      vertex -0.5708545 0.438032 0.6944444
      vertex -0.5487316 0.4210566 0.7222222
    endloop
  endfacet
  facet normal -0.5456913 0.4478373 0.7082815
    outer loop
      vertex -0.5409836 0.4744299 0.6944444
      vertex -0.5487316 0.4210566 0.7222222
      vertex -0.5200183 0.4560438 0.7222222
    endloop
  endfacet
  facet normal -0.5738129 0.4111885 0.7082815
    outer loop
      vertex -0.5708545 0.438032 0.6944444
      vertex -0.5982809 0.3997585 0.6944444
      vertex -0.5750952 0.3842663 0.7222222
    endloop
  endfacet
  facet normal -0.5738129 0.4111885 0.7082815
    outer loop
      vertex -0.5708545 0.438032 0.6944444
      vertex -0.5750952 0.3842663 0.7222222
      vertex -0.5487316 0.4210566 0.7222222
    endloop
  endfacet
  facet normal -0.5994774 0.372779 0.7082815
    outer loop
      vertex -0.5982809 0.3997585 0.6944444
      vertex -0.6231454 0.3597732 0.6944444
      vertex -0.5989961 0.3458305 0.7222222
    endloop
  endfacet
  facet normal -0.5994774 0.372779 0.7082815
    outer loop
      vertex -0.5982809 0.3997585 0.6944444
      vertex -0.5989961 0.3458305 0.7222222
      vertex -0.5750952 0.3842663 0.7222222
    endloop
  endfacet
  facet normal -0.6225747 0.3327731 0.7082815
    outer loop
      vertex -0.6231454 0.3597732 0.6944444
      vertex -0.6453415 0.3182472 0.6944444
      vertex -0.620332 0.3059139 0.7222222
    endloop
  endfacet
  facet normal -0.6225747 0.3327731 0.7082815
    outer loop
      vertex -0.6231454 0.3597732 0.6944444
      vertex -0.620332 0.3059139 0.7222222
      vertex -0.5989961 0.3458305 0.7222222
    endloop
  endfacet
  facet normal -0.6430062 0.2913423 0.7082815
    outer loop
      vertex -0.6453415 0.3182472 0.6944444
      vertex -0.6647741 0.2753585 0.6944444
      vertex -0.6390115 0.2646872 0.7222222
    endloop
  endfacet
  facet normal -0.6430062 0.2913423 0.7082815
    outer loop
      vertex -0.6453415 0.3182472 0.6944444
      vertex -0.6390115 0.2646872 0.7222222
      vertex -0.620332 0.3059139 0.7222222
    endloop
  endfacet
  facet normal -0.6606841 0.2486639 0.7082815
    outer loop
      vertex -0.6647741 0.2753585 0.6944444
      vertex -0.6813601 0.2312906 0.6944444
      vertex -0.6549547 0.2223272 0.7222222
    endloop
  endfacet
  facet normal -0.6606841 0.2486639 0.7082815
    outer loop
      vertex -0.6647741 0.2753585 0.6944444
      vertex -0.6549547 0.2223272 0.7222222
      vertex -0.6390115 0.2646872 0.7222222
    endloop
  endfacet
  facet normal -0.675533 0.2049207 0.7082815
    outer loop
      vertex -0.6813601 0.2312906 0.6944444
      vertex -0.6950284 0.1862323 0.6944444
      vertex -0.6680933 0.1790151 0.7222222
    endloop
  endfacet
  facet normal -0.675533 0.2049207 0.7082815
    outer loop
      vertex -0.6813601 0.2312906 0.6944444
      vertex -0.6680933 0.1790151 0.7222222
      vertex -0.6549547 0.2223272 0.7222222
    endloop
  endfacet
  facet normal -0.687489 0.1603 0.7082815
    outer loop
      vertex -0.6950284 0.1862323 0.6944444
      vertex -0.7057204 0.1403765 0.6944444
      vertex -0.678371 0.1349364 0.7222222
    endloop
  endfacet
  facet normal -0.687489 0.1603 0.7082815
    outer loop
      vertex -0.6950284 0.1862323 0.6944444
      vertex -0.678371 0.1349364 0.7222222
      vertex -0.6680933 0.1790151 0.7222222
    endloop
  endfacet
  facet normal -0.6965012 0.1149928 0.7082815
    outer loop
      vertex -0.7057204 0.1403765 0.6944444
      vertex -0.7133905 0.09391964 0.6944444
      vertex -0.6857438 0.09027989 0.7222222
    endloop
  endfacet
  facet normal -0.6965012 0.1149928 0.7082815
    outer loop
      vertex -0.7057204 0.1403765 0.6944444
      vertex -0.6857438 0.09027989 0.7222222
      vertex -0.678371 0.1349364 0.7222222
    endloop
  endfacet
  facet normal -0.7025308 0.06919325 0.7082815
    outer loop
      vertex -0.7133905 0.09391964 0.6944444
      vertex -0.7180057 0.04706058 0.6944444
      vertex -0.6901802 0.0452368 0.7222222
    endloop
  endfacet
  facet normal -0.7025308 0.06919325 0.7082815
    outer loop
      vertex -0.7133905 0.09391964 0.6944444
      vertex -0.6901802 0.0452368 0.7222222
      vertex -0.6857438 0.09027989 0.7222222
    endloop
  endfacet
  facet normal -0.7055521 0.02309738 0.7082815
    outer loop
      vertex -0.7180057 0.04706058 0.6944444
      vertex -0.7195463 8.811901e-17 0.6944444
      vertex -0.6916611 8.470405e-17 0.7222222
    endloop
  endfacet
  facet normal -0.7055521 0.02309738 0.7082815
    outer loop
      vertex -0.7180057 0.04706058 0.6944444
      vertex -0.6916611 8.470405e-17 0.7222222
      vertex -0.6901802 0.0452368 0.7222222
    endloop
  endfacet
  facet normal -0.7055521 -0.02309738 0.7082815
    outer loop
      vertex -0.7195463 8.811901e-17 0.6944444
      vertex -0.7180057 -0.04706058 0.6944444
      vertex -0.6901802 -0.0452368 0.7222222
    endloop
  endfacet
  facet normal -0.7055521 -0.02309738 0.7082815
    outer loop
      vertex -0.7195463 8.811901e-17 0.6944444
      vertex -0.6901802 -0.0452368 0.7222222
      vertex -0.6916611 8.470405e-17 0.7222222
    endloop
  endfacet
  facet normal -0.7025308 -0.06919325 0.7082815
    outer loop
      vertex -0.7180057 -0.04706058 0.6944444
      vertex -0.7133905 -0.09391964 0.6944444
      vertex -0.6857438 -0.09027989 0.7222222
    endloop
  endfacet
  facet normal -0.7025308 -0.06919325 0.7082815
    outer loop
      vertex -0.7180057 -0.04706058 0.6944444
      vertex -0.6857438 -0.09027989 0.7222222
      vertex -0.6901802 -0.0452368 0.7222222
    endloop
  endfacet
  facet normal -0.6965012 -0.1149928 0.7082815
    outer loop
      vertex -0.7133905 -0.09391964 0.6944444
      vertex -0.7057204 -0.1403765 0.6944444
      vertex -0.678371 -0.1349364 0.7222222
    endloop
  endfacet
  facet normal -0.6965012 -0.1149928 0.7082815
    outer loop
      vertex -0.7133905 -0.09391964 0.6944444
      vertex -0.678371 -0.1349364 0.7222222
      vertex -0.6857438 -0.09027989 0.7222222
    endloop
  endfacet
  facet normal -0.687489 -0.1603 0.7082815
    outer loop
      vertex -0.7057204 -0.1403765 0.6944444
      vertex -0.6950284 -0.1862323 0.6944444
      vertex -0.6680933 -0.1790151 0.7222222
    endloop
  endfacet
  facet normal -0.687489 -0.1603 0.7082815
    outer loop
      vertex -0.7057204 -0.1403765 0.6944444
      vertex -0.6680933 -0.1790151 0.7222222
      vertex -0.678371 -0.1349364 0.7222222
    endloop
  endfacet
  facet normal -0.675533 -0.2049207 0.7082815
    outer loop
      vertex -0.6950284 -0.1862323 0.6944444
      vertex -0.6813601 -0.2312906 0.6944444
      vertex -0.6549547 -0.2223272 0.7222222
    endloop
  endfacet
  facet normal -0.675533 -0.2049207 0.7082815
    outer loop
      vertex -0.6950284 -0.1862323 0.6944444
      vertex -0.6549547 -0.2223272 0.7222222
      vertex -0.6680933 -0.1790151 0.7222222
    endloop
  endfacet
  facet normal -0.6606841 -0.2486639 0.7082815
    outer loop
      vertex -0.6813601 -0.2312906 0.6944444
      vertex -0.6647741 -0.2753585 0.6944444
      vertex -0.6390115 -0.2646872 0.7222222
    endloop
  endfacet
  facet normal -0.6606841 -0.2486639 0.7082815
    outer loop
      vertex -0.6813601 -0.2312906 0.6944444
      vertex -0.6390115 -0.2646872 0.7222222
      vertex -0.6549547 -0.2223272 0.7222222
    endloop
  endfacet
  facet normal -0.6430062 -0.2913423 0.7082815
    outer loop
      vertex -0.6647741 -0.2753585 0.6944444
      vertex -0.6453415 -0.3182472 0.6944444
      vertex -0.620332 -0.3059139 0.7222222
    endloop
  endfacet
  facet normal -0.6430062 -0.2913423 0.7082815
    outer loop
      vertex -0.6647741 -0.2753585 0.6944444
      vertex -0.620332 -0.3059139 0.7222222
      vertex -0.6390115 -0.2646872 0.7222222
    endloop
  endfacet
  facet normal -0.6225747 -0.3327731 0.7082815
    outer loop
      vertex -0.6453415 -0.3182472 0.6944444
      vertex -0.6231454 -0.3597732 0.6944444
      vertex -0.5989961 -0.3458305 0.7222222
    endloop
  endfacet
  facet normal -0.6225747 -0.3327731 0.7082815
    outer loop
      vertex -0.6453415 -0.3182472 0.6944444
      vertex -0.5989961 -0.3458305 0.7222222
      vertex -0.620332 -0.3059139 0.7222222
    endloop
  endfacet
  facet normal -0.5994774 -0.372779 0.7082815
    outer loop
      vertex -0.6231454 -0.3597732 0.6944444
      vertex -0.5982809 -0.3997585 0.6944444
      vertex -0.5750952 -0.3842663 0.7222222
    endloop
  endfacet
  facet normal -0.5994774 -0.372779 0.7082815
    outer loop
      vertex -0.6231454 -0.3597732 0.6944444
      vertex -0.5750952 -0.3842663 0.7222222
      vertex -0.5989961 -0.3458305 0.7222222
    endloop
  endfacet
  facet normal -0.5738129 -0.4111885 0.7082815
    outer loop
      vertex -0.5982809 -0.3997585 0.6944444
      vertex -0.5708545 -0.438032 0.6944444
      vertex -0.5487316 -0.4210566 0.7222222
    endloop
  endfacet
  facet normal -0.5738129 -0.4111885 0.7082815
    outer loop
      vertex -0.5982809 -0.3997585 0.6944444
      vertex -0.5487316 -0.4210566 0.7222222
      vertex -0.5750952 -0.3842663 0.7222222
    endloop
  endfacet
  facet normal -0.5456913 -0.4478373 0.7082815
    outer loop
      vertex -0.5708545 -0.438032 0.6944444
      vertex -0.5409836 -0.4744299 0.6944444
      vertex -0.5200183 -0.4560438 0.7222222
    endloop
  endfacet
  facet normal -0.5456913 -0.4478373 0.7082815
    outer loop
      vertex -0.5708545 -0.438032 0.6944444
      vertex -0.5200183 -0.4560438 0.7222222
      vertex -0.5487316 -0.4210566 0.7222222
    endloop
  endfacet
  facet normal -0.515233 -0.4825684 0.7082815
    outer loop
      vertex -0.5409836 -0.4744299 0.6944444
      vertex -0.5087961 -0.5087961 0.6944444
      vertex -0.4890782 -0.4890782 0.7222222
    endloop
  endfacet
  facet normal -0.515233 -0.4825684 0.7082815
    outer loop
      vertex -0.5409836 -0.4744299 0.6944444
      vertex -0.4890782 -0.4890782 0.7222222
      vertex -0.5200183 -0.4560438 0.7222222
    endloop
  endfacet
  facet normal -0.4825684 -0.515233 0.7082815
    outer loop
      vertex -0.5087961 -0.5087961 0.6944444
      vertex -0.4744299 -0.5409836 0.6944444
      vertex -0.4560438 -0.5200183 0.7222222
    endloop
  endfacet
  facet normal -0.4825684 -0.515233 0.7082815
    outer loop
      vertex -0.5087961 -0.5087961 0.6944444
      vertex -0.4560438 -0.5200183 0.7222222
      vertex -0.4890782 -0.4890782 0.7222222
    endloop
  endfacet
  facet normal -0.4478373 -0.5456913 0.7082815
    outer loop
      vertex -0.4744299 -0.5409836 0.6944444
      vertex -0.438032 -0.5708545 0.6944444
      vertex -0.4210566 -0.5487316 0.7222222
    endloop
  endfacet
  facet normal -0.4478373 -0.5456913 0.7082815
    outer loop
      vertex -0.4744299 -0.5409836 0.6944444
      vertex -0.4210566 -0.5487316 0.7222222
      vertex -0.4560438 -0.5200183 0.7222222
    endloop
  endfacet
  facet normal -0.4111885 -0.5738129 0.7082815
    outer loop
      vertex -0.438032 -0.5708545 0.6944444
      vertex -0.3997585 -0.5982809 0.6944444
      vertex -0.3842663 -0.5750952 0.7222222
    endloop
  endfacet
  facet normal -0.4111885 -0.5738129 0.7082815
    outer loop
      vertex -0.438032 -0.5708545 0.6944444
      vertex -0.3842663 -0.5750952 0.7222222
      vertex -0.4210566 -0.5487316 0.7222222
    endloop
  endfacet
  facet normal -0.372779 -0.5994774 0.7082815
    outer loop
      vertex -0.3997585 -0.5982809 0.6944444
      vertex -0.3597732 -0.6231454 0.6944444
      vertex -0.3458305 -0.5989961 0.7222222
    endloop
  endfacet
  facet normal -0.372779 -0.5994774 0.7082815
    outer loop
      vertex -0.3997585 -0.5982809 0.6944444
      vertex -0.3458305 -0.5989961 0.7222222
      vertex -0.3842663 -0.5750952 0.7222222
    endloop
  endfacet
  facet normal -0.3327731 -0.6225747 0.7082815
    outer loop
      vertex -0.3597732 -0.6231454 0.6944444
      vertex -0.3182472 -0.6453415 0.6944444
      vertex -0.3059139 -0.620332 0.7222222
    endloop
  endfacet
  facet normal -0.3327731 -0.6225747 0.7082815
    outer loop
      vertex -0.3597732 -0.6231454 0.6944444
      vertex -0.3059139 -0.620332 0.7222222
      vertex -0.3458305 -0.5989961 0.7222222
    endloop
  endfacet
  facet normal -0.2913423 -0.6430062 0.7082815
    outer loop
      vertex -0.3182472 -0.6453415 0.6944444
      vertex -0.2753585 -0.6647741 0.6944444
      vertex -0.2646872 -0.6390115 0.7222222
    endloop
  endfacet
  facet normal -0.2913423 -0.6430062 0.7082815
    outer loop
      vertex -0.3182472 -0.6453415 0.6944444
      vertex -0.2646872 -0.6390115 0.7222222
      vertex -0.3059139 -0.620332 0.7222222
    endloop
  endfacet
  facet normal -0.2486639 -0.6606841 0.7082815
    outer loop
      vertex -0.2753585 -0.6647741 0.6944444
      vertex -0.2312906 -0.6813601 0.6944444
      vertex -0.2223272 -0.6549547 0.7222222
    endloop
  endfacet
  facet normal -0.2486639 -0.6606841 0.7082815
    outer loop
      vertex -0.2753585 -0.6647741 0.6944444
      vertex -0.2223272 -0.6549547 0.7222222
      vertex -0.2646872 -0.6390115 0.7222222
    endloop
  endfacet
  facet normal -0.2049207 -0.675533 0.7082815
    outer loop
      vertex -0.2312906 -0.6813601 0.6944444
      vertex -0.1862323 -0.6950284 0.6944444
      vertex -0.1790151 -0.6680933 0.7222222
    endloop
  endfacet
  facet normal -0.2049207 -0.675533 0.7082815
    outer loop
      vertex -0.2312906 -0.6813601 0.6944444
      vertex -0.1790151 -0.6680933 0.7222222
      vertex -0.2223272 -0.6549547 0.7222222
    endloop
  endfacet
  facet normal -0.1603 -0.687489 0.7082815
    outer loop
      vertex -0.1862323 -0.6950284 0.6944444
      vertex -0.1403765 -0.7057204 0.6944444
      vertex -0.1349364 -0.678371 0.7222222
    endloop
  endfacet
  facet normal -0.1603 -0.687489 0.7082815
    outer loop
      vertex -0.1862323 -0.6950284 0.6944444
      vertex -0.1349364 -0.678371 0.7222222
      vertex -0.1790151 -0.6680933 0.7222222
    endloop
  endfacet
  facet normal -0.1149928 -0.6965012 0.7082815
    outer loop
      vertex -0.1403765 -0.7057204 0.6944444
      vertex -0.09391964 -0.7133905 0.6944444
      vertex -0.09027989 -0.6857438 0.7222222
    endloop
  endfacet
  facet normal -0.1149928 -0.6965012 0.7082815
    outer loop
      vertex -0.1403765 -0.7057204 0.6944444
      vertex -0.09027989 -0.6857438 0.7222222
      vertex -0.1349364 -0.678371 0.7222222
    endloop
  endfacet
  facet normal -0.06919325 -0.7025308 0.7082815
    outer loop
      vertex -0.09391964 -0.7133905 0.6944444
      vertex -0.04706058 -0.7180057 0.6944444
      vertex -0.0452368 -0.6901802 0.7222222
    endloop
  endfacet
  facet normal -0.06919325 -0.7025308 0.7082815
    outer loop
      vertex -0.09391964 -0.7133905 0.6944444
      vertex -0.0452368 -0.6901802 0.7222222
      vertex -0.09027989 -0.6857438 0.7222222
    endloop
  endfacet
  facet normal -0.02309738 -0.7055521 0.7082815
    outer loop
      vertex -0.04706058 -0.7180057 0.6944444
      vertex -1.321785e-16 -0.7195463 0.6944444
      vertex -1.270561e-16 -0.6916611 0.7222222
    endloop
  endfacet
  facet normal -0.02309738 -0.7055521 0.7082815
    outer loop
      vertex -0.04706058 -0.7180057 0.6944444
      vertex -1.270561e-16 -0.6916611 0.7222222
      vertex -0.0452368 -0.6901802 0.7222222
    endloop
  endfacet
  facet normal 0.02309738 -0.7055521 0.7082815
    outer loop
      vertex -1.321785e-16 -0.7195463 0.6944444
      vertex 0.04706058 -0.7180057 0.6944444
      vertex 0.0452368 -0.6901802 0.7222222
    endloop
  endfacet
  facet normal 0.02309738 -0.7055521 0.7082815
    outer loop
      vertex -1.321785e-16 -0.7195463 0.6944444
      vertex 0.0452368 -0.6901802 0.7222222
      vertex -1.270561e-16 -0.6916611 0.7222222
    endloop
  endfacet
  facet normal 0.06919325 -0.7025308 0.7082815
    outer loop
      vertex 0.04706058 -0.7180057 0.6944444
      vertex 0.09391964 -0.7133905 0.6944444
      vertex 0.09027989 -0.6857438 0.7222222
    endloop
  endfacet
  facet normal 0.06919325 -0.7025308 0.7082815
    outer loop
      vertex 0.04706058 -0.7180057 0.6944444
      vertex 0.09027989 -0.6857438 0.7222222
      vertex 0.0452368 -0.6901802 0.7222222
    endloop
  endfacet
  facet normal 0.1149928 -0.6965012 0.7082815
    outer loop
      vertex 0.09391964 -0.7133905 0.6944444
      vertex 0.1403765 -0.7057204 0.6944444
      vertex 0.1349364 -0.678371 0.7222222
    endloop
  endfacet
  facet normal 0.1149928 -0.6965012 0.7082815
    outer loop
      vertex 0.09391964 -0.7133905 0.6944444
      vertex 0.1349364 -0.678371 0.7222222
      vertex 0.09027989 -0.6857438 0.7222222
    endloop
  endfacet
  facet normal 0.1603 -0.687489 0.7082815
    outer loop
      vertex 0.1403765 -0.7057204 0.6944444
      vertex 0.1862323 -0.6950284 0.6944444
      vertex 0.1790151 -0.6680933 0.7222222
    endloop
  endfacet
  facet normal 0.1603 -0.687489 0.7082815
    outer loop
      vertex 0.1403765 -0.7057204 0.6944444
      vertex 0.1790151 -0.6680933 0.7222222
      vertex 0.1349364 -0.678371 0.7222222
    endloop
  endfacet
  facet normal 0.2049207 -0.675533 0.7082815
    outer loop
      vertex 0.1862323 -0.6950284 0.6944444
      vertex 0.2312906 -0.6813601 0.6944444
      vertex 0.2223272 -0.6549547 0.7222222
    endloop
  endfacet
  facet normal 0.2049207 -0.675533 0.7082815
    outer loop
      vertex 0.1862323 -0.6950284 0.6944444
      vertex 0.2223272 -0.6549547 0.7222222
      vertex 0.1790151 -0.6680933 0.7222222
    endloop
  endfacet
  facet normal 0.2486639 -0.6606841 0.7082815
    outer loop
      vertex 0.2312906 -0.6813601 0.6944444
      vertex 0.2753585 -0.6647741 0.6944444
      vertex 0.2646872 -0.6390115 0.7222222
    endloop
  endfacet
  facet normal 0.2486639 -0.6606841 0.7082815
    outer loop
      vertex 0.2312906 -0.6813601 0.6944444
      vertex 0.2646872 -0.6390115 0.7222222
      vertex 0.2223272 -0.6549547 0.7222222
    endloop
  endfacet
  facet normal 0.2913423 -0.6430062 0.7082815
    outer loop
      vertex 0.2753585 -0.6647741 0.6944444
      vertex 0.3182472 -0.6453415 0.6944444
      vertex 0.3059139 -0.620332 0.7222222
    endloop
  endfacet
  facet normal 0.2913423 -0.6430062 0.7082815
    outer loop
      vertex 0.2753585 -0.6647741 0.6944444
      vertex 0.3059139 -0.620332 0.7222222
      vertex 0.2646872 -0.6390115 0.7222222
    endloop
  endfacet
  facet normal 0.3327731 -0.6225747 0.7082815
    outer loop
      vertex 0.3182472 -0.6453415 0.6944444
      vertex 0.3597732 -0.6231454 0.6944444
      vertex 0.3458305 -0.5989961 0.7222222
    endloop
  endfacet
  facet normal 0.3327731 -0.6225747 0.7082815
    outer loop
      vertex 0.3182472 -0.6453415 0.6944444
      vertex 0.3458305 -0.5989961 0.7222222
      vertex 0.3059139 -0.620332 0.7222222
    endloop
  endfacet
  facet normal 0.372779 -0.5994774 0.7082815
    outer loop
      vertex 0.3597732 -0.6231454 0.6944444
      vertex 0.3997585 -0.5982809 0.6944444
      vertex 0.3842663 -0.5750952 0.7222222
    endloop
  endfacet
  facet normal 0.372779 -0.5994774 0.7082815
    outer loop
      vertex 0.3597732 -0.6231454 0.6944444
      vertex 0.3842663 -0.5750952 0.7222222
      vertex 0.3458305 -0.5989961 0.7222222
    endloop
  endfacet
  facet normal 0.4111885 -0.5738129 0.7082815
    outer loop
      vertex 0.3997585 -0.5982809 0.6944444
      vertex 0.438032 -0.5708545 0.6944444
      vertex 0.4210566 -0.5487316 0.7222222
    endloop
  endfacet
  facet normal 0.4111885 -0.5738129 0.7082815
    outer loop
      vertex 0.3997585 -0.5982809 0.6944444
      vertex 0.4210566 -0.5487316 0.7222222
      vertex 0.3842663 -0.5750952 0.7222222
    endloop
  endfacet
  facet normal 0.4478373 -0.5456913 0.7082815
    outer loop
      vertex 0.438032 -0.5708545 0.6944444
      vertex 0.4744299 -0.5409836 0.6944444
      vertex 0.4560438 -0.5200183 0.7222222
    endloop
  endfacet
  facet normal 0.4478373 -0.5456913 0.7082815
    outer loop
      vertex 0.438032 -0.5708545 0.6944444
      vertex 0.4560438 -0.5200183 0.7222222
      vertex 0.4210566 -0.5487316 0.7222222
    endloop
  endfacet
  facet normal 0.4825684 -0.515233 0.7082815
    outer loop
      vertex 0.4744299 -0.5409836 0.6944444
      vertex 0.5087961 -0.5087961 0.6944444
      vertex 0.4890782 -0.4890782 0.7222222
    endloop
  endfacet
  facet normal 0.4825684 -0.515233 0.7082815
    outer loop
      vertex 0.4744299 -0.5409836 0.6944444
      vertex 0.4890782 -0.4890782 0.7222222
      vertex 0.4560438 -0.5200183 0.7222222
    endloop
  endfacet
  facet normal 0.515233 -0.4825684 0.7082815
    outer loop
      vertex 0.5087961 -0.5087961 0.6944444
      vertex 0.5409836 -0.4744299 0.6944444
      vertex 0.5200183 -0.4560438 0.7222222
    endloop
  endfacet
  facet normal 0.515233 -0.4825684 0.7082815
    outer loop
      vertex 0.5087961 -0.5087961 0.6944444
      vertex 0.5200183 -0.4560438 0.7222222
      vertex 0.4890782 -0.4890782 0.7222222
    endloop
  endfacet
  facet normal 0.5456913 -0.4478373 0.7082815
    outer loop
      vertex 0.5409836 -0.4744299 0.6944444
      vertex 0.5708545 -0.438032 0.6944444
      vertex 0.5487316 -0.4210566 0.7222222
    endloop
  endfacet
  facet normal 0.5456913 -0.4478373 0.7082815
    outer loop
      vertex 0.5409836 -0.4744299 0.6944444
      vertex 0.5487316 -0.4210566 0.7222222
      vertex 0.5200183 -0.4560438 0.7222222
    endloop
  endfacet
  facet normal 0.5738129 -0.4111885 0.7082815
    outer loop
      vertex 0.5708545 -0.438032 0.6944444
      vertex 0.5982809 -0.3997585 0.6944444
      vertex 0.5750952 -0.3842663 0.7222222
    endloop
  endfacet
  facet normal 0.5738129 -0.4111885 0.7082815
    outer loop
      vertex 0.5708545 -0.438032 0.6944444
      vertex 0.5750952 -0.3842663 0.7222222
      vertex 0.5487316 -0.4210566 0.7222222
    endloop
  endfacet
  facet normal 0.5994774 -0.372779 0.7082815
    outer loop
      vertex 0.5982809 -0.3997585 0.6944444
      vertex 0.6231454 -0.3597732 0.6944444
      vertex 0.5989961 -0.3458305 0.7222222
    endloop
  endfacet
  facet normal 0.5994774 -0.372779 0.7082815
    outer loop
      vertex 0.5982809 -0.3997585 0.6944444
      vertex 0.5989961 -0.3458305 0.7222222
      vertex 0.5750952 -0.3842663 0.7222222
    endloop
  endfacet
  facet normal 0.6225747 -0.3327731 0.7082815
    outer loop
      vertex 0.6231454 -0.3597732 0.6944444
      vertex 0.6453415 -0.3182472 0.6944444
      vertex 0.620332 -0.3059139 0.7222222
    endloop
  endfacet
  facet normal 0.6225747 -0.3327731 0.7082815
    outer loop
      vertex 0.6231454 -0.3597732 0.6944444
      vertex 0.620332 -0.3059139 0.7222222
      vertex 0.5989961 -0.3458305 0.7222222
    endloop
  endfacet
  facet normal 0.6430062 -0.2913423 0.7082815
    outer loop
      vertex 0.6453415 -0.3182472 0.6944444
      vertex 0.6647741 -0.2753585 0.6944444
      vertex 0.6390115 -0.2646872 0.7222222
    endloop
  endfacet
  facet normal 0.6430062 -0.2913423 0.7082815
    outer loop
      vertex 0.6453415 -0.3182472 0.6944444
      vertex 0.6390115 -0.2646872 0.7222222
      vertex 0.620332 -0.3059139 0.7222222
    endloop
  endfacet
  facet normal 0.6606841 -0.2486639 0.7082815
    outer loop
      vertex 0.6647741 -0.2753585 0.6944444
      vertex 0.6813601 -0.2312906 0.6944444
      vertex 0.6549547 -0.2223272 0.7222222
    endloop
  endfacet
  facet normal 0.6606841 -0.2486639 0.7082815
    outer loop
      vertex 0.6647741 -0.2753585 0.6944444
      vertex 0.6549547 -0.2223272 0.7222222
      vertex 0.6390115 -0.2646872 0.7222222
    endloop
  endfacet
  facet normal 0.675533 -0.2049207 0.7082815
    outer loop
      vertex 0.6813601 -0.2312906 0.6944444
      vertex 0.6950284 -0.1862323 0.6944444
      vertex 0.6680933 -0.1790151 0.7222222
    endloop
  endfacet
  facet normal 0.675533 -0.2049207 0.7082815
    outer loop
      vertex 0.6813601 -0.2312906 0.6944444
      vertex 0.6680933 -0.1790151 0.7222222
      vertex 0.6549547 -0.2223272 0.7222222
    endloop
  endfacet
  facet normal 0.687489 -0.1603 0.7082815
    outer loop
      vertex 0.6950284 -0.1862323 0.6944444
      vertex 0.7057204 -0.1403765 0.6944444
      vertex 0.678371 -0.1349364 0.7222222
    endloop
  endfacet
  facet normal 0.687489 -0.1603 0.7082815
    outer loop
      vertex 0.6950284 -0.1862323 0.6944444
      vertex 0.678371 -0.1349364 0.7222222
      vertex 0.6680933 -0.1790151 0.7222222
    endloop
  endfacet
  facet normal 0.6965012 -0.1149928 0.7082815
    outer loop
      vertex 0.7057204 -0.1403765 0.6944444
      vertex 0.7133905 -0.09391964 0.6944444
      vertex 0.6857438 -0.09027989 0.7222222
    endloop
  endfacet
  facet normal 0.6965012 -0.1149928 0.7082815
    outer loop
      vertex 0.7057204 -0.1403765 0.6944444
      vertex 0.6857438 -0.09027989 0.7222222
      vertex 0.678371 -0.1349364 0.7222222
    endloop
  endfacet
  facet normal 0.7025308 -0.06919325 0.7082815
    outer loop
      vertex 0.7133905 -0.09391964 0.6944444
      vertex 0.7180057 -0.04706058 0.6944444
      vertex 0.6901802 -0.0452368 0.7222222
    endloop
  endfacet
  facet normal 0.7025308 -0.06919325 0.7082815
    outer loop
      vertex 0.7133905 -0.09391964 0.6944444
      vertex 0.6901802 -0.0452368 0.7222222
      vertex 0.6857438 -0.09027989 0.7222222
    endloop
  endfacet
  facet normal 0.7055521 -0.02309738 0.7082815
    outer loop
      vertex 0.7180057 -0.04706058 0.6944444
      vertex 0.7195463 0 0.6944444
      vertex 0.6916611 0 0.7222222
    endloop
  endfacet
  facet normal 0.7055521 -0.02309738 0.7082815
    outer loop
      vertex 0.7180057 -0.04706058 0.6944444
      vertex 0.6916611 0 0.7222222
      vertex 0.6901802 -0.0452368 0.7222222
    endloop
  endfacet
  facet normal 0.676526 0.02214717 0.7360856
    outer loop
      vertex 0.6916611 0 0.7222222
      vertex 0.6901802 0.0452368 0.7222222
      vertex 0.6600216 0.0432601 0.75
    endloop
  endfacet
  facet normal 0.676526 0.02214717 0.7360856
    outer loop
      vertex 0.6916611 0 0.7222222
      vertex 0.6600216 0.0432601 0.75
      vertex 0.6614378 0 0.75
    endloop
  endfacet
  facet normal 0.673629 0.06634667 0.7360856
    outer loop
      vertex 0.6901802 0.0452368 0.7222222
      vertex 0.6857438 0.09027989 0.7222222
      vertex 0.6557791 0.08633496 0.75
    endloop
  endfacet
  facet normal 0.673629 0.06634667 0.7360856
    outer loop
      vertex 0.6901802 0.0452368 0.7222222
      vertex 0.6557791 0.08633496 0.75
      vertex 0.6600216 0.0432601 0.75
    endloop
  endfacet
  facet normal 0.6678475 0.1102621 0.7360856
    outer loop
      vertex 0.6857438 0.09027989 0.7222222
      vertex 0.678371 0.1349364 0.7222222
      vertex 0.6487285 0.1290401 0.75
    endloop
  endfacet
  facet normal 0.6678475 0.1102621 0.7360856
    outer loop
      vertex 0.6857438 0.09027989 0.7222222
      vertex 0.6487285 0.1290401 0.75
      vertex 0.6557791 0.08633496 0.75
    endloop
  endfacet
  facet normal 0.6592061 0.1537053 0.7360856
    outer loop
      vertex 0.678371 0.1349364 0.7222222
      vertex 0.6680933 0.1790151 0.7222222
      vertex 0.6388999 0.1711927 0.75
    endloop
  endfacet
  facet normal 0.6592061 0.1537053 0.7360856
    outer loop
      vertex 0.678371 0.1349364 0.7222222
      vertex 0.6388999 0.1711927 0.75
      vertex 0.6487285 0.1290401 0.75
    endloop
  endfacet
  facet normal 0.6477419 0.1964903 0.7360856
    outer loop
      vertex 0.6680933 0.1790151 0.7222222
      vertex 0.6549547 0.2223272 0.7222222
      vertex 0.6263354 0.2126122 0.75
    endloop
  endfacet
  facet normal 0.6477419 0.1964903 0.7360856
    outer loop
      vertex 0.6680933 0.1790151 0.7222222
      vertex 0.6263354 0.2126122 0.75
      vertex 0.6388999 0.1711927 0.75
    endloop
  endfacet
  facet normal 0.6335039 0.238434 0.7360856
    outer loop
      vertex 0.6549547 0.2223272 0.7222222
      vertex 0.6390115 0.2646872 0.7222222
      vertex 0.6110889 0.2531213 0.75
    endloop
  endfacet
  facet normal 0.6335039 0.238434 0.7360856
    outer loop
      vertex 0.6549547 0.2223272 0.7222222
      vertex 0.6110889 0.2531213 0.75
      vertex 0.6263354 0.2126122 0.75
    endloop
  endfacet
  facet normal 0.6165532 0.2793566 0.7360856
    outer loop
      vertex 0.6390115 0.2646872 0.7222222
      vertex 0.620332 0.3059139 0.7222222
      vertex 0.5932256 0.2925465 0.75
    endloop
  endfacet
  facet normal 0.6165532 0.2793566 0.7360856
    outer loop
      vertex 0.6390115 0.2646872 0.7222222
      vertex 0.5932256 0.2925465 0.75
      vertex 0.6110889 0.2531213 0.75
    endloop
  endfacet
  facet normal 0.5969623 0.319083 0.7360856
    outer loop
      vertex 0.620332 0.3059139 0.7222222
      vertex 0.5989961 0.3458305 0.7222222
      vertex 0.572822 0.3307189 0.75
    endloop
  endfacet
  facet normal 0.5969623 0.319083 0.7360856
    outer loop
      vertex 0.620332 0.3059139 0.7222222
      vertex 0.572822 0.3307189 0.75
      vertex 0.5932256 0.2925465 0.75
    endloop
  endfacet
  facet normal 0.5748151 0.357443 0.7360856
    outer loop
      vertex 0.5989961 0.3458305 0.7222222
      vertex 0.5750952 0.3842663 0.7222222
      vertex 0.5499655 0.3674752 0.75
    endloop
  endfacet
  facet normal 0.5748151 0.357443 0.7360856
    outer loop
      vertex 0.5989961 0.3458305 0.7222222
      vertex 0.5499655 0.3674752 0.75
      vertex 0.572822 0.3307189 0.75
    endloop
  endfacet
  facet normal 0.5502065 0.3942724 0.7360856
    outer loop
      vertex 0.5750952 0.3842663 0.7222222
      vertex 0.5487316 0.4210566 0.7222222
      vertex 0.5247539 0.4026578 0.75
    endloop
  endfacet
  facet normal 0.5502065 0.3942724 0.7360856
    outer loop
      vertex 0.5750952 0.3842663 0.7222222
      vertex 0.5247539 0.4026578 0.75
      vertex 0.5499655 0.3674752 0.75
    endloop
  endfacet
  facet normal 0.5232418 0.4294135 0.7360856
    outer loop
      vertex 0.5487316 0.4210566 0.7222222
      vertex 0.5200183 0.4560438 0.7222222
      vertex 0.4972953 0.4361163 0.75
    endloop
  endfacet
  facet normal 0.5232418 0.4294135 0.7360856
    outer loop
      vertex 0.5487316 0.4210566 0.7222222
      vertex 0.4972953 0.4361163 0.75
      vertex 0.5247539 0.4026578 0.75
    endloop
  endfacet
  facet normal 0.4940366 0.4627157 0.7360856
    outer loop
      vertex 0.5200183 0.4560438 0.7222222
      vertex 0.4890782 0.4890782 0.7222222
      vertex 0.4677072 0.4677072 0.75
    endloop
  endfacet
  facet normal 0.4940366 0.4627157 0.7360856
    outer loop
      vertex 0.5200183 0.4560438 0.7222222
      vertex 0.4677072 0.4677072 0.75
      vertex 0.4972953 0.4361163 0.75
    endloop
  endfacet
  facet normal 0.4627157 0.4940366 0.7360856
    outer loop
      vertex 0.4890782 0.4890782 0.7222222
      vertex 0.4560438 0.5200183 0.7222222
      vertex 0.4361163 0.4972953 0.75
    endloop
  endfacet
  facet normal 0.4627157 0.4940366 0.7360856
    outer loop
      vertex 0.4890782 0.4890782 0.7222222
      vertex 0.4361163 0.4972953 0.75
      vertex 0.4677072 0.4677072 0.75
    endloop
  endfacet
  facet normal 0.4294135 0.5232418 0.7360856
    outer loop
      vertex 0.4560438 0.5200183 0.7222222
      vertex 0.4210566 0.5487316 0.7222222
      vertex 0.4026578 0.5247539 0.75
    endloop
  endfacet
  facet normal 0.4294135 0.5232418 0.7360856
    outer loop
      vertex 0.4560438 0.5200183 0.7222222
      vertex 0.4026578 0.5247539 0.75
      vertex 0.4361163 0.4972953 0.75
    endloop
  endfacet
  facet normal 0.3942724 0.5502065 0.7360856
    outer loop
      vertex 0.4210566 0.5487316 0.7222222
      vertex 0.3842663 0.5750952 0.7222222
      vertex 0.3674752 0.5499655 0.75
    endloop
  endfacet
  facet normal 0.3942724 0.5502065 0.7360856
    outer loop
      vertex 0.4210566 0.5487316 0.7222222
      vertex 0.3674752 0.5499655 0.75
      vertex 0.4026578 0.5247539 0.75
    endloop
  endfacet
  facet normal 0.357443 0.5748151 0.7360856
    outer loop
      vertex 0.3842663 0.5750952 0.7222222
      vertex 0.3458305 0.5989961 0.7222222
      vertex 0.3307189 0.572822 0.75
    endloop
  endfacet
  facet normal 0.357443 0.5748151 0.7360856
    outer loop
      vertex 0.3842663 0.5750952 0.7222222
      vertex 0.3307189 0.572822 0.75
      vertex 0.3674752 0.5499655 0.75
    endloop
  endfacet
  facet normal 0.319083 0.5969623 0.7360856
    outer loop
      vertex 0.3458305 0.5989961 0.7222222
      vertex 0.3059139 0.620332 0.7222222
      vertex 0.2925465 0.5932256 0.75
    endloop
  endfacet
  facet normal 0.319083 0.5969623 0.7360856
    outer loop
      vertex 0.3458305 0.5989961 0.7222222
      vertex 0.2925465 0.5932256 0.75
      vertex 0.3307189 0.572822 0.75
    endloop
  endfacet
  facet normal 0.2793566 0.6165532 0.7360856
    outer loop
      vertex 0.3059139 0.620332 0.7222222
      vertex 0.2646872 0.6390115 0.7222222
      vertex 0.2531213 0.6110889 0.75
    endloop
  endfacet
  facet normal 0.2793566 0.6165532 0.7360856
    outer loop
      vertex 0.3059139 0.620332 0.7222222
      vertex 0.2531213 0.6110889 0.75
      vertex 0.2925465 0.5932256 0.75
    endloop
  endfacet
  facet normal 0.238434 0.6335039 0.7360856
    outer loop
      vertex 0.2646872 0.6390115 0.7222222
      vertex 0.2223272 0.6549547 0.7222222
      vertex 0.2126122 0.6263354 0.75
    endloop
  endfacet
  facet normal 0.238434 0.6335039 0.7360856
    outer loop
      vertex 0.2646872 0.6390115 0.7222222
      vertex 0.2126122 0.6263354 0.75
      vertex 0.2531213 0.6110889 0.75
    endloop
  endfacet
  facet normal 0.1964903 0.6477419 0.7360856
    outer loop
      vertex 0.2223272 0.6549547 0.7222222
      vertex 0.1790151 0.6680933 0.7222222
      vertex 0.1711927 0.6388999 0.75
    endloop
  endfacet
  facet normal 0.1964903 0.6477419 0.7360856
    outer loop
      vertex 0.2223272 0.6549547 0.7222222
      vertex 0.1711927 0.6388999 0.75
      vertex 0.2126122 0.6263354 0.75
    endloop
  endfacet
  facet normal 0.1537053 0.6592061 0.7360856
    outer loop
      vertex 0.1790151 0.6680933 0.7222222
      vertex 0.1349364 0.678371 0.7222222
      vertex 0.1290401 0.6487285 0.75
    endloop
  endfacet
  facet normal 0.1537053 0.6592061 0.7360856
    outer loop
      vertex 0.1790151 0.6680933 0.7222222
      vertex 0.1290401 0.6487285 0.75
      vertex 0.1711927 0.6388999 0.75
    endloop
  endfacet
  facet normal 0.1102621 0.6678475 0.7360856
    outer loop
      vertex 0.1349364 0.678371 0.7222222
      vertex 0.09027989 0.6857438 0.7222222
      vertex 0.08633496 0.6557791 0.75
    endloop
  endfacet
  facet normal 0.1102621 0.6678475 0.7360856
    outer loop
      vertex 0.1349364 0.678371 0.7222222
      vertex 0.08633496 0.6557791 0.75
      vertex 0.1290401 0.6487285 0.75
    endloop
  endfacet
  facet normal 0.06634667 0.673629 0.7360856
    outer loop
      vertex 0.09027989 0.6857438 0.7222222
      vertex 0.0452368 0.6901802 0.7222222
      vertex 0.0432601 0.6600216 0.75
    endloop
  endfacet
  facet normal 0.06634667 0.673629 0.7360856
    outer loop
      vertex 0.09027989 0.6857438 0.7222222
      vertex 0.0432601 0.6600216 0.75
      vertex 0.08633496 0.6557791 0.75
    endloop
  endfacet
  facet normal 0.02214717 0.676526 0.7360856
    outer loop
      vertex 0.0452368 0.6901802 0.7222222
      vertex 4.235203e-17 0.6916611 0.7222222
      vertex 4.050139e-17 0.6614378 0.75
    endloop
  endfacet
  facet normal 0.02214717 0.676526 0.7360856
    outer loop
      vertex 0.0452368 0.6901802 0.7222222
      vertex 4.050139e-17 0.6614378 0.75
      vertex 0.0432601 0.6600216 0.75
    endloop
  endfacet
  facet normal -0.02214717 0.676526 0.7360856
    outer loop
      vertex 4.235203e-17 0.6916611 0.7222222
      vertex -0.0452368 0.6901802 0.7222222
      vertex -0.0432601 0.6600216 0.75
    endloop
  endfacet
  facet normal -0.02214717 0.676526 0.7360856
    outer loop
      vertex 4.235203e-17 0.6916611 0.7222222
      vertex -0.0432601 0.6600216 0.75
      vertex 4.050139e-17 0.6614378 0.75
    endloop
  endfacet
  facet normal -0.06634667 0.673629 0.7360856
    outer loop
      vertex -0.0452368 0.6901802 0.7222222
      vertex -0.09027989 0.6857438 0.7222222
      vertex -0.08633496 0.6557791 0.75
    endloop
  endfacet
  facet normal -0.06634667 0.673629 0.7360856
    outer loop
      vertex -0.0452368 0.6901802 0.7222222
      vertex -0.08633496 0.6557791 0.75
      vertex -0.0432601 0.6600216 0.75
    endloop
  endfacet
  facet normal -0.1102621 0.6678475 0.7360856
    outer loop
      vertex -0.09027989 0.6857438 0.7222222
      vertex -0.1349364 0.678371 0.7222222
      vertex -0.1290401 0.6487285 0.75
    endloop
  endfacet
  facet normal -0.1102621 0.6678475 0.7360856
    outer loop
      vertex -0.09027989 0.6857438 0.7222222
      vertex -0.1290401 0.6487285 0.75
      vertex -0.08633496 0.6557791 0.75
    endloop
  endfacet
  facet normal -0.1537053 0.6592061 0.7360856
    outer loop
      vertex -0.1349364 0.678371 0.7222222
      vertex -0.1790151 0.6680933 0.7222222
      vertex -0.1711927 0.6388999 0.75
    endloop
  endfacet
  facet normal -0.1537053 0.6592061 0.7360856
    outer loop
      vertex -0.1349364 0.678371 0.7222222
      vertex -0.1711927 0.6388999 0.75
      vertex -0.1290401 0.6487285 0.75
    endloop
  endfacet
  facet normal -0.1964903 0.6477419 0.7360856
    outer loop
      vertex -0.1790151 0.6680933 0.7222222
      vertex -0.2223272 0.6549547 0.7222222
      vertex -0.2126122 0.6263354 0.75
    endloop
  endfacet
  facet normal -0.1964903 0.6477419 0.7360856
    outer loop
      vertex -0.1790151 0.6680933 0.7222222
      vertex -0.2126122 0.6263354 0.75
      vertex -0.1711927 0.6388999 0.75
    endloop
  endfacet
  facet normal -0.238434 0.6335039 0.7360856
    outer loop
      vertex -0.2223272 0.6549547 0.7222222
      vertex -0.2646872 0.6390115 0.7222222
      vertex -0.2531213 0.6110889 0.75
    endloop
  endfacet
  facet normal -0.238434 0.6335039 0.7360856
    outer loop
      vertex -0.2223272 0.6549547 0.7222222
      vertex -0.2531213 0.6110889 0.75
      vertex -0.2126122 0.6263354 0.75
    endloop
  endfacet
  facet normal -0.2793566 0.6165532 0.7360856
    outer loop
      vertex -0.2646872 0.6390115 0.7222222
      vertex -0.3059139 0.620332 0.7222222
      vertex -0.2925465 0.5932256 0.75
    endloop
  endfacet
  facet normal -0.2793566 0.6165532 0.7360856
    outer loop
      vertex -0.2646872 0.6390115 0.7222222
      vertex -0.2925465 0.5932256 0.75
      vertex -0.2531213 0.6110889 0.75
    endloop
  endfacet
  facet normal -0.319083 0.5969623 0.7360856
    outer loop
      vertex -0.3059139 0.620332 0.7222222
      vertex -0.3458305 0.5989961 0.7222222
      vertex -0.3307189 0.572822 0.75
    endloop
  endfacet
  facet normal -0.319083 0.5969623 0.7360856
    outer loop
      vertex -0.3059139 0.620332 0.7222222
      vertex -0.3307189 0.572822 0.75
      vertex -0.2925465 0.5932256 0.75
    endloop
  endfacet
  facet normal -0.357443 0.5748151 0.7360856
    outer loop
      vertex -0.3458305 0.5989961 0.7222222
      vertex -0.3842663 0.5750952 0.7222222
      vertex -0.3674752 0.5499655 0.75
    endloop
  endfacet
  facet normal -0.357443 0.5748151 0.7360856
    outer loop
      vertex -0.3458305 0.5989961 0.7222222
      vertex -0.3674752 0.5499655 0.75
      vertex -0.3307189 0.572822 0.75
    endloop
  endfacet
  facet normal -0.3942724 0.5502065 0.7360856
    outer loop
      vertex -0.3842663 0.5750952 0.7222222
      vertex -0.4210566 0.5487316 0.7222222
      vertex -0.4026578 0.5247539 0.75
    endloop
  endfacet
  facet normal -0.3942724 0.5502065 0.7360856
    outer loop
      vertex -0.3842663 0.5750952 0.7222222
      vertex -0.4026578 0.5247539 0.75
      vertex -0.3674752 0.5499655 0.75
    endloop
  endfacet
  facet normal -0.4294135 0.5232418 0.7360856
    outer loop
      vertex -0.4210566 0.5487316 0.7222222
      vertex -0.4560438 0.5200183 0.7222222
      vertex -0.4361163 0.4972953 0.75
    endloop
  endfacet
  facet normal -0.4294135 0.5232418 0.7360856
    outer loop
      vertex -0.4210566 0.5487316 0.7222222
      vertex -0.4361163 0.4972953 0.75
      vertex -0.4026578 0.5247539 0.75
    endloop
  endfacet
  facet normal -0.4627157 0.4940366 0.7360856
    outer loop
      vertex -0.4560438 0.5200183 0.7222222
      vertex -0.4890782 0.4890782 0.7222222
      vertex -0.4677072 0.4677072 0.75
    endloop
  endfacet
  facet normal -0.4627157 0.4940366 0.7360856
    outer loop
      vertex -0.4560438 0.5200183 0.7222222
      vertex -0.4677072 0.4677072 0.75
      vertex -0.4361163 0.4972953 0.75
    endloop
  endfacet
  facet normal -0.4940366 0.4627157 0.7360856
    outer loop
      vertex -0.4890782 0.4890782 0.7222222
      vertex -0.5200183 0.4560438 0.7222222
      vertex -0.4972953 0.4361163 0.75
    endloop
  endfacet
  facet normal -0.4940366 0.4627157 0.7360856
    outer loop
      vertex -0.4890782 0.4890782 0.7222222
      vertex -0.4972953 0.4361163 0.75
      vertex -0.4677072 0.4677072 0.75
    endloop
  endfacet
  facet normal -0.5232418 0.4294135 0.7360856
    outer loop
      vertex -0.5200183 0.4560438 0.7222222
      vertex -0.5487316 0.4210566 0.7222222
      vertex -0.5247539 0.4026578 0.75
    endloop
  endfacet
  facet normal -0.5232418 0.4294135 0.7360856
    outer loop
      vertex -0.5200183 0.4560438 0.7222222
      vertex -0.5247539 0.4026578 0.75
      vertex -0.4972953 0.4361163 0.75
    endloop
  endfacet
  facet normal -0.5502065 0.3942724 0.7360856
    outer loop
      vertex -0.5487316 0.4210566 0.7222222
      vertex -0.5750952 0.3842663 0.7222222
      vertex -0.5499655 0.3674752 0.75
    endloop
  endfacet
  facet normal -0.5502065 0.3942724 0.7360856
    outer loop
      vertex -0.5487316 0.4210566 0.7222222
      vertex -0.5499655 0.3674752 0.75
      vertex -0.5247539 0.4026578 0.75
    endloop
  endfacet
  facet normal -0.5748151 0.357443 0.7360856
    outer loop
      vertex -0.5750952 0.3842663 0.7222222
      vertex -0.5989961 0.3458305 0.7222222
      vertex -0.572822 0.3307189 0.75
    endloop
  endfacet
  facet normal -0.5748151 0.357443 0.7360856
    outer loop
      vertex -0.5750952 0.3842663 0.7222222
      vertex -0.572822 0.3307189 0.75
      vertex -0.5499655 0.3674752 0.75
    endloop
  endfacet
  facet normal -0.5969623 0.319083 0.7360856
    outer loop
      vertex -0.5989961 0.3458305 0.7222222
      vertex -0.620332 0.3059139 0.7222222
      vertex -0.5932256 0.2925465 0.75
    endloop
  endfacet
  facet normal -0.5969623 0.319083 0.7360856
    outer loop
      vertex -0.5989961 0.3458305 0.7222222
      vertex -0.5932256 0.2925465 0.75
      vertex -0.572822 0.3307189 0.75
    endloop
  endfacet
  facet normal -0.6165532 0.2793566 0.7360856
    outer loop
      vertex -0.620332 0.3059139 0.7222222
      vertex -0.6390115 0.2646872 0.7222222
      vertex -0.6110889 0.2531213 0.75
    endloop
  endfacet
  facet normal -0.6165532 0.2793566 0.7360856
    outer loop
      vertex -0.620332 0.3059139 0.7222222
      vertex -0.6110889 0.2531213 0.75
      vertex -0.5932256 0.2925465 0.75
    endloop
  endfacet
  facet normal -0.6335039 0.238434 0.7360856
    outer loop
      vertex -0.6390115 0.2646872 0.7222222
      vertex -0.6549547 0.2223272 0.7222222
      vertex -0.6263354 0.2126122 0.75
    endloop
  endfacet
  facet normal -0.6335039 0.238434 0.7360856
    outer loop
      vertex -0.6390115 0.2646872 0.7222222
      vertex -0.6263354 0.2126122 0.75
      vertex -0.6110889 0.2531213 0.75
    endloop
  endfacet
  facet normal -0.6477419 0.1964903 0.7360856
    outer loop
      vertex -0.6549547 0.2223272 0.7222222
      vertex -0.6680933 0.1790151 0.7222222
      vertex -0.6388999 0.1711927 0.75
    endloop
  endfacet
  facet normal -0.6477419 0.1964903 0.7360856
    outer loop
      vertex -0.6549547 0.2223272 0.7222222
      vertex -0.6388999 0.1711927 0.75
      vertex -0.6263354 0.2126122 0.75
    endloop
  endfacet
  facet normal -0.6592061 0.1537053 0.7360856
    outer loop
      vertex -0.6680933 0.1790151 0.7222222
      vertex -0.678371 0.1349364 0.7222222
      vertex -0.6487285 0.1290401 0.75
    endloop
  endfacet
  facet normal -0.6592061 0.1537053 0.7360856
    outer loop
      vertex -0.6680933 0.1790151 0.7222222
      vertex -0.6487285 0.1290401 0.75
      vertex -0.6388999 0.1711927 0.75
    endloop
  endfacet
  facet normal -0.6678475 0.1102621 0.7360856
    outer loop
      vertex -0.678371 0.1349364 0.7222222
      vertex -0.6857438 0.09027989 0.7222222
      vertex -0.6557791 0.08633496 0.75
    endloop
  endfacet
  facet normal -0.6678475 0.1102621 0.7360856
    outer loop
      vertex -0.678371 0.1349364 0.7222222
      vertex -0.6557791 0.08633496 0.75
      vertex -0.6487285 0.1290401 0.75
    endloop
  endfacet
  facet normal -0.673629 0.06634667 0.7360856
    outer loop
      vertex -0.6857438 0.09027989 0.7222222
      vertex -0.6901802 0.0452368 0.7222222
      vertex -0.6600216 0.0432601 0.75
    endloop
  endfacet
  facet normal -0.673629 0.06634667 0.7360856
    outer loop
      vertex -0.6857438 0.09027989 0.7222222
      vertex -0.6600216 0.0432601 0.75
      vertex -0.6557791 0.08633496 0.75
    endloop
  endfacet
  facet normal -0.676526 0.02214717 0.7360856
    outer loop
      vertex -0.6901802 0.0452368 0.7222222
      vertex -0.6916611 8.470405e-17 0.7222222
      vertex -0.6614378 8.100277e-17 0.75
    endloop
  endfacet
  facet normal -0.676526 0.02214717 0.7360856
    outer loop
      vertex -0.6901802 0.0452368 0.7222222
      vertex -0.6614378 8.100277e-17 0.75
      vertex -0.6600216 0.0432601 0.75
    endloop
  endfacet
  facet normal -0.676526 -0.02214717 0.7360856
    outer loop
      vertex -0.6916611 8.470405e-17 0.7222222
      vertex -0.6901802 -0.0452368 0.7222222
      vertex -0.6600216 -0.0432601 0.75
    endloop
  endfacet
  facet normal -0.676526 -0.02214717 0.7360856
    outer loop
      vertex -0.6916611 8.470405e-17 0.7222222
      vertex -0.6600216 -0.0432601 0.75
      vertex -0.6614378 8.100277e-17 0.75
    endloop
  endfacet
  facet normal -0.673629 -0.06634667 0.7360856
    outer loop
      vertex -0.6901802 -0.0452368 0.7222222
      vertex -0.6857438 -0.09027989 0.7222222
      vertex -0.6557791 -0.08633496 0.75
    endloop
  endfacet
  facet normal -0.673629 -0.06634667 0.7360856
    outer loop
      vertex -0.6901802 -0.0452368 0.7222222
      vertex -0.6557791 -0.08633496 0.75
      vertex -0.6600216 -0.0432601 0.75
    endloop
  endfacet
  facet normal -0.6678475 -0.1102621 0.7360856
    outer loop
      vertex -0.6857438 -0.09027989 0.7222222
      vertex -0.678371 -0.1349364 0.7222222
      vertex -0.6487285 -0.1290401 0.75
    endloop
  endfacet
  facet normal -0.6678475 -0.1102621 0.7360856
    outer loop
      vertex -0.6857438 -0.09027989 0.7222222
      vertex -0.6487285 -0.1290401 0.75
      vertex -0.6557791 -0.08633496 0.75
    endloop
  endfacet
  facet normal -0.6592061 -0.1537053 0.7360856
    outer loop
      vertex -0.678371 -0.1349364 0.7222222
      vertex -0.6680933 -0.1790151 0.7222222
      vertex -0.6388999 -0.1711927 0.75
    endloop
  endfacet
  facet normal -0.6592061 -0.1537053 0.7360856
    outer loop
      vertex -0.678371 -0.1349364 0.7222222
      vertex -0.6388999 -0.1711927 0.75
      vertex -0.6487285 -0.1290401 0.75
    endloop
  endfacet
  facet normal -0.6477419 -0.1964903 0.7360856
    outer loop
      vertex -0.6680933 -0.1790151 0.7222222
      vertex -0.6549547 -0.2223272 0.7222222
      vertex -0.6263354 -0.2126122 0.75
    endloop
  endfacet
  facet normal -0.6477419 -0.1964903 0.7360856
    outer loop
      vertex -0.6680933 -0.1790151 0.7222222
      vertex -0.6263354 -0.2126122 0.75
      vertex -0.6388999 -0.1711927 0.75
    endloop
  endfacet
  facet normal -0.6335039 -0.238434 0.7360856
    outer loop
      vertex -0.6549547 -0.2223272 0.7222222
      vertex -0.6390115 -0.2646872 0.7222222
      vertex -0.6110889 -0.2531213 0.75
    endloop
  endfacet
  facet normal -0.6335039 -0.238434 0.7360856
    outer loop
      vertex -0.6549547 -0.2223272 0.7222222
      vertex -0.6110889 -0.2531213 0.75
      vertex -0.6263354 -0.2126122 0.75
    endloop
  endfacet
  facet normal -0.6165532 -0.2793566 0.7360856
    outer loop
      vertex -0.6390115 -0.2646872 0.7222222
      vertex -0.620332 -0.3059139 0.7222222
      vertex -0.5932256 -0.2925465 0.75
    endloop
  endfacet
  facet normal -0.6165532 -0.2793566 0.7360856
    outer loop
      vertex -0.6390115 -0.2646872 0.7222222
      vertex -0.5932256 -0.2925465 0.75
      vertex -0.6110889 -0.2531213 0.75
    endloop
  endfacet
  facet normal -0.5969623 -0.319083 0.7360856
    outer loop
      vertex -0.620332 -0.3059139 0.7222222
      vertex -0.5989961 -0.3458305 0.7222222
      vertex -0.572822 -0.3307189 0.75
    endloop
  endfacet
  facet normal -0.5969623 -0.319083 0.7360856
    outer loop
      vertex -0.620332 -0.3059139 0.7222222
      vertex -0.572822 -0.3307189 0.75
      vertex -0.5932256 -0.2925465 0.75
    endloop
  endfacet
  facet normal -0.5748151 -0.357443 0.7360856
    outer loop
      vertex -0.5989961 -0.3458305 0.7222222
      vertex -0.5750952 -0.3842663 0.7222222
      vertex -0.5499655 -0.3674752 0.75
    endloop
  endfacet
  facet normal -0.5748151 -0.357443 0.7360856
    outer loop
      vertex -0.5989961 -0.3458305 0.7222222
      vertex -0.5499655 -0.3674752 0.75
      vertex -0.572822 -0.3307189 0.75
    endloop
  endfacet
  facet normal -0.5502065 -0.3942724 0.7360856
    outer loop
      vertex -0.5750952 -0.3842663 0.7222222
      vertex -0.5487316 -0.4210566 0.7222222
      vertex -0.5247539 -0.4026578 0.75
    endloop
  endfacet
  facet normal -0.5502065 -0.3942724 0.7360856
    outer loop
      vertex -0.5750952 -0.3842663 0.7222222
      vertex -0.5247539 -0.4026578 0.75
      vertex -0.5499655 -0.3674752 0.75
    endloop
  endfacet
  facet normal -0.5232418 -0.4294135 0.7360856
    outer loop
      vertex -0.5487316 -0.4210566 0.7222222
      vertex -0.5200183 -0.4560438 0.7222222
      vertex -0.4972953 -0.4361163 0.75
    endloop
  endfacet
  facet normal -0.5232418 -0.4294135 0.7360856
    outer loop
      vertex -0.5487316 -0.4210566 0.7222222
      vertex -0.4972953 -0.4361163 0.75
      vertex -0.5247539 -0.4026578 0.75
    endloop
  endfacet
  facet normal -0.4940366 -0.4627157 0.7360856
    outer loop
      vertex -0.5200183 -0.4560438 0.7222222
      vertex -0.4890782 -0.4890782 0.7222222
      vertex -0.4677072 -0.4677072 0.75
    endloop
  endfacet
  facet normal -0.4940366 -0.4627157 0.7360856
    outer loop
      vertex -0.5200183 -0.4560438 0.7222222
      vertex -0.4677072 -0.4677072 0.75
      vertex -0.4972953 -0.4361163 0.75
    endloop
  endfacet
  facet normal -0.4627157 -0.4940366 0.7360856
    outer loop
      vertex -0.4890782 -0.4890782 0.7222222
      vertex -0.4560438 -0.5200183 0.7222222
      vertex -0.4361163 -0.4972953 0.75
    endloop
  endfacet
  facet normal -0.4627157 -0.4940366 0.7360856
    outer loop
      vertex -0.4890782 -0.4890782 0.7222222
      vertex -0.4361163 -0.4972953 0.75
      vertex -0.4677072 -0.4677072 0.75
    endloop
  endfacet
  facet normal -0.4294135 -0.5232418 0.7360856
    outer loop
      vertex -0.4560438 -0.5200183 0.7222222
      vertex -0.4210566 -0.5487316 0.7222222
      vertex -0.4026578 -0.5247539 0.75
    endloop
  endfacet
  facet normal -0.4294135 -0.5232418 0.7360856
    outer loop
      vertex -0.4560438 -0.5200183 0.7222222
      vertex -0.4026578 -0.5247539 0.75
      vertex -0.4361163 -0.4972953 0.75
    endloop
  endfacet
  facet normal -0.3942724 -0.5502065 0.7360856
    outer loop
      vertex -0.4210566 -0.5487316 0.7222222
      vertex -0.3842663 -0.5750952 0.7222222
      vertex -0.3674752 -0.5499655 0.75
    endloop
  endfacet
  facet normal -0.3942724 -0.5502065 0.7360856
    outer loop
      vertex -0.4210566 -0.5487316 0.7222222
      vertex -0.3674752 -0.5499655 0.75
      vertex -0.4026578 -0.5247539 0.75
    endloop
  endfacet
  facet normal -0.357443 -0.5748151 0.7360856
    outer loop
      vertex -0.3842663 -0.5750952 0.7222222
      vertex -0.3458305 -0.5989961 0.7222222
      vertex -0.3307189 -0.572822 0.75
    endloop
  endfacet
  facet normal -0.357443 -0.5748151 0.7360856
    outer loop
      vertex -0.3842663 -0.5750952 0.7222222
      vertex -0.3307189 -0.572822 0.75
      vertex -0.3674752 -0.5499655 0.75
    endloop
  endfacet
  facet normal -0.319083 -0.5969623 0.7360856
    outer loop
      vertex -0.3458305 -0.5989961 0.7222222
      vertex -0.3059139 -0.620332 0.7222222
      vertex -0.2925465 -0.5932256 0.75
    endloop
  endfacet
  facet normal -0.319083 -0.5969623 0.7360856
    outer loop
      vertex -0.3458305 -0.5989961 0.7222222
      vertex -0.2925465 -0.5932256 0.75
      vertex -0.3307189 -0.572822 0.75
    endloop
  endfacet
  facet normal -0.2793566 -0.6165532 0.7360856
    outer loop
      vertex -0.3059139 -0.620332 0.7222222
      vertex -0.2646872 -0.6390115 0.7222222
      vertex -0.2531213 -0.6110889 0.75
    endloop
  endfacet
  facet normal -0.2793566 -0.6165532 0.7360856
    outer loop
      vertex -0.3059139 -0.620332 0.7222222
      vertex -0.2531213 -0.6110889 0.75
      vertex -0.2925465 -0.5932256 0.75
    endloop
  endfacet
  facet normal -0.238434 -0.6335039 0.7360856
    outer loop
      vertex -0.2646872 -0.6390115 0.7222222
      vertex -0.2223272 -0.6549547 0.7222222
      vertex -0.2126122 -0.6263354 0.75
    endloop
  endfacet
  facet normal -0.238434 -0.6335039 0.7360856
    outer loop
      vertex -0.2646872 -0.6390115 0.7222222
      vertex -0.2126122 -0.6263354 0.75
      vertex -0.2531213 -0.6110889 0.75
    endloop
  endfacet
  facet normal -0.1964903 -0.6477419 0.7360856
    outer loop
      vertex -0.2223272 -0.6549547 0.7222222
      vertex -0.1790151 -0.6680933 0.7222222
      vertex -0.1711927 -0.6388999 0.75
    endloop
  endfacet
  facet normal -0.1964903 -0.6477419 0.7360856
    outer loop
      vertex -0.2223272 -0.6549547 0.7222222
      vertex -0.1711927 -0.6388999 0.75
      vertex -0.2126122 -0.6263354 0.75
    endloop
  endfacet
  facet normal -0.1537053 -0.6592061 0.7360856
    outer loop
      vertex -0.1790151 -0.6680933 0.7222222
      vertex -0.1349364 -0.678371 0.7222222
      vertex -0.1290401 -0.6487285 0.75
    endloop
  endfacet
  facet normal -0.1537053 -0.6592061 0.7360856
    outer loop
      vertex -0.1790151 -0.6680933 0.7222222
      vertex -0.1290401 -0.6487285 0.75
      vertex -0.1711927 -0.6388999 0.75
    endloop
  endfacet
  facet normal -0.1102621 -0.6678475 0.7360856
    outer loop
      vertex -0.1349364 -0.678371 0.7222222
      vertex -0.09027989 -0.6857438 0.7222222
      vertex -0.08633496 -0.6557791 0.75
    endloop
  endfacet
  facet normal -0.1102621 -0.6678475 0.7360856
    outer loop
      vertex -0.1349364 -0.678371 0.7222222
      vertex -0.08633496 -0.6557791 0.75
      vertex -0.1290401 -0.6487285 0.75
    endloop
  endfacet
  facet normal -0.06634667 -0.673629 0.7360856
    outer loop
      vertex -0.09027989 -0.6857438 0.7222222
      vertex -0.0452368 -0.6901802 0.7222222
      vertex -0.0432601 -0.6600216 0.75
    endloop
  endfacet
  facet normal -0.06634667 -0.673629 0.7360856
    outer loop
      vertex -0.09027989 -0.6857438 0.7222222
      vertex -0.0432601 -0.6600216 0.75
      vertex -0.08633496 -0.6557791 0.75
    endloop
  endfacet
  facet normal -0.02214717 -0.676526 0.7360856
    outer loop
      vertex -0.0452368 -0.6901802 0.7222222
      vertex -1.270561e-16 -0.6916611 0.7222222
      vertex -1.215042e-16 -0.6614378 0.75
    endloop
  endfacet
  facet normal -0.02214717 -0.676526 0.7360856
    outer loop
      vertex -0.0452368 -0.6901802 0.7222222
      vertex -1.215042e-16 -0.6614378 0.75
      vertex -0.0432601 -0.6600216 0.75
    endloop
  endfacet
  facet normal 0.02214717 -0.676526 0.7360856
    outer loop
      vertex -1.270561e-16 -0.6916611 0.7222222
      vertex 0.0452368 -0.6901802 0.7222222
      vertex 0.0432601 -0.6600216 0.75
    endloop
  endfacet
  facet normal 0.02214717 -0.676526 0.7360856
    outer loop
      vertex -1.270561e-16 -0.6916611 0.7222222
      vertex 0.0432601 -0.6600216 0.75
      vertex -1.215042e-16 -0.6614378 0.75
    endloop
  endfacet
  facet normal 0.06634667 -0.673629 0.7360856
    outer loop
      vertex 0.0452368 -0.6901802 0.7222222
      vertex 0.09027989 -0.6857438 0.7222222
      vertex 0.08633496 -0.6557791 0.75
    endloop
  endfacet
  facet normal 0.06634667 -0.673629 0.7360856
    outer loop
      vertex 0.0452368 -0.6901802 0.7222222
      vertex 0.08633496 -0.6557791 0.75
      vertex 0.0432601 -0.6600216 0.75
    endloop
  endfacet
  facet normal 0.1102621 -0.6678475 0.7360856
    outer loop
      vertex 0.09027989 -0.6857438 0.7222222
      vertex 0.1349364 -0.678371 0.7222222
      vertex 0.1290401 -0.6487285 0.75
    endloop
  endfacet
  facet normal 0.1102621 -0.6678475 0.7360856
    outer loop
      vertex 0.09027989 -0.6857438 0.7222222
      vertex 0.1290401 -0.6487285 0.75
      vertex 0.08633496 -0.6557791 0.75
    endloop
  endfacet
  facet normal 0.1537053 -0.6592061 0.7360856
    outer loop
      vertex 0.1349364 -0.678371 0.7222222
      vertex 0.1790151 -0.6680933 0.7222222
      vertex 0.1711927 -0.6388999 0.75
    endloop
  endfacet
  facet normal 0.1537053 -0.6592061 0.7360856
    outer loop
      vertex 0.1349364 -0.678371 0.7222222
      vertex 0.1711927 -0.6388999 0.75
      vertex 0.1290401 -0.6487285 0.75
    endloop
  endfacet
  facet normal 0.1964903 -0.6477419 0.7360856
    outer loop
      vertex 0.1790151 -0.6680933 0.7222222
      vertex 0.2223272 -0.6549547 0.7222222
      vertex 0.2126122 -0.6263354 0.75
    endloop
  endfacet
  facet normal 0.1964903 -0.6477419 0.7360856
    outer loop
      vertex 0.1790151 -0.6680933 0.7222222
      vertex 0.2126122 -0.6263354 0.75
      vertex 0.1711927 -0.6388999 0.75
    endloop
  endfacet
  facet normal 0.238434 -0.6335039 0.7360856
    outer loop
      vertex 0.2223272 -0.6549547 0.7222222
      vertex 0.2646872 -0.6390115 0.7222222
      vertex 0.2531213 -0.6110889 0.75
    endloop
  endfacet
  facet normal 0.238434 -0.6335039 0.7360856
    outer loop
      vertex 0.2223272 -0.6549547 0.7222222
      vertex 0.2531213 -0.6110889 0.75
      vertex 0.2126122 -0.6263354 0.75
    endloop
  endfacet
  facet normal 0.2793566 -0.6165532 0.7360856
    outer loop
      vertex 0.2646872 -0.6390115 0.7222222
      vertex 0.3059139 -0.620332 0.7222222
      vertex 0.2925465 -0.5932256 0.75
    endloop
  endfacet
  facet normal 0.2793566 -0.6165532 0.7360856
    outer loop
      vertex 0.2646872 -0.6390115 0.7222222
      vertex 0.2925465 -0.5932256 0.75
      vertex 0.2531213 -0.6110889 0.75
    endloop
  endfacet
  facet normal 0.319083 -0.5969623 0.7360856
    outer loop
      vertex 0.3059139 -0.620332 0.7222222
      vertex 0.3458305 -0.5989961 0.7222222
      vertex 0.3307189 -0.572822 0.75
    endloop
  endfacet
  facet normal 0.319083 -0.5969623 0.7360856
    outer loop
      vertex 0.3059139 -0.620332 0.7222222
      vertex 0.3307189 -0.572822 0.75
      vertex 0.2925465 -0.5932256 0.75
    endloop
  endfacet
  facet normal 0.357443 -0.5748151 0.7360856
    outer loop
      vertex 0.3458305 -0.5989961 0.7222222
      vertex 0.3842663 -0.5750952 0.7222222
      vertex 0.3674752 -0.5499655 0.75
    endloop
  endfacet
  facet normal 0.357443 -0.5748151 0.7360856
    outer loop
      vertex 0.3458305 -0.5989961 0.7222222
      vertex 0.3674752 -0.5499655 0.75
      vertex 0.3307189 -0.572822 0.75
    endloop
  endfacet
  facet normal 0.3942724 -0.5502065 0.7360856
    outer loop
      vertex 0.3842663 -0.5750952 0.7222222
      vertex 0.4210566 -0.5487316 0.7222222
      vertex 0.4026578 -0.5247539 0.75
    endloop
  endfacet
  facet normal 0.3942724 -0.5502065 0.7360856
    outer loop
      vertex 0.3842663 -0.5750952 0.7222222
      vertex 0.4026578 -0.5247539 0.75
      vertex 0.3674752 -0.5499655 0.75
    endloop
  endfacet
  facet normal 0.4294135 -0.5232418 0.7360856
    outer loop
      vertex 0.4210566 -0.5487316 0.7222222
      vertex 0.4560438 -0.5200183 0.7222222
      vertex 0.4361163 -0.4972953 0.75
    endloop
  endfacet
  facet normal 0.4294135 -0.5232418 0.7360856
    outer loop
      vertex 0.4210566 -0.5487316 0.7222222
      vertex 0.4361163 -0.4972953 0.75
      vertex 0.4026578 -0.5247539 0.75
    endloop
  endfacet
  facet normal 0.4627157 -0.4940366 0.7360856
    outer loop
      vertex 0.4560438 -0.5200183 0.7222222
      vertex 0.4890782 -0.4890782 0.7222222
      vertex 0.4677072 -0.4677072 0.75
    endloop
  endfacet
  facet normal 0.4627157 -0.4940366 0.7360856
    outer loop
      vertex 0.4560438 -0.5200183 0.7222222
      vertex 0.4677072 -0.4677072 0.75
      vertex 0.4361163 -0.4972953 0.75
    endloop
  endfacet
  facet normal 0.4940366 -0.4627157 0.7360856
    outer loop
      vertex 0.4890782 -0.4890782 0.7222222
      vertex 0.5200183 -0.4560438 0.7222222
      vertex 0.4972953 -0.4361163 0.75
    endloop
  endfacet
  facet normal 0.4940366 -0.4627157 0.7360856
    outer loop
      vertex 0.4890782 -0.4890782 0.7222222
      vertex 0.4972953 -0.4361163 0.75
      vertex 0.4677072 -0.4677072 0.75
    endloop
  endfacet
  facet normal 0.5232418 -0.4294135 0.7360856
    outer loop
      vertex 0.5200183 -0.4560438 0.7222222
      vertex 0.5487316 -0.4210566 0.7222222
      vertex 0.5247539 -0.4026578 0.75
    endloop
  endfacet
  facet normal 0.5232418 -0.4294135 0.7360856
    outer loop
      vertex 0.5200183 -0.4560438 0.7222222
      vertex 0.5247539 -0.4026578 0.75
      vertex 0.4972953 -0.4361163 0.75
    endloop
  endfacet
  facet normal 0.5502065 -0.3942724 0.7360856
    outer loop
      vertex 0.5487316 -0.4210566 0.7222222
      vertex 0.5750952 -0.3842663 0.7222222
      vertex 0.5499655 -0.3674752 0.75
    endloop
  endfacet
  facet normal 0.5502065 -0.3942724 0.7360856
    outer loop
      vertex 0.5487316 -0.4210566 0.7222222
      vertex 0.5499655 -0.3674752 0.75
      vertex 0.5247539 -0.4026578 0.75
    endloop
  endfacet
  facet normal 0.5748151 -0.357443 0.7360856
    outer loop
      vertex 0.5750952 -0.3842663 0.7222222
      vertex 0.5989961 -0.3458305 0.7222222
      vertex 0.572822 -0.3307189 0.75
    endloop
  endfacet
  facet normal 0.5748151 -0.357443 0.7360856
    outer loop
      vertex 0.5750952 -0.3842663 0.7222222
      vertex 0.572822 -0.3307189 0.75
      vertex 0.5499655 -0.3674752 0.75
    endloop
  endfacet
  facet normal 0.5969623 -0.319083 0.7360856
    outer loop
      vertex 0.5989961 -0.3458305 0.7222222
      vertex 0.620332 -0.3059139 0.7222222
      vertex 0.5932256 -0.2925465 0.75
    endloop
  endfacet
  facet normal 0.5969623 -0.319083 0.7360856
    outer loop
      vertex 0.5989961 -0.3458305 0.7222222
      vertex 0.5932256 -0.2925465 0.75
      vertex 0.572822 -0.3307189 0.75
    endloop
  endfacet
  facet normal 0.6165532 -0.2793566 0.7360856
    outer loop
      vertex 0.620332 -0.3059139 0.7222222
      vertex 0.6390115 -0.2646872 0.7222222
      vertex 0.6110889 -0.2531213 0.75
    endloop
  endfacet
  facet normal 0.6165532 -0.2793566 0.7360856
    outer loop
      vertex 0.620332 -0.3059139 0.7222222
      vertex 0.6110889 -0.2531213 0.75
      vertex 0.5932256 -0.2925465 0.75
    endloop
  endfacet
  facet normal 0.6335039 -0.238434 0.7360856
    outer loop
      vertex 0.6390115 -0.2646872 0.7222222
      vertex 0.6549547 -0.2223272 0.7222222
      vertex 0.6263354 -0.2126122 0.75
    endloop
  endfacet
  facet normal 0.6335039 -0.238434 0.7360856
    outer loop
      vertex 0.6390115 -0.2646872 0.7222222
      vertex 0.6263354 -0.2126122 0.75
      vertex 0.6110889 -0.2531213 0.75
    endloop
  endfacet
  facet normal 0.6477419 -0.1964903 0.7360856
    outer loop
      vertex 0.6549547 -0.2223272 0.7222222
      vertex 0.6680933 -0.1790151 0.7222222
      vertex 0.6388999 -0.1711927 0.75
    endloop
  endfacet
  facet normal 0.6477419 -0.1964903 0.7360856
    outer loop
      vertex 0.6549547 -0.2223272 0.7222222
      vertex 0.6388999 -0.1711927 0.75
      vertex 0.6263354 -0.2126122 0.75
    endloop
  endfacet
  facet normal 0.6592061 -0.1537053 0.7360856
    outer loop
      vertex 0.6680933 -0.1790151 0.7222222
      vertex 0.678371 -0.1349364 0.7222222
      vertex 0.6487285 -0.1290401 0.75
    endloop
  endfacet
  facet normal 0.6592061 -0.1537053 0.7360856
    outer loop
      vertex 0.6680933 -0.1790151 0.7222222
      vertex 0.6487285 -0.1290401 0.75
      vertex 0.6388999 -0.1711927 0.75
    endloop
  endfacet
  facet normal 0.6678475 -0.1102621 0.7360856
    outer loop
      vertex 0.678371 -0.1349364 0.7222222
      vertex 0.6857438 -0.09027989 0.7222222
      vertex 0.6557791 -0.08633496 0.75
    endloop
  endfacet
  facet normal 0.6678475 -0.1102621 0.7360856
    outer loop
      vertex 0.678371 -0.1349364 0.7222222
      vertex 0.6557791 -0.08633496 0.75
      vertex 0.6487285 -0.1290401 0.75
    endloop
  endfacet
  facet normal 0.673629 -0.06634667 0.7360856
    outer loop
      vertex 0.6857438 -0.09027989 0.7222222
      vertex 0.6901802 -0.0452368 0.7222222
      vertex 0.6600216 -0.0432601 0.75
    endloop
  endfacet
  facet normal 0.673629 -0.06634667 0.7360856
    outer loop
      vertex 0.6857438 -0.09027989 0.7222222
      vertex 0.6600216 -0.0432601 0.75
      vertex 0.6557791 -0.08633496 0.75
    endloop
  endfacet
  facet normal 0.676526 -0.02214717 0.7360856
    outer loop
      vertex 0.6901802 -0.0452368 0.7222222
      vertex 0.6916611 0 0.7222222
      vertex 0.6614378 0 0.75
    endloop
  endfacet
  facet normal 0.676526 -0.02214717 0.7360856
    outer loop
      vertex 0.6901802 -0.0452368 0.7222222
      vertex 0.6614378 0 0.75
      vertex 0.6600216 -0.0432601 0.75
    endloop
  endfacet
  facet normal 0.6449943 0.02111493 0.7638956
    outer loop
      vertex 0.6614378 0 0.75
      vertex 0.6600216 0.0432601 0.75
      vertex 0.6271936 0.04110844 0.7777778
    endloop
  endfacet
  facet normal 0.6449943 0.02111493 0.7638956
    outer loop
      vertex 0.6614378 0 0.75
      vertex 0.6271936 0.04110844 0.7777778
      vertex 0.6285394 0 0.7777778
    endloop
  endfacet
  facet normal 0.6422323 0.06325436 0.7638956
    outer loop
      vertex 0.6600216 0.0432601 0.75
      vertex 0.6557791 0.08633496 0.75
      vertex 0.6231621 0.08204085 0.7777778
    endloop
  endfacet
  facet normal 0.6422323 0.06325436 0.7638956
    outer loop
      vertex 0.6600216 0.0432601 0.75
      vertex 0.6231621 0.08204085 0.7777778
      vertex 0.6271936 0.04110844 0.7777778
    endloop
  endfacet
  facet normal 0.6367202 0.1051229 0.7638956
    outer loop
      vertex 0.6557791 0.08633496 0.75
      vertex 0.6487285 0.1290401 0.75
      vertex 0.6164622 0.1226219 0.7777778
    endloop
  endfacet
  facet normal 0.6367202 0.1051229 0.7638956
    outer loop
      vertex 0.6557791 0.08633496 0.75
      vertex 0.6164622 0.1226219 0.7777778
      vertex 0.6231621 0.08204085 0.7777778
    endloop
  endfacet
  facet normal 0.6284816 0.1465414 0.7638956
    outer loop
      vertex 0.6487285 0.1290401 0.75
      vertex 0.6388999 0.1711927 0.75
      vertex 0.6071224 0.162678 0.7777778
    endloop
  endfacet
  facet normal 0.6284816 0.1465414 0.7638956
    outer loop
      vertex 0.6487285 0.1290401 0.75
      vertex 0.6071224 0.162678 0.7777778
      vertex 0.6164622 0.1226219 0.7777778
    endloop
  endfacet
  facet normal 0.6175517 0.1873323 0.7638956
    outer loop
      vertex 0.6388999 0.1711927 0.75
      vertex 0.6263354 0.2126122 0.75
      vertex 0.5951829 0.2020374 0.7777778
    endloop
  endfacet
  facet normal 0.6175517 0.1873323 0.7638956
    outer loop
      vertex 0.6388999 0.1711927 0.75
      vertex 0.5951829 0.2020374 0.7777778
      vertex 0.6071224 0.162678 0.7777778
    endloop
  endfacet
  facet normal 0.6039774 0.227321 0.7638956
    outer loop
      vertex 0.6263354 0.2126122 0.75
      vertex 0.6110889 0.2531213 0.75
      vertex 0.5806947 0.2405316 0.7777778
    endloop
  endfacet
  facet normal 0.6039774 0.227321 0.7638956
    outer loop
      vertex 0.6263354 0.2126122 0.75
      vertex 0.5806947 0.2405316 0.7777778
      vertex 0.5951829 0.2020374 0.7777778
    endloop
  endfacet
  facet normal 0.5878167 0.2663363 0.7638956
    outer loop
      vertex 0.6110889 0.2531213 0.75
      vertex 0.5932256 0.2925465 0.75
      vertex 0.5637198 0.2779959 0.7777778
    endloop
  endfacet
  facet normal 0.5878167 0.2663363 0.7638956
    outer loop
      vertex 0.6110889 0.2531213 0.75
      vertex 0.5637198 0.2779959 0.7777778
      vertex 0.5806947 0.2405316 0.7777778
    endloop
  endfacet
  facet normal 0.5691389 0.3042111 0.7638956
    outer loop
      vertex 0.5932256 0.2925465 0.75
      vertex 0.572822 0.3307189 0.75
      vertex 0.5443311 0.3142697 0.7777778
    endloop
  endfacet
  facet normal 0.5691389 0.3042111 0.7638956
    outer loop
      vertex 0.5932256 0.2925465 0.75
      vertex 0.5443311 0.3142697 0.7777778
      vertex 0.5637198 0.2779959 0.7777778
    endloop
  endfacet
  facet normal 0.548024 0.3407832 0.7638956
    outer loop
      vertex 0.572822 0.3307189 0.75
      vertex 0.5499655 0.3674752 0.75
      vertex 0.5226114 0.3491978 0.7777778
    endloop
  endfacet
  facet normal 0.548024 0.3407832 0.7638956
    outer loop
      vertex 0.572822 0.3307189 0.75
      vertex 0.5226114 0.3491978 0.7777778
      vertex 0.5443311 0.3142697 0.7777778
    endloop
  endfacet
  facet normal 0.5245623 0.375896 0.7638956
    outer loop
      vertex 0.5499655 0.3674752 0.75
      vertex 0.5247539 0.4026578 0.75
      vertex 0.4986538 0.3826305 0.7777778
    endloop
  endfacet
  facet normal 0.5245623 0.375896 0.7638956
    outer loop
      vertex 0.5499655 0.3674752 0.75
      vertex 0.4986538 0.3826305 0.7777778
      vertex 0.5226114 0.3491978 0.7777778
    endloop
  endfacet
  facet normal 0.4988544 0.4093992 0.7638956
    outer loop
      vertex 0.5247539 0.4026578 0.75
      vertex 0.4972953 0.4361163 0.75
      vertex 0.4725609 0.4144248 0.7777778
    endloop
  endfacet
  facet normal 0.4988544 0.4093992 0.7638956
    outer loop
      vertex 0.5247539 0.4026578 0.75
      vertex 0.4725609 0.4144248 0.7777778
      vertex 0.4986538 0.3826305 0.7777778
    endloop
  endfacet
  facet normal 0.4710103 0.4411493 0.7638956
    outer loop
      vertex 0.4972953 0.4361163 0.75
      vertex 0.4677072 0.4677072 0.75
      vertex 0.4444444 0.4444444 0.7777778
    endloop
  endfacet
  facet normal 0.4710103 0.4411493 0.7638956
    outer loop
      vertex 0.4972953 0.4361163 0.75
      vertex 0.4444444 0.4444444 0.7777778
      vertex 0.4725609 0.4144248 0.7777778
    endloop
  endfacet
  facet normal 0.4411493 0.4710103 0.7638956
    outer loop
      vertex 0.4677072 0.4677072 0.75
      vertex 0.4361163 0.4972953 0.75
      vertex 0.4144248 0.4725609 0.7777778
    endloop
  endfacet
  facet normal 0.4411493 0.4710103 0.7638956
    outer loop
      vertex 0.4677072 0.4677072 0.75
      vertex 0.4144248 0.4725609 0.7777778
      vertex 0.4444444 0.4444444 0.7777778
    endloop
  endfacet
  facet normal 0.4093992 0.4988544 0.7638956
    outer loop
      vertex 0.4361163 0.4972953 0.75
      vertex 0.4026578 0.5247539 0.75
      vertex 0.3826305 0.4986538 0.7777778
    endloop
  endfacet
  facet normal 0.4093992 0.4988544 0.7638956
    outer loop
      vertex 0.4361163 0.4972953 0.75
      vertex 0.3826305 0.4986538 0.7777778
      vertex 0.4144248 0.4725609 0.7777778
    endloop
  endfacet
  facet normal 0.375896 0.5245623 0.7638956
    outer loop
      vertex 0.4026578 0.5247539 0.75
      vertex 0.3674752 0.5499655 0.75
      vertex 0.3491978 0.5226114 0.7777778
    endloop
  endfacet
  facet normal 0.375896 0.5245623 0.7638956
    outer loop
      vertex 0.4026578 0.5247539 0.75
      vertex 0.3491978 0.5226114 0.7777778
      vertex 0.3826305 0.4986538 0.7777778
    endloop
  endfacet
  facet normal 0.3407832 0.548024 0.7638956
    outer loop
      vertex 0.3674752 0.5499655 0.75
      vertex 0.3307189 0.572822 0.75
      vertex 0.3142697 0.5443311 0.7777778
    endloop
  endfacet
  facet normal 0.3407832 0.548024 0.7638956
    outer loop
      vertex 0.3674752 0.5499655 0.75
      vertex 0.3142697 0.5443311 0.7777778
      vertex 0.3491978 0.5226114 0.7777778
    endloop
  endfacet
  facet normal 0.3042111 0.5691389 0.7638956
    outer loop
      vertex 0.3307189 0.572822 0.75
      vertex 0.2925465 0.5932256 0.75
      vertex 0.2779959 0.5637198 0.7777778
    endloop
  endfacet
  facet normal 0.3042111 0.5691389 0.7638956
    outer loop
      vertex 0.3307189 0.572822 0.75
      vertex 0.2779959 0.5637198 0.7777778
      vertex 0.3142697 0.5443311 0.7777778
    endloop
  endfacet
  facet normal 0.2663363 0.5878167 0.7638956
    outer loop
      vertex 0.2925465 0.5932256 0.75
      vertex 0.2531213 0.6110889 0.75
      vertex 0.2405316 0.5806947 0.7777778
    endloop
  endfacet
  facet normal 0.2663363 0.5878167 0.7638956
    outer loop
      vertex 0.2925465 0.5932256 0.75
      vertex 0.2405316 0.5806947 0.7777778
      vertex 0.2779959 0.5637198 0.7777778
    endloop
  endfacet
  facet normal 0.227321 0.6039774 0.7638956
    outer loop
      vertex 0.2531213 0.6110889 0.75
      vertex 0.2126122 0.6263354 0.75
      vertex 0.2020374 0.5951829 0.7777778
    endloop
  endfacet
  facet normal 0.227321 0.6039774 0.7638956
    outer loop
      vertex 0.2531213 0.6110889 0.75
      vertex 0.2020374 0.5951829 0.7777778
      vertex 0.2405316 0.5806947 0.7777778
    endloop
  endfacet
  facet normal 0.1873323 0.6175517 0.7638956
    outer loop
      vertex 0.2126122 0.6263354 0.75
      vertex 0.1711927 0.6388999 0.75
      vertex 0.162678 0.6071224 0.7777778
    endloop
  endfacet
  facet normal 0.1873323 0.6175517 0.7638956
    outer loop
      vertex 0.2126122 0.6263354 0.75
      vertex 0.162678 0.6071224 0.7777778
      vertex 0.2020374 0.5951829 0.7777778
    endloop
  endfacet
  facet normal 0.1465414 0.6284816 0.7638956
    outer loop
      vertex 0.1711927 0.6388999 0.75
      vertex 0.1290401 0.6487285 0.75
      vertex 0.1226219 0.6164622 0.7777778
    endloop
  endfacet
  facet normal 0.1465414 0.6284816 0.7638956
    outer loop
      vertex 0.1711927 0.6388999 0.75
      vertex 0.1226219 0.6164622 0.7777778
      vertex 0.162678 0.6071224 0.7777778
    endloop
  endfacet
  facet normal 0.1051229 0.6367202 0.7638956
    outer loop
      vertex 0.1290401 0.6487285 0.75
      vertex 0.08633496 0.6557791 0.75
      vertex 0.08204085 0.6231621 0.7777778
    endloop
  endfacet
  facet normal 0.1051229 0.6367202 0.7638956
    outer loop
      vertex 0.1290401 0.6487285 0.75
      vertex 0.08204085 0.6231621 0.7777778
      vertex 0.1226219 0.6164622 0.7777778
    endloop
  endfacet
  facet normal 0.06325436 0.6422323 0.7638956
    outer loop
      vertex 0.08633496 0.6557791 0.75
      vertex 0.0432601 0.6600216 0.75
      vertex 0.04110844 0.6271936 0.7777778
    endloop
  endfacet
  facet normal 0.06325436 0.6422323 0.7638956
    outer loop
      vertex 0.08633496 0.6557791 0.75
      vertex 0.04110844 0.6271936 0.7777778
      vertex 0.08204085 0.6231621 0.7777778
    endloop
  endfacet
  facet normal 0.02111493 0.6449943 0.7638956
    outer loop
      vertex 0.0432601 0.6600216 0.75
      vertex 4.050139e-17 0.6614378 0.75
      vertex 3.848694e-17 0.6285394 0.7777778
    endloop
  endfacet
  facet normal 0.02111493 0.6449943 0.7638956
    outer loop
      vertex 0.0432601 0.6600216 0.75
      vertex 3.848694e-17 0.6285394 0.7777778
      vertex 0.04110844 0.6271936 0.7777778
    endloop
  endfacet
  facet normal -0.02111493 0.6449943 0.7638956
    outer loop
      vertex 4.050139e-17 0.6614378 0.75
      vertex -0.0432601 0.6600216 0.75
      vertex -0.04110844 0.6271936 0.7777778
    endloop
  endfacet
  facet normal -0.02111493 0.6449943 0.7638956
    outer loop
      vertex 4.050139e-17 0.6614378 0.75
      vertex -0.04110844 0.6271936 0.7777778
      vertex 3.848694e-17 0.6285394 0.7777778
    endloop
  endfacet
  facet normal -0.06325436 0.6422323 0.7638956
    outer loop
      vertex -0.0432601 0.6600216 0.75
      vertex -0.08633496 0.6557791 0.75
      vertex -0.08204085 0.6231621 0.7777778
    endloop
  endfacet
  facet normal -0.06325436 0.6422323 0.7638956
    outer loop
      vertex -0.0432601 0.6600216 0.75
      vertex -0.08204085 0.6231621 0.7777778
      vertex -0.04110844 0.6271936 0.7777778
    endloop
  endfacet
  facet normal -0.1051229 0.6367202 0.7638956
    outer loop
      vertex -0.08633496 0.6557791 0.75
      vertex -0.1290401 0.6487285 0.75
      vertex -0.1226219 0.6164622 0.7777778
    endloop
  endfacet
  facet normal -0.1051229 0.6367202 0.7638956
    outer loop
      vertex -0.08633496 0.6557791 0.75
      vertex -0.1226219 0.6164622 0.7777778
      vertex -0.08204085 0.6231621 0.7777778
    endloop
  endfacet
  facet normal -0.1465414 0.6284816 0.7638956
    outer loop
      vertex -0.1290401 0.6487285 0.75
      vertex -0.1711927 0.6388999 0.75
      vertex -0.162678 0.6071224 0.7777778
    endloop
  endfacet
  facet normal -0.1465414 0.6284816 0.7638956
    outer loop
      vertex -0.1290401 0.6487285 0.75
      vertex -0.162678 0.6071224 0.7777778
      vertex -0.1226219 0.6164622 0.7777778
    endloop
  endfacet
  facet normal -0.1873323 0.6175517 0.7638956
    outer loop
      vertex -0.1711927 0.6388999 0.75
      vertex -0.2126122 0.6263354 0.75
      vertex -0.2020374 0.5951829 0.7777778
    endloop
  endfacet
  facet normal -0.1873323 0.6175517 0.7638956
    outer loop
      vertex -0.1711927 0.6388999 0.75
      vertex -0.2020374 0.5951829 0.7777778
      vertex -0.162678 0.6071224 0.7777778
    endloop
  endfacet
  facet normal -0.227321 0.6039774 0.7638956
    outer loop
      vertex -0.2126122 0.6263354 0.75
      vertex -0.2531213 0.6110889 0.75
      vertex -0.2405316 0.5806947 0.7777778
    endloop
  endfacet
  facet normal -0.227321 0.6039774 0.7638956
    outer loop
      vertex -0.2126122 0.6263354 0.75
      vertex -0.2405316 0.5806947 0.7777778
      vertex -0.2020374 0.5951829 0.7777778
    endloop
  endfacet
  facet normal -0.2663363 0.5878167 0.7638956
    outer loop
      vertex -0.2531213 0.6110889 0.75
      vertex -0.2925465 0.5932256 0.75
      vertex -0.2779959 0.5637198 0.7777778
    endloop
  endfacet
  facet normal -0.2663363 0.5878167 0.7638956
    outer loop
      vertex -0.2531213 0.6110889 0.75
      vertex -0.2779959 0.5637198 0.7777778
      vertex -0.2405316 0.5806947 0.7777778
    endloop
  endfacet
  facet normal -0.3042111 0.5691389 0.7638956
    outer loop
      vertex -0.2925465 0.5932256 0.75
      vertex -0.3307189 0.572822 0.75
      vertex -0.3142697 0.5443311 0.7777778
    endloop
  endfacet
  facet normal -0.3042111 0.5691389 0.7638956
    outer loop
      vertex -0.2925465 0.5932256 0.75
      vertex -0.3142697 0.5443311 0.7777778
      vertex -0.2779959 0.5637198 0.7777778
    endloop
  endfacet
  facet normal -0.3407832 0.548024 0.7638956
    outer loop
      vertex -0.3307189 0.572822 0.75
      vertex -0.3674752 0.5499655 0.75
      vertex -0.3491978 0.5226114 0.7777778
    endloop
  endfacet
  facet normal -0.3407832 0.548024 0.7638956
    outer loop
      vertex -0.3307189 0.572822 0.75
      vertex -0.3491978 0.5226114 0.7777778
      vertex -0.3142697 0.5443311 0.7777778
    endloop
  endfacet
  facet normal -0.375896 0.5245623 0.7638956
    outer loop
      vertex -0.3674752 0.5499655 0.75
      vertex -0.4026578 0.5247539 0.75
      vertex -0.3826305 0.4986538 0.7777778
    endloop
  endfacet
  facet normal -0.375896 0.5245623 0.7638956
    outer loop
      vertex -0.3674752 0.5499655 0.75
      vertex -0.3826305 0.4986538 0.7777778
      vertex -0.3491978 0.5226114 0.7777778
    endloop
  endfacet
  facet normal -0.4093992 0.4988544 0.7638956
    outer loop
      vertex -0.4026578 0.5247539 0.75
      vertex -0.4361163 0.4972953 0.75
      vertex -0.4144248 0.4725609 0.7777778
    endloop
  endfacet
  facet normal -0.4093992 0.4988544 0.7638956
    outer loop
      vertex -0.4026578 0.5247539 0.75
      vertex -0.4144248 0.4725609 0.7777778
      vertex -0.3826305 0.4986538 0.7777778
    endloop
  endfacet
  facet normal -0.4411493 0.4710103 0.7638956
    outer loop
      vertex -0.4361163 0.4972953 0.75
      vertex -0.4677072 0.4677072 0.75
      vertex -0.4444444 0.4444444 0.7777778
    endloop
  endfacet
  facet normal -0.4411493 0.4710103 0.7638956
    outer loop
      vertex -0.4361163 0.4972953 0.75
      vertex -0.4444444 0.4444444 0.7777778
      vertex -0.4144248 0.4725609 0.7777778
    endloop
  endfacet
  facet normal -0.4710103 0.4411493 0.7638956
    outer loop
      vertex -0.4677072 0.4677072 0.75
      vertex -0.4972953 0.4361163 0.75
      vertex -0.4725609 0.4144248 0.7777778
    endloop
  endfacet
  facet normal -0.4710103 0.4411493 0.7638956
    outer loop
      vertex -0.4677072 0.4677072 0.75
      vertex -0.4725609 0.4144248 0.7777778
      vertex -0.4444444 0.4444444 0.7777778
    endloop
  endfacet
  facet normal -0.4988544 0.4093992 0.7638956
    outer loop
      vertex -0.4972953 0.4361163 0.75
      vertex -0.5247539 0.4026578 0.75
      vertex -0.4986538 0.3826305 0.7777778
    endloop
  endfacet
  facet normal -0.4988544 0.4093992 0.7638956
    outer loop
      vertex -0.4972953 0.4361163 0.75
      vertex -0.4986538 0.3826305 0.7777778
      vertex -0.4725609 0.4144248 0.7777778
    endloop
  endfacet
  facet normal -0.5245623 0.375896 0.7638956
    outer loop
      vertex -0.5247539 0.4026578 0.75
      vertex -0.5499655 0.3674752 0.75
      vertex -0.5226114 0.3491978 0.7777778
    endloop
  endfacet
  facet normal -0.5245623 0.375896 0.7638956
    outer loop
      vertex -0.5247539 0.4026578 0.75
      vertex -0.5226114 0.3491978 0.7777778
      vertex -0.4986538 0.3826305 0.7777778
    endloop
  endfacet
  facet normal -0.548024 0.3407832 0.7638956
    outer loop
      vertex -0.5499655 0.3674752 0.75
      vertex -0.572822 0.3307189 0.75
      vertex -0.5443311 0.3142697 0.7777778
    endloop
  endfacet
  facet normal -0.548024 0.3407832 0.7638956
    outer loop
      vertex -0.5499655 0.3674752 0.75
      vertex -0.5443311 0.3142697 0.7777778
      vertex -0.5226114 0.3491978 0.7777778
    endloop
  endfacet
  facet normal -0.5691389 0.3042111 0.7638956
    outer loop
      vertex -0.572822 0.3307189 0.75
      vertex -0.5932256 0.2925465 0.75
      vertex -0.5637198 0.2779959 0.7777778
    endloop
  endfacet
  facet normal -0.5691389 0.3042111 0.7638956
    outer loop
      vertex -0.572822 0.3307189 0.75
      vertex -0.5637198 0.2779959 0.7777778
      vertex -0.5443311 0.3142697 0.7777778
    endloop
  endfacet
  facet normal -0.5878167 0.2663363 0.7638956
    outer loop
      vertex -0.5932256 0.2925465 0.75
      vertex -0.6110889 0.2531213 0.75
      vertex -0.5806947 0.2405316 0.7777778
    endloop
  endfacet
  facet normal -0.5878167 0.2663363 0.7638956
    outer loop
      vertex -0.5932256 0.2925465 0.75
      vertex -0.5806947 0.2405316 0.7777778
      vertex -0.5637198 0.2779959 0.7777778
    endloop
  endfacet
  facet normal -0.6039774 0.227321 0.7638956
    outer loop
      vertex -0.6110889 0.2531213 0.75
      vertex -0.6263354 0.2126122 0.75
      vertex -0.5951829 0.2020374 0.7777778
    endloop
  endfacet
  facet normal -0.6039774 0.227321 0.7638956
    outer loop
      vertex -0.6110889 0.2531213 0.75
      vertex -0.5951829 0.2020374 0.7777778
      vertex -0.5806947 0.2405316 0.7777778
    endloop
  endfacet
  facet normal -0.6175517 0.1873323 0.7638956
    outer loop
      vertex -0.6263354 0.2126122 0.75
      vertex -0.6388999 0.1711927 0.75
      vertex -0.6071224 0.162678 0.7777778
    endloop
  endfacet
  facet normal -0.6175517 0.1873323 0.7638956
    outer loop
      vertex -0.6263354 0.2126122 0.75
      vertex -0.6071224 0.162678 0.7777778
      vertex -0.5951829 0.2020374 0.7777778
    endloop
  endfacet
  facet normal -0.6284816 0.1465414 0.7638956
    outer loop
      vertex -0.6388999 0.1711927 0.75
      vertex -0.6487285 0.1290401 0.75
      vertex -0.6164622 0.1226219 0.7777778
    endloop
  endfacet
  facet normal -0.6284816 0.1465414 0.7638956
    outer loop
      vertex -0.6388999 0.1711927 0.75
      vertex -0.6164622 0.1226219 0.7777778
      vertex -0.6071224 0.162678 0.7777778
    endloop
  endfacet
  facet normal -0.6367202 0.1051229 0.7638956
    outer loop
      vertex -0.6487285 0.1290401 0.75
      vertex -0.6557791 0.08633496 0.75
      vertex -0.6231621 0.08204085 0.7777778
    endloop
  endfacet
  facet normal -0.6367202 0.1051229 0.7638956
    outer loop
      vertex -0.6487285 0.1290401 0.75
      vertex -0.6231621 0.08204085 0.7777778
      vertex -0.6164622 0.1226219 0.7777778
    endloop
  endfacet
  facet normal -0.6422323 0.06325436 0.7638956
    outer loop
      vertex -0.6557791 0.08633496 0.75
      vertex -0.6600216 0.0432601 0.75
      vertex -0.6271936 0.04110844 0.7777778
    endloop
  endfacet
  facet normal -0.6422323 0.06325436 0.7638956
    outer loop
      vertex -0.6557791 0.08633496 0.75
      vertex -0.6271936 0.04110844 0.7777778
      vertex -0.6231621 0.08204085 0.7777778
    endloop
  endfacet
  facet normal -0.6449943 0.02111493 0.7638956
    outer loop
      vertex -0.6600216 0.0432601 0.75
      vertex -0.6614378 8.100277e-17 0.75
      vertex -0.6285394 7.697387e-17 0.7777778
    endloop
  endfacet
  facet normal -0.6449943 0.02111493 0.7638956
    outer loop
      vertex -0.6600216 0.0432601 0.75
      vertex -0.6285394 7.697387e-17 0.7777778
      vertex -0.6271936 0.04110844 0.7777778
    endloop
  endfacet
  facet normal -0.6449943 -0.02111493 0.7638956
    outer loop
      vertex -0.6614378 8.100277e-17 0.75
      vertex -0.6600216 -0.0432601 0.75
      vertex -0.6271936 -0.04110844 0.7777778
    endloop
  endfacet
  facet normal -0.6449943 -0.02111493 0.7638956
    outer loop
      vertex -0.6614378 8.100277e-17 0.75
      vertex -0.6271936 -0.04110844 0.7777778
      vertex -0.6285394 7.697387e-17 0.7777778
    endloop
  endfacet
  facet normal -0.6422323 -0.06325436 0.7638956
    outer loop
      vertex -0.6600216 -0.0432601 0.75
      vertex -0.6557791 -0.08633496 0.75
      vertex -0.6231621 -0.08204085 0.7777778
    endloop
  endfacet
  facet normal -0.6422323 -0.06325436 0.7638956
    outer loop
      vertex -0.6600216 -0.0432601 0.75
      vertex -0.6231621 -0.08204085 0.7777778
      vertex -0.6271936 -0.04110844 0.7777778
    endloop
  endfacet
  facet normal -0.6367202 -0.1051229 0.7638956
    outer loop
      vertex -0.6557791 -0.08633496 0.75
      vertex -0.6487285 -0.1290401 0.75
      vertex -0.6164622 -0.1226219 0.7777778
    endloop
  endfacet
  facet normal -0.6367202 -0.1051229 0.7638956
    outer loop
      vertex -0.6557791 -0.08633496 0.75
      vertex -0.6164622 -0.1226219 0.7777778
      vertex -0.6231621 -0.08204085 0.7777778
    endloop
  endfacet
  facet normal -0.6284816 -0.1465414 0.7638956
    outer loop
      vertex -0.6487285 -0.1290401 0.75
      vertex -0.6388999 -0.1711927 0.75
      vertex -0.6071224 -0.162678 0.7777778
    endloop
  endfacet
  facet normal -0.6284816 -0.1465414 0.7638956
    outer loop
      vertex -0.6487285 -0.1290401 0.75
      vertex -0.6071224 -0.162678 0.7777778
      vertex -0.6164622 -0.1226219 0.7777778
    endloop
  endfacet
  facet normal -0.6175517 -0.1873323 0.7638956
    outer loop
      vertex -0.6388999 -0.1711927 0.75
      vertex -0.6263354 -0.2126122 0.75
      vertex -0.5951829 -0.2020374 0.7777778
    endloop
  endfacet
  facet normal -0.6175517 -0.1873323 0.7638956
    outer loop
      vertex -0.6388999 -0.1711927 0.75
      vertex -0.5951829 -0.2020374 0.7777778
      vertex -0.6071224 -0.162678 0.7777778
    endloop
  endfacet
  facet normal -0.6039774 -0.227321 0.7638956
    outer loop
      vertex -0.6263354 -0.2126122 0.75
      vertex -0.6110889 -0.2531213 0.75
      vertex -0.5806947 -0.2405316 0.7777778
    endloop
  endfacet
  facet normal -0.6039774 -0.227321 0.7638956
    outer loop
      vertex -0.6263354 -0.2126122 0.75
      vertex -0.5806947 -0.2405316 0.7777778
      vertex -0.5951829 -0.2020374 0.7777778
    endloop
  endfacet
  facet normal -0.5878167 -0.2663363 0.7638956
    outer loop
      vertex -0.6110889 -0.2531213 0.75
      vertex -0.5932256 -0.2925465 0.75
      vertex -0.5637198 -0.2779959 0.7777778
    endloop
  endfacet
  facet normal -0.5878167 -0.2663363 0.7638956
    outer loop
      vertex -0.6110889 -0.2531213 0.75
      vertex -0.5637198 -0.2779959 0.7777778
      vertex -0.5806947 -0.2405316 0.7777778
    endloop
  endfacet
  facet normal -0.5691389 -0.3042111 0.7638956
    outer loop
      vertex -0.5932256 -0.2925465 0.75
      vertex -0.572822 -0.3307189 0.75
      vertex -0.5443311 -0.3142697 0.7777778
    endloop
  endfacet
  facet normal -0.5691389 -0.3042111 0.7638956
    outer loop
      vertex -0.5932256 -0.2925465 0.75
      vertex -0.5443311 -0.3142697 0.7777778
      vertex -0.5637198 -0.2779959 0.7777778
    endloop
  endfacet
  facet normal -0.548024 -0.3407832 0.7638956
    outer loop
      vertex -0.572822 -0.3307189 0.75
      vertex -0.5499655 -0.3674752 0.75
      vertex -0.5226114 -0.3491978 0.7777778
    endloop
  endfacet
  facet normal -0.548024 -0.3407832 0.7638956
    outer loop
      vertex -0.572822 -0.3307189 0.75
      vertex -0.5226114 -0.3491978 0.7777778
      vertex -0.5443311 -0.3142697 0.7777778
    endloop
  endfacet
  facet normal -0.5245623 -0.375896 0.7638956
    outer loop
      vertex -0.5499655 -0.3674752 0.75
      vertex -0.5247539 -0.4026578 0.75
      vertex -0.4986538 -0.3826305 0.7777778
    endloop
  endfacet
  facet normal -0.5245623 -0.375896 0.7638956
    outer loop
      vertex -0.5499655 -0.3674752 0.75
      vertex -0.4986538 -0.3826305 0.7777778
      vertex -0.5226114 -0.3491978 0.7777778
    endloop
  endfacet
  facet normal -0.4988544 -0.4093992 0.7638956
    outer loop
      vertex -0.5247539 -0.4026578 0.75
      vertex -0.4972953 -0.4361163 0.75
      vertex -0.4725609 -0.4144248 0.7777778
    endloop
  endfacet
  facet normal -0.4988544 -0.4093992 0.7638956
    outer loop
      vertex -0.5247539 -0.4026578 0.75
      vertex -0.4725609 -0.4144248 0.7777778
      vertex -0.4986538 -0.3826305 0.7777778
    endloop
  endfacet
  facet normal -0.4710103 -0.4411493 0.7638956
    outer loop
      vertex -0.4972953 -0.4361163 0.75
      vertex -0.4677072 -0.4677072 0.75
      vertex -0.4444444 -0.4444444 0.7777778
    endloop
  endfacet
  facet normal -0.4710103 -0.4411493 0.7638956
    outer loop
      vertex -0.4972953 -0.4361163 0.75
      vertex -0.4444444 -0.4444444 0.7777778
      vertex -0.4725609 -0.4144248 0.7777778
    endloop
  endfacet
  facet normal -0.4411493 -0.4710103 0.7638956
    outer loop
      vertex -0.4677072 -0.4677072 0.75
      vertex -0.4361163 -0.4972953 0.75
      vertex -0.4144248 -0.4725609 0.7777778
    endloop
  endfacet
  facet normal -0.4411493 -0.4710103 0.7638956
    outer loop
      vertex -0.4677072 -0.4677072 0.75
      vertex -0.4144248 -0.4725609 0.7777778
      vertex -0.4444444 -0.4444444 0.7777778
    endloop
  endfacet
  facet normal -0.4093992 -0.4988544 0.7638956
    outer loop
      vertex -0.4361163 -0.4972953 0.75
      vertex -0.4026578 -0.5247539 0.75
      vertex -0.3826305 -0.4986538 0.7777778
    endloop
  endfacet
  facet normal -0.4093992 -0.4988544 0.7638956
    outer loop
      vertex -0.4361163 -0.4972953 0.75
      vertex -0.3826305 -0.4986538 0.7777778
      vertex -0.4144248 -0.4725609 0.7777778
    endloop
  endfacet
  facet normal -0.375896 -0.5245623 0.7638956
    outer loop
      vertex -0.4026578 -0.5247539 0.75
      vertex -0.3674752 -0.5499655 0.75
      vertex -0.3491978 -0.5226114 0.7777778
    endloop
  endfacet
  facet normal -0.375896 -0.5245623 0.7638956
    outer loop
      vertex -0.4026578 -0.5247539 0.75
      vertex -0.3491978 -0.5226114 0.7777778
      vertex -0.3826305 -0.4986538 0.7777778
    endloop
  endfacet
  facet normal -0.3407832 -0.548024 0.7638956
    outer loop
      vertex -0.3674752 -0.5499655 0.75
      vertex -0.3307189 -0.572822 0.75
      vertex -0.3142697 -0.5443311 0.7777778
    endloop
  endfacet
  facet normal -0.3407832 -0.548024 0.7638956
    outer loop
      vertex -0.3674752 -0.5499655 0.75
      vertex -0.3142697 -0.5443311 0.7777778
      vertex -0.3491978 -0.5226114 0.7777778
    endloop
  endfacet
  facet normal -0.3042111 -0.5691389 0.7638956
    outer loop
      vertex -0.3307189 -0.572822 0.75
      vertex -0.2925465 -0.5932256 0.75
      vertex -0.2779959 -0.5637198 0.7777778
    endloop
  endfacet
  facet normal -0.3042111 -0.5691389 0.7638956
    outer loop
      vertex -0.3307189 -0.572822 0.75
      vertex -0.2779959 -0.5637198 0.7777778
      vertex -0.3142697 -0.5443311 0.7777778
    endloop
  endfacet
  facet normal -0.2663363 -0.5878167 0.7638956
    outer loop
      vertex -0.2925465 -0.5932256 0.75
      vertex -0.2531213 -0.6110889 0.75
      vertex -0.2405316 -0.5806947 0.7777778
    endloop
  endfacet
  facet normal -0.2663363 -0.5878167 0.7638956
    outer loop
      vertex -0.2925465 -0.5932256 0.75
      vertex -0.2405316 -0.5806947 0.7777778
      vertex -0.2779959 -0.5637198 0.7777778
    endloop
  endfacet
  facet normal -0.227321 -0.6039774 0.7638956
    outer loop
      vertex -0.2531213 -0.6110889 0.75
      vertex -0.2126122 -0.6263354 0.75
      vertex -0.2020374 -0.5951829 0.7777778
    endloop
  endfacet
  facet normal -0.227321 -0.6039774 0.7638956
    outer loop
      vertex -0.2531213 -0.6110889 0.75
      vertex -0.2020374 -0.5951829 0.7777778
      vertex -0.2405316 -0.5806947 0.7777778
    endloop
  endfacet
  facet normal -0.1873323 -0.6175517 0.7638956
    outer loop
      vertex -0.2126122 -0.6263354 0.75
      vertex -0.1711927 -0.6388999 0.75
      vertex -0.162678 -0.6071224 0.7777778
    endloop
  endfacet
  facet normal -0.1873323 -0.6175517 0.7638956
    outer loop
      vertex -0.2126122 -0.6263354 0.75
      vertex -0.162678 -0.6071224 0.7777778
      vertex -0.2020374 -0.5951829 0.7777778
    endloop
  endfacet
  facet normal -0.1465414 -0.6284816 0.7638956
    outer loop
      vertex -0.1711927 -0.6388999 0.75
      vertex -0.1290401 -0.6487285 0.75
      vertex -0.1226219 -0.6164622 0.7777778
    endloop
  endfacet
  facet normal -0.1465414 -0.6284816 0.7638956
    outer loop
      vertex -0.1711927 -0.6388999 0.75
      vertex -0.1226219 -0.6164622 0.7777778
      vertex -0.162678 -0.6071224 0.7777778
    endloop
  endfacet
  facet normal -0.1051229 -0.6367202 0.7638956
    outer loop
      vertex -0.1290401 -0.6487285 0.75
      vertex -0.08633496 -0.6557791 0.75
      vertex -0.08204085 -0.6231621 0.7777778
    endloop
  endfacet
  facet normal -0.1051229 -0.6367202 0.7638956
    outer loop
      vertex -0.1290401 -0.6487285 0.75
      vertex -0.08204085 -0.6231621 0.7777778
      vertex -0.1226219 -0.6164622 0.7777778
    endloop
  endfacet
  facet normal -0.06325436 -0.6422323 0.7638956
    outer loop
      vertex -0.08633496 -0.6557791 0.75
      vertex -0.0432601 -0.6600216 0.75
      vertex -0.04110844 -0.6271936 0.7777778
    endloop
  endfacet
  facet normal -0.06325436 -0.6422323 0.7638956
    outer loop
      vertex -0.08633496 -0.6557791 0.75
      vertex -0.04110844 -0.6271936 0.7777778
      vertex -0.08204085 -0.6231621 0.7777778
    endloop
  endfacet
  facet normal -0.02111493 -0.6449943 0.7638956
    outer loop
      vertex -0.0432601 -0.6600216 0.75
      vertex -1.215042e-16 -0.6614378 0.75
      vertex -1.154608e-16 -0.6285394 0.7777778
    endloop
  endfacet
  facet normal -0.02111493 -0.6449943 0.7638956
    outer loop
      vertex -0.0432601 -0.6600216 0.75
      vertex -1.154608e-16 -0.6285394 0.7777778
      vertex -0.04110844 -0.6271936 0.7777778
    endloop
  endfacet
  facet normal 0.02111493 -0.6449943 0.7638956
    outer loop
      vertex -1.215042e-16 -0.6614378 0.75
      vertex 0.0432601 -0.6600216 0.75
      vertex 0.04110844 -0.6271936 0.7777778
    endloop
  endfacet
  facet normal 0.02111493 -0.6449943 0.7638956
    outer loop
      vertex -1.215042e-16 -0.6614378 0.75
      vertex 0.04110844 -0.6271936 0.7777778
      vertex -1.154608e-16 -0.6285394 0.7777778
    endloop
  endfacet
  facet normal 0.06325436 -0.6422323 0.7638956
    outer loop
      vertex 0.0432601 -0.6600216 0.75
      vertex 0.08633496 -0.6557791 0.75
      vertex 0.08204085 -0.6231621 0.7777778
    endloop
  endfacet
  facet normal 0.06325436 -0.6422323 0.7638956
    outer loop
      vertex 0.0432601 -0.6600216 0.75
      vertex 0.08204085 -0.6231621 0.7777778
      vertex 0.04110844 -0.6271936 0.7777778
    endloop
  endfacet
  facet normal 0.1051229 -0.6367202 0.7638956
    outer loop
      vertex 0.08633496 -0.6557791 0.75
      vertex 0.1290401 -0.6487285 0.75
      vertex 0.1226219 -0.6164622 0.7777778
    endloop
  endfacet
  facet normal 0.1051229 -0.6367202 0.7638956
    outer loop
      vertex 0.08633496 -0.6557791 0.75
      vertex 0.1226219 -0.6164622 0.7777778
      vertex 0.08204085 -0.6231621 0.7777778
    endloop
  endfacet
  facet normal 0.1465414 -0.6284816 0.7638956
    outer loop
      vertex 0.1290401 -0.6487285 0.75
      vertex 0.1711927 -0.6388999 0.75
      vertex 0.162678 -0.6071224 0.7777778
    endloop
  endfacet
  facet normal 0.1465414 -0.6284816 0.7638956
    outer loop
      vertex 0.1290401 -0.6487285 0.75
      vertex 0.162678 -0.6071224 0.7777778
      vertex 0.1226219 -0.6164622 0.7777778
    endloop
  endfacet
  facet normal 0.1873323 -0.6175517 0.7638956
    outer loop
      vertex 0.1711927 -0.6388999 0.75
      vertex 0.2126122 -0.6263354 0.75
      vertex 0.2020374 -0.5951829 0.7777778
    endloop
  endfacet
  facet normal 0.1873323 -0.6175517 0.7638956
    outer loop
      vertex 0.1711927 -0.6388999 0.75
      vertex 0.2020374 -0.5951829 0.7777778
      vertex 0.162678 -0.6071224 0.7777778
    endloop
  endfacet
  facet normal 0.227321 -0.6039774 0.7638956
    outer loop
      vertex 0.2126122 -0.6263354 0.75
      vertex 0.2531213 -0.6110889 0.75
      vertex 0.2405316 -0.5806947 0.7777778
    endloop
  endfacet
  facet normal 0.227321 -0.6039774 0.7638956
    outer loop
      vertex 0.2126122 -0.6263354 0.75
      vertex 0.2405316 -0.5806947 0.7777778
      vertex 0.2020374 -0.5951829 0.7777778
    endloop
  endfacet
  facet normal 0.2663363 -0.5878167 0.7638956
    outer loop
      vertex 0.2531213 -0.6110889 0.75
      vertex 0.2925465 -0.5932256 0.75
      vertex 0.2779959 -0.5637198 0.7777778
    endloop
  endfacet
  facet normal 0.2663363 -0.5878167 0.7638956
    outer loop
      vertex 0.2531213 -0.6110889 0.75
      vertex 0.2779959 -0.5637198 0.7777778
      vertex 0.2405316 -0.5806947 0.7777778
    endloop
  endfacet
  facet normal 0.3042111 -0.5691389 0.7638956
    outer loop
      vertex 0.2925465 -0.5932256 0.75
      vertex 0.3307189 -0.572822 0.75
      vertex 0.3142697 -0.5443311 0.7777778
    endloop
  endfacet
  facet normal 0.3042111 -0.5691389 0.7638956
    outer loop
      vertex 0.2925465 -0.5932256 0.75
      vertex 0.3142697 -0.5443311 0.7777778
      vertex 0.2779959 -0.5637198 0.7777778
    endloop
  endfacet
  facet normal 0.3407832 -0.548024 0.7638956
    outer loop
      vertex 0.3307189 -0.572822 0.75
      vertex 0.3674752 -0.5499655 0.75
      vertex 0.3491978 -0.5226114 0.7777778
    endloop
  endfacet
  facet normal 0.3407832 -0.548024 0.7638956
    outer loop
      vertex 0.3307189 -0.572822 0.75
      vertex 0.3491978 -0.5226114 0.7777778
      vertex 0.3142697 -0.5443311 0.7777778
    endloop
  endfacet
  facet normal 0.375896 -0.5245623 0.7638956
    outer loop
      vertex 0.3674752 -0.5499655 0.75
      vertex 0.4026578 -0.5247539 0.75
      vertex 0.3826305 -0.4986538 0.7777778
    endloop
  endfacet
  facet normal 0.375896 -0.5245623 0.7638956
    outer loop
      vertex 0.3674752 -0.5499655 0.75
      vertex 0.3826305 -0.4986538 0.7777778
      vertex 0.3491978 -0.5226114 0.7777778
    endloop
  endfacet
  facet normal 0.4093992 -0.4988544 0.7638956
    outer loop
      vertex 0.4026578 -0.5247539 0.75
      vertex 0.4361163 -0.4972953 0.75
      vertex 0.4144248 -0.4725609 0.7777778
    endloop
  endfacet
  facet normal 0.4093992 -0.4988544 0.7638956
    outer loop
      vertex 0.4026578 -0.5247539 0.75
      vertex 0.4144248 -0.4725609 0.7777778
      vertex 0.3826305 -0.4986538 0.7777778
    endloop
  endfacet
  facet normal 0.4411493 -0.4710103 0.7638956
    outer loop
      vertex 0.4361163 -0.4972953 0.75
      vertex 0.4677072 -0.4677072 0.75
      vertex 0.4444444 -0.4444444 0.7777778
    endloop
  endfacet
  facet normal 0.4411493 -0.4710103 0.7638956
    outer loop
      vertex 0.4361163 -0.4972953 0.75
      vertex 0.4444444 -0.4444444 0.7777778
      vertex 0.4144248 -0.4725609 0.7777778
    endloop
  endfacet
  facet normal 0.4710103 -0.4411493 0.7638956
    outer loop
      vertex 0.4677072 -0.4677072 0.75
      vertex 0.4972953 -0.4361163 0.75
      vertex 0.4725609 -0.4144248 0.7777778
    endloop
  endfacet
  facet normal 0.4710103 -0.4411493 0.7638956
    outer loop
      vertex 0.4677072 -0.4677072 0.75
      vertex 0.4725609 -0.4144248 0.7777778
      vertex 0.4444444 -0.4444444 0.7777778
    endloop
  endfacet
  facet normal 0.4988544 -0.4093992 0.7638956
    outer loop
      vertex 0.4972953 -0.4361163 0.75
      vertex 0.5247539 -0.4026578 0.75
      vertex 0.4986538 -0.3826305 0.7777778
    endloop
  endfacet
  facet normal 0.4988544 -0.4093992 0.7638956
    outer loop
      vertex 0.4972953 -0.4361163 0.75
      vertex 0.4986538 -0.3826305 0.7777778
      vertex 0.4725609 -0.4144248 0.7777778
    endloop
  endfacet
  facet normal 0.5245623 -0.375896 0.7638956
    outer loop
      vertex 0.5247539 -0.4026578 0.75
      vertex 0.5499655 -0.3674752 0.75
      vertex 0.5226114 -0.3491978 0.7777778
    endloop
  endfacet
  facet normal 0.5245623 -0.375896 0.7638956
    outer loop
      vertex 0.5247539 -0.4026578 0.75
      vertex 0.5226114 -0.3491978 0.7777778
      vertex 0.4986538 -0.3826305 0.7777778
    endloop
  endfacet
  facet normal 0.548024 -0.3407832 0.7638956
    outer loop
      vertex 0.5499655 -0.3674752 0.75
      vertex 0.572822 -0.3307189 0.75
      vertex 0.5443311 -0.3142697 0.7777778
    endloop
  endfacet
  facet normal 0.548024 -0.3407832 0.7638956
    outer loop
      vertex 0.5499655 -0.3674752 0.75
      vertex 0.5443311 -0.3142697 0.7777778
      vertex 0.5226114 -0.3491978 0.7777778
    endloop
  endfacet
  facet normal 0.5691389 -0.3042111 0.7638956
    outer loop
      vertex 0.572822 -0.3307189 0.75
      vertex 0.5932256 -0.2925465 0.75
      vertex 0.5637198 -0.2779959 0.7777778
    endloop
  endfacet
  facet normal 0.5691389 -0.3042111 0.7638956
    outer loop
      vertex 0.572822 -0.3307189 0.75
      vertex 0.5637198 -0.2779959 0.7777778
      vertex 0.5443311 -0.3142697 0.7777778
    endloop
  endfacet
  facet normal 0.5878167 -0.2663363 0.7638956
    outer loop
      vertex 0.5932256 -0.2925465 0.75
      vertex 0.6110889 -0.2531213 0.75
      vertex 0.5806947 -0.2405316 0.7777778
    endloop
  endfacet
  facet normal 0.5878167 -0.2663363 0.7638956
    outer loop
      vertex 0.5932256 -0.2925465 0.75
      vertex 0.5806947 -0.2405316 0.7777778
      vertex 0.5637198 -0.2779959 0.7777778
    endloop
  endfacet
  facet normal 0.6039774 -0.227321 0.7638956
    outer loop
      vertex 0.6110889 -0.2531213 0.75
      vertex 0.6263354 -0.2126122 0.75
      vertex 0.5951829 -0.2020374 0.7777778
    endloop
  endfacet
  facet normal 0.6039774 -0.227321 0.7638956
    outer loop
      vertex 0.6110889 -0.2531213 0.75
      vertex 0.5951829 -0.2020374 0.7777778
      vertex 0.5806947 -0.2405316 0.7777778
    endloop
  endfacet
  facet normal 0.6175517 -0.1873323 0.7638956
    outer loop
      vertex 0.6263354 -0.2126122 0.75
      vertex 0.6388999 -0.1711927 0.75
      vertex 0.6071224 -0.162678 0.7777778
    endloop
  endfacet
  facet normal 0.6175517 -0.1873323 0.7638956
    outer loop
      vertex 0.6263354 -0.2126122 0.75
      vertex 0.6071224 -0.162678 0.7777778
      vertex 0.5951829 -0.2020374 0.7777778
    endloop
  endfacet
  facet normal 0.6284816 -0.1465414 0.7638956
    outer loop
      vertex 0.6388999 -0.1711927 0.75
      vertex 0.6487285 -0.1290401 0.75
      vertex 0.6164622 -0.1226219 0.7777778
    endloop
  endfacet
  facet normal 0.6284816 -0.1465414 0.7638956
    outer loop
      vertex 0.6388999 -0.1711927 0.75
      vertex 0.6164622 -0.1226219 0.7777778
      vertex 0.6071224 -0.162678 0.7777778
    endloop
  endfacet
  facet normal 0.6367202 -0.1051229 0.7638956
    outer loop
      vertex 0.6487285 -0.1290401 0.75
      vertex 0.6557791 -0.08633496 0.75
      vertex 0.6231621 -0.08204085 0.7777778
    endloop
  endfacet
  facet normal 0.6367202 -0.1051229 0.7638956
    outer loop
      vertex 0.6487285 -0.1290401 0.75
      vertex 0.6231621 -0.08204085 0.7777778
      vertex 0.6164622 -0.1226219 0.7777778
    endloop
  endfacet
  facet normal 0.6422323 -0.06325436 0.7638956
    outer loop
      vertex 0.6557791 -0.08633496 0.75
      vertex 0.6600216 -0.0432601 0.75
      vertex 0.6271936 -0.04110844 0.7777778
    endloop
  endfacet
  facet normal 0.6422323 -0.06325436 0.7638956
    outer loop
      vertex 0.6557791 -0.08633496 0.75
      vertex 0.6271936 -0.04110844 0.7777778
      vertex 0.6231621 -0.08204085 0.7777778
    endloop
  endfacet
  facet normal 0.6449943 -0.02111493 0.7638956
    outer loop
      vertex 0.6600216 -0.0432601 0.75
      vertex 0.6614378 0 0.75
      vertex 0.6285394 0 0.7777778
    endloop
  endfacet
  facet normal 0.6449943 -0.02111493 0.7638956
    outer loop
      vertex 0.6600216 -0.0432601 0.75
      vertex 0.6285394 0 0.7777778
      vertex 0.6271936 -0.04110844 0.7777778
    endloop
  endfacet
  facet normal 0.6105658 0.01998785 0.7917133
    outer loop
      vertex 0.6285394 0 0.7777778
      vertex 0.6271936 0.04110844 0.7777778
      vertex 0.5912516 0.03875268 0.8055556
    endloop
  endfacet
  facet normal 0.6105658 0.01998785 0.7917133
    outer loop
      vertex 0.6285394 0 0.7777778
      vertex 0.5912516 0.03875268 0.8055556
      vertex 0.5925203 0 0.8055556
    endloop
  endfacet
  facet normal 0.6079512 0.05987797 0.7917133
    outer loop
      vertex 0.6271936 0.04110844 0.7777778
      vertex 0.6231621 0.08204085 0.7777778
      vertex 0.5874512 0.07733941 0.8055556
    endloop
  endfacet
  facet normal 0.6079512 0.05987797 0.7917133
    outer loop
      vertex 0.6271936 0.04110844 0.7777778
      vertex 0.5874512 0.07733941 0.8055556
      vertex 0.5912516 0.03875268 0.8055556
    endloop
  endfacet
  facet normal 0.6027333 0.09951168 0.7917133
    outer loop
      vertex 0.6231621 0.08204085 0.7777778
      vertex 0.6164622 0.1226219 0.7777778
      vertex 0.5811351 0.115595 0.8055556
    endloop
  endfacet
  facet normal 0.6027333 0.09951168 0.7917133
    outer loop
      vertex 0.6231621 0.08204085 0.7777778
      vertex 0.5811351 0.115595 0.8055556
      vertex 0.5874512 0.07733941 0.8055556
    endloop
  endfacet
  facet normal 0.5949345 0.1387193 0.7917133
    outer loop
      vertex 0.6164622 0.1226219 0.7777778
      vertex 0.6071224 0.162678 0.7777778
      vertex 0.5723306 0.1533555 0.8055556
    endloop
  endfacet
  facet normal 0.5949345 0.1387193 0.7917133
    outer loop
      vertex 0.6164622 0.1226219 0.7777778
      vertex 0.5723306 0.1533555 0.8055556
      vertex 0.5811351 0.115595 0.8055556
    endloop
  endfacet
  facet normal 0.584588 0.1773328 0.7917133
    outer loop
      vertex 0.6071224 0.162678 0.7777778
      vertex 0.5951829 0.2020374 0.7777778
      vertex 0.5610753 0.1904594 0.8055556
    endloop
  endfacet
  facet normal 0.584588 0.1773328 0.7917133
    outer loop
      vertex 0.6071224 0.162678 0.7777778
      vertex 0.5610753 0.1904594 0.8055556
      vertex 0.5723306 0.1533555 0.8055556
    endloop
  endfacet
  facet normal 0.5717382 0.215187 0.7917133
    outer loop
      vertex 0.5951829 0.2020374 0.7777778
      vertex 0.5806947 0.2405316 0.7777778
      vertex 0.5474173 0.2267477 0.8055556
    endloop
  endfacet
  facet normal 0.5717382 0.215187 0.7917133
    outer loop
      vertex 0.5951829 0.2020374 0.7777778
      vertex 0.5474173 0.2267477 0.8055556
      vertex 0.5610753 0.1904594 0.8055556
    endloop
  endfacet
  facet normal 0.5564402 0.2521198 0.7917133
    outer loop
      vertex 0.5806947 0.2405316 0.7777778
      vertex 0.5637198 0.2779959 0.7777778
      vertex 0.5314153 0.262065 0.8055556
    endloop
  endfacet
  facet normal 0.5564402 0.2521198 0.7917133
    outer loop
      vertex 0.5806947 0.2405316 0.7777778
      vertex 0.5314153 0.262065 0.8055556
      vertex 0.5474173 0.2267477 0.8055556
    endloop
  endfacet
  facet normal 0.5387594 0.2879729 0.7917133
    outer loop
      vertex 0.5637198 0.2779959 0.7777778
      vertex 0.5443311 0.3142697 0.7777778
      vertex 0.5131376 0.2962601 0.8055556
    endloop
  endfacet
  facet normal 0.5387594 0.2879729 0.7917133
    outer loop
      vertex 0.5637198 0.2779959 0.7777778
      vertex 0.5131376 0.2962601 0.8055556
      vertex 0.5314153 0.262065 0.8055556
    endloop
  endfacet
  facet normal 0.5187715 0.3225929 0.7917133
    outer loop
      vertex 0.5443311 0.3142697 0.7777778
      vertex 0.5226114 0.3491978 0.7777778
      vertex 0.4926626 0.3291866 0.8055556
    endloop
  endfacet
  facet normal 0.5187715 0.3225929 0.7917133
    outer loop
      vertex 0.5443311 0.3142697 0.7777778
      vertex 0.4926626 0.3291866 0.8055556
      vertex 0.5131376 0.2962601 0.8055556
    endloop
  endfacet
  facet normal 0.4965622 0.3558315 0.7917133
    outer loop
      vertex 0.5226114 0.3491978 0.7777778
      vertex 0.4986538 0.3826305 0.7777778
      vertex 0.4700779 0.3607035 0.8055556
    endloop
  endfacet
  facet normal 0.4965622 0.3558315 0.7917133
    outer loop
      vertex 0.5226114 0.3491978 0.7777778
      vertex 0.4700779 0.3607035 0.8055556
      vertex 0.4926626 0.3291866 0.8055556
    endloop
  endfacet
  facet normal 0.4722266 0.3875463 0.7917133
    outer loop
      vertex 0.4986538 0.3826305 0.7777778
      vertex 0.4725609 0.4144248 0.7777778
      vertex 0.4454803 0.3906757 0.8055556
    endloop
  endfacet
  facet normal 0.4722266 0.3875463 0.7917133
    outer loop
      vertex 0.4986538 0.3826305 0.7777778
      vertex 0.4454803 0.3906757 0.8055556
      vertex 0.4700779 0.3607035 0.8055556
    endloop
  endfacet
  facet normal 0.4458687 0.4176016 0.7917133
    outer loop
      vertex 0.4725609 0.4144248 0.7777778
      vertex 0.4444444 0.4444444 0.7777778
      vertex 0.4189751 0.4189751 0.8055556
    endloop
  endfacet
  facet normal 0.4458687 0.4176016 0.7917133
    outer loop
      vertex 0.4725609 0.4144248 0.7777778
      vertex 0.4189751 0.4189751 0.8055556
      vertex 0.4454803 0.3906757 0.8055556
    endloop
  endfacet
  facet normal 0.4176016 0.4458687 0.7917133
    outer loop
      vertex 0.4444444 0.4444444 0.7777778
      vertex 0.4144248 0.4725609 0.7777778
      vertex 0.3906757 0.4454803 0.8055556
    endloop
  endfacet
  facet normal 0.4176016 0.4458687 0.7917133
    outer loop
      vertex 0.4444444 0.4444444 0.7777778
      vertex 0.3906757 0.4454803 0.8055556
      vertex 0.4189751 0.4189751 0.8055556
    endloop
  endfacet
  facet normal 0.3875463 0.4722266 0.7917133
    outer loop
      vertex 0.4144248 0.4725609 0.7777778
      vertex 0.3826305 0.4986538 0.7777778
      vertex 0.3607035 0.4700779 0.8055556
    endloop
  endfacet
  facet normal 0.3875463 0.4722266 0.7917133
    outer loop
      vertex 0.4144248 0.4725609 0.7777778
      vertex 0.3607035 0.4700779 0.8055556
      vertex 0.3906757 0.4454803 0.8055556
    endloop
  endfacet
  facet normal 0.3558315 0.4965622 0.7917133
    outer loop
      vertex 0.3826305 0.4986538 0.7777778
      vertex 0.3491978 0.5226114 0.7777778
      vertex 0.3291866 0.4926626 0.8055556
    endloop
  endfacet
  facet normal 0.3558315 0.4965622 0.7917133
    outer loop
      vertex 0.3826305 0.4986538 0.7777778
      vertex 0.3291866 0.4926626 0.8055556
      vertex 0.3607035 0.4700779 0.8055556
    endloop
  endfacet
  facet normal 0.3225929 0.5187715 0.7917133
    outer loop
      vertex 0.3491978 0.5226114 0.7777778
      vertex 0.3142697 0.5443311 0.7777778
      vertex 0.2962601 0.5131376 0.8055556
    endloop
  endfacet
  facet normal 0.3225929 0.5187715 0.7917133
    outer loop
      vertex 0.3491978 0.5226114 0.7777778
      vertex 0.2962601 0.5131376 0.8055556
      vertex 0.3291866 0.4926626 0.8055556
    endloop
  endfacet
  facet normal 0.2879729 0.5387594 0.7917133
    outer loop
      vertex 0.3142697 0.5443311 0.7777778
      vertex 0.2779959 0.5637198 0.7777778
      vertex 0.262065 0.5314153 0.8055556
    endloop
  endfacet
  facet normal 0.2879729 0.5387594 0.7917133
    outer loop
      vertex 0.3142697 0.5443311 0.7777778
      vertex 0.262065 0.5314153 0.8055556
      vertex 0.2962601 0.5131376 0.8055556
    endloop
  endfacet
  facet normal 0.2521198 0.5564402 0.7917133
    outer loop
      vertex 0.2779959 0.5637198 0.7777778
      vertex 0.2405316 0.5806947 0.7777778
      vertex 0.2267477 0.5474173 0.8055556
    endloop
  endfacet
  facet normal 0.2521198 0.5564402 0.7917133
    outer loop
      vertex 0.2779959 0.5637198 0.7777778
      vertex 0.2267477 0.5474173 0.8055556
      vertex 0.262065 0.5314153 0.8055556
    endloop
  endfacet
  facet normal 0.215187 0.5717382 0.7917133
    outer loop
      vertex 0.2405316 0.5806947 0.7777778
      vertex 0.2020374 0.5951829 0.7777778
      vertex 0.1904594 0.5610753 0.8055556
    endloop
  endfacet
  facet normal 0.215187 0.5717382 0.7917133
    outer loop
      vertex 0.2405316 0.5806947 0.7777778
      vertex 0.1904594 0.5610753 0.8055556
      vertex 0.2267477 0.5474173 0.8055556
    endloop
  endfacet
  facet normal 0.1773328 0.584588 0.7917133
    outer loop
      vertex 0.2020374 0.5951829 0.7777778
      vertex 0.162678 0.6071224 0.7777778
      vertex 0.1533555 0.5723306 0.8055556
    endloop
  endfacet
  facet normal 0.1773328 0.584588 0.7917133
    outer loop
      vertex 0.2020374 0.5951829 0.7777778
      vertex 0.1533555 0.5723306 0.8055556
      vertex 0.1904594 0.5610753 0.8055556
    endloop
  endfacet
  facet normal 0.1387193 0.5949345 0.7917133
    outer loop
      vertex 0.162678 0.6071224 0.7777778
      vertex 0.1226219 0.6164622 0.7777778
      vertex 0.115595 0.5811351 0.8055556
    endloop
  endfacet
  facet normal 0.1387193 0.5949345 0.7917133
    outer loop
      vertex 0.162678 0.6071224 0.7777778
      vertex 0.115595 0.5811351 0.8055556
      vertex 0.1533555 0.5723306 0.8055556
    endloop
  endfacet
  facet normal 0.09951168 0.6027333 0.7917133
    outer loop
      vertex 0.1226219 0.6164622 0.7777778
      vertex 0.08204085 0.6231621 0.7777778
      vertex 0.07733941 0.5874512 0.8055556
    endloop
  endfacet
  facet normal 0.09951168 0.6027333 0.7917133
    outer loop
      vertex 0.1226219 0.6164622 0.7777778
      vertex 0.07733941 0.5874512 0.8055556
      vertex 0.115595 0.5811351 0.8055556
    endloop
  endfacet
  facet normal 0.05987797 0.6079512 0.7917133
    outer loop
      vertex 0.08204085 0.6231621 0.7777778
      vertex 0.04110844 0.6271936 0.7777778
      vertex 0.03875268 0.5912516 0.8055556
    endloop
  endfacet
  facet normal 0.05987797 0.6079512 0.7917133
    outer loop
      vertex 0.08204085 0.6231621 0.7777778
      vertex 0.03875268 0.5912516 0.8055556
      vertex 0.07733941 0.5874512 0.8055556
    endloop
  endfacet
  facet normal 0.01998785 0.6105658 0.7917133
    outer loop
      vertex 0.04110844 0.6271936 0.7777778
      vertex 3.848694e-17 0.6285394 0.7777778
      vertex 3.62814e-17 0.5925203 0.8055556
    endloop
  endfacet
  facet normal 0.01998785 0.6105658 0.7917133
    outer loop
      vertex 0.04110844 0.6271936 0.7777778
      vertex 3.62814e-17 0.5925203 0.8055556
      vertex 0.03875268 0.5912516 0.8055556
    endloop
  endfacet
  facet normal -0.01998785 0.6105658 0.7917133
    outer loop
      vertex 3.848694e-17 0.6285394 0.7777778
      vertex -0.04110844 0.6271936 0.7777778
      vertex -0.03875268 0.5912516 0.8055556
    endloop
  endfacet
  facet normal -0.01998785 0.6105658 0.7917133
    outer loop
      vertex 3.848694e-17 0.6285394 0.7777778
      vertex -0.03875268 0.5912516 0.8055556
      vertex 3.62814e-17 0.5925203 0.8055556
    endloop
  endfacet
  facet normal -0.05987797 0.6079512 0.7917133
    outer loop
      vertex -0.04110844 0.6271936 0.7777778
      vertex -0.08204085 0.6231621 0.7777778
      vertex -0.07733941 0.5874512 0.8055556
    endloop
  endfacet
  facet normal -0.05987797 0.6079512 0.7917133
    outer loop
      vertex -0.04110844 0.6271936 0.7777778
      vertex -0.07733941 0.5874512 0.8055556
      vertex -0.03875268 0.5912516 0.8055556
    endloop
  endfacet
  facet normal -0.09951168 0.6027333 0.7917133
    outer loop
      vertex -0.08204085 0.6231621 0.7777778
      vertex -0.1226219 0.6164622 0.7777778
      vertex -0.115595 0.5811351 0.8055556
    endloop
  endfacet
  facet normal -0.09951168 0.6027333 0.7917133
    outer loop
      vertex -0.08204085 0.6231621 0.7777778
      vertex -0.115595 0.5811351 0.8055556
      vertex -0.07733941 0.5874512 0.8055556
    endloop
  endfacet
  facet normal -0.1387193 0.5949345 0.7917133
    outer loop
      vertex -0.1226219 0.6164622 0.7777778
      vertex -0.162678 0.6071224 0.7777778
      vertex -0.1533555 0.5723306 0.8055556
    endloop
  endfacet
  facet normal -0.1387193 0.5949345 0.7917133
    outer loop
      vertex -0.1226219 0.6164622 0.7777778
      vertex -0.1533555 0.5723306 0.8055556
      vertex -0.115595 0.5811351 0.8055556
    endloop
  endfacet
  facet normal -0.1773328 0.584588 0.7917133
    outer loop
      vertex -0.162678 0.6071224 0.7777778
      vertex -0.2020374 0.5951829 0.7777778
      vertex -0.1904594 0.5610753 0.8055556
    endloop
  endfacet
  facet normal -0.1773328 0.584588 0.7917133
    outer loop
      vertex -0.162678 0.6071224 0.7777778
      vertex -0.1904594 0.5610753 0.8055556
      vertex -0.1533555 0.5723306 0.8055556
    endloop
  endfacet
  facet normal -0.215187 0.5717382 0.7917133
    outer loop
      vertex -0.2020374 0.5951829 0.7777778
      vertex -0.2405316 0.5806947 0.7777778
      vertex -0.2267477 0.5474173 0.8055556
    endloop
  endfacet
  facet normal -0.215187 0.5717382 0.7917133
    outer loop
      vertex -0.2020374 0.5951829 0.7777778
      vertex -0.2267477 0.5474173 0.8055556
      vertex -0.1904594 0.5610753 0.8055556
    endloop
  endfacet
  facet normal -0.2521198 0.5564402 0.7917133
    outer loop
      vertex -0.2405316 0.5806947 0.7777778
      vertex -0.2779959 0.5637198 0.7777778
      vertex -0.262065 0.5314153 0.8055556
    endloop
  endfacet
  facet normal -0.2521198 0.5564402 0.7917133
    outer loop
      vertex -0.2405316 0.5806947 0.7777778
      vertex -0.262065 0.5314153 0.8055556
      vertex -0.2267477 0.5474173 0.8055556
    endloop
  endfacet
  facet normal -0.2879729 0.5387594 0.7917133
    outer loop
      vertex -0.2779959 0.5637198 0.7777778
      vertex -0.3142697 0.5443311 0.7777778
      vertex -0.2962601 0.5131376 0.8055556
    endloop
  endfacet
  facet normal -0.2879729 0.5387594 0.7917133
    outer loop
      vertex -0.2779959 0.5637198 0.7777778
      vertex -0.2962601 0.5131376 0.8055556
      vertex -0.262065 0.5314153 0.8055556
    endloop
  endfacet
  facet normal -0.3225929 0.5187715 0.7917133
    outer loop
      vertex -0.3142697 0.5443311 0.7777778
      vertex -0.3491978 0.5226114 0.7777778
      vertex -0.3291866 0.4926626 0.8055556
    endloop
  endfacet
  facet normal -0.3225929 0.5187715 0.7917133
    outer loop
      vertex -0.3142697 0.5443311 0.7777778
      vertex -0.3291866 0.4926626 0.8055556
      vertex -0.2962601 0.5131376 0.8055556
    endloop
  endfacet
  facet normal -0.3558315 0.4965622 0.7917133
    outer loop
      vertex -0.3491978 0.5226114 0.7777778
      vertex -0.3826305 0.4986538 0.7777778
      vertex -0.3607035 0.4700779 0.8055556
    endloop
  endfacet
  facet normal -0.3558315 0.4965622 0.7917133
    outer loop
      vertex -0.3491978 0.5226114 0.7777778
      vertex -0.3607035 0.4700779 0.8055556
      vertex -0.3291866 0.4926626 0.8055556
    endloop
  endfacet
  facet normal -0.3875463 0.4722266 0.7917133
    outer loop
      vertex -0.3826305 0.4986538 0.7777778
      vertex -0.4144248 0.4725609 0.7777778
      vertex -0.3906757 0.4454803 0.8055556
    endloop
  endfacet
  facet normal -0.3875463 0.4722266 0.7917133
    outer loop
      vertex -0.3826305 0.4986538 0.7777778
      vertex -0.3906757 0.4454803 0.8055556
      vertex -0.3607035 0.4700779 0.8055556
    endloop
  endfacet
  facet normal -0.4176016 0.4458687 0.7917133
    outer loop
      vertex -0.4144248 0.4725609 0.7777778
      vertex -0.4444444 0.4444444 0.7777778
      vertex -0.4189751 0.4189751 0.8055556
    endloop
  endfacet
  facet normal -0.4176016 0.4458687 0.7917133
    outer loop
      vertex -0.4144248 0.4725609 0.7777778
      vertex -0.4189751 0.4189751 0.8055556
      vertex -0.3906757 0.4454803 0.8055556
    endloop
  endfacet
  facet normal -0.4458687 0.4176016 0.7917133
    outer loop
      vertex -0.4444444 0.4444444 0.7777778
      vertex -0.4725609 0.4144248 0.7777778
      vertex -0.4454803 0.3906757 0.8055556
    endloop
  endfacet
  facet normal -0.4458687 0.4176016 0.7917133
    outer loop
      vertex -0.4444444 0.4444444 0.7777778
      vertex -0.4454803 0.3906757 0.8055556
      vertex -0.4189751 0.4189751 0.8055556
    endloop
  endfacet
  facet normal -0.4722266 0.3875463 0.7917133
    outer loop
      vertex -0.4725609 0.4144248 0.7777778
      vertex -0.4986538 0.3826305 0.7777778
      vertex -0.4700779 0.3607035 0.8055556
    endloop
  endfacet
  facet normal -0.4722266 0.3875463 0.7917133
    outer loop
      vertex -0.4725609 0.4144248 0.7777778
      vertex -0.4700779 0.3607035 0.8055556
      vertex -0.4454803 0.3906757 0.8055556
    endloop
  endfacet
  facet normal -0.4965622 0.3558315 0.7917133
    outer loop
      vertex -0.4986538 0.3826305 0.7777778
      vertex -0.5226114 0.3491978 0.7777778
      vertex -0.4926626 0.3291866 0.8055556
    endloop
  endfacet
  facet normal -0.4965622 0.3558315 0.7917133
    outer loop
      vertex -0.4986538 0.3826305 0.7777778
      vertex -0.4926626 0.3291866 0.8055556
      vertex -0.4700779 0.3607035 0.8055556
    endloop
  endfacet
  facet normal -0.5187715 0.3225929 0.7917133
    outer loop
      vertex -0.5226114 0.3491978 0.7777778
      vertex -0.5443311 0.3142697 0.7777778
      vertex -0.5131376 0.2962601 0.8055556
    endloop
  endfacet
  facet normal -0.5187715 0.3225929 0.7917133
    outer loop
      vertex -0.5226114 0.3491978 0.7777778
      vertex -0.5131376 0.2962601 0.8055556
      vertex -0.4926626 0.3291866 0.8055556
    endloop
  endfacet
  facet normal -0.5387594 0.2879729 0.7917133
    outer loop
      vertex -0.5443311 0.3142697 0.7777778
      vertex -0.5637198 0.2779959 0.7777778
      vertex -0.5314153 0.262065 0.8055556
    endloop
  endfacet
  facet normal -0.5387594 0.2879729 0.7917133
    outer loop
      vertex -0.5443311 0.3142697 0.7777778
      vertex -0.5314153 0.262065 0.8055556
      vertex -0.5131376 0.2962601 0.8055556
    endloop
  endfacet
  facet normal -0.5564402 0.2521198 0.7917133
    outer loop
      vertex -0.5637198 0.2779959 0.7777778
      vertex -0.5806947 0.2405316 0.7777778
      vertex -0.5474173 0.2267477 0.8055556
    endloop
  endfacet
  facet normal -0.5564402 0.2521198 0.7917133
    outer loop
      vertex -0.5637198 0.2779959 0.7777778
      vertex -0.5474173 0.2267477 0.8055556
      vertex -0.5314153 0.262065 0.8055556
    endloop
  endfacet
  facet normal -0.5717382 0.215187 0.7917133
    outer loop
      vertex -0.5806947 0.2405316 0.7777778
      vertex -0.5951829 0.2020374 0.7777778
      vertex -0.5610753 0.1904594 0.8055556
    endloop
  endfacet
  facet normal -0.5717382 0.215187 0.7917133
    outer loop
      vertex -0.5806947 0.2405316 0.7777778
      vertex -0.5610753 0.1904594 0.8055556
      vertex -0.5474173 0.2267477 0.8055556
    endloop
  endfacet
  facet normal -0.584588 0.1773328 0.7917133
    outer loop
      vertex -0.5951829 0.2020374 0.7777778
      vertex -0.6071224 0.162678 0.7777778
      vertex -0.5723306 0.1533555 0.8055556
    endloop
  endfacet
  facet normal -0.584588 0.1773328 0.7917133
    outer loop
      vertex -0.5951829 0.2020374 0.7777778
      vertex -0.5723306 0.1533555 0.8055556
      vertex -0.5610753 0.1904594 0.8055556
    endloop
  endfacet
  facet normal -0.5949345 0.1387193 0.7917133
    outer loop
      vertex -0.6071224 0.162678 0.7777778
      vertex -0.6164622 0.1226219 0.7777778
      vertex -0.5811351 0.115595 0.8055556
    endloop
  endfacet
  facet normal -0.5949345 0.1387193 0.7917133
    outer loop
      vertex -0.6071224 0.162678 0.7777778
      vertex -0.5811351 0.115595 0.8055556
      vertex -0.5723306 0.1533555 0.8055556
    endloop
  endfacet
  facet normal -0.6027333 0.09951168 0.7917133
    outer loop
      vertex -0.6164622 0.1226219 0.7777778
      vertex -0.6231621 0.08204085 0.7777778
      vertex -0.5874512 0.07733941 0.8055556
    endloop
  endfacet
  facet normal -0.6027333 0.09951168 0.7917133
    outer loop
      vertex -0.6164622 0.1226219 0.7777778
      vertex -0.5874512 0.07733941 0.8055556
      vertex -0.5811351 0.115595 0.8055556
    endloop
  endfacet
  facet normal -0.6079512 0.05987797 0.7917133
    outer loop
      vertex -0.6231621 0.08204085 0.7777778
      vertex -0.6271936 0.04110844 0.7777778
      vertex -0.5912516 0.03875268 0.8055556
    endloop
  endfacet
  facet normal -0.6079512 0.05987797 0.7917133
    outer loop
      vertex -0.6231621 0.08204085 0.7777778
      vertex -0.5912516 0.03875268 0.8055556
      vertex -0.5874512 0.07733941 0.8055556
    endloop
  endfacet
  facet normal -0.6105658 0.01998785 0.7917133
    outer loop
      vertex -0.6271936 0.04110844 0.7777778
      vertex -0.6285394 7.697387e-17 0.7777778
      vertex -0.5925203 7.25628e-17 0.8055556
    endloop
  endfacet
  facet normal -0.6105658 0.01998785 0.7917133
    outer loop
      vertex -0.6271936 0.04110844 0.7777778
      vertex -0.5925203 7.25628e-17 0.8055556
      vertex -0.5912516 0.03875268 0.8055556
    endloop
  endfacet
  facet normal -0.6105658 -0.01998785 0.7917133
    outer loop
      vertex -0.6285394 7.697387e-17 0.7777778
      vertex -0.6271936 -0.04110844 0.7777778
      vertex -0.5912516 -0.03875268 0.8055556
    endloop
  endfacet
  facet normal -0.6105658 -0.01998785 0.7917133
    outer loop
      vertex -0.6285394 7.697387e-17 0.7777778
      vertex -0.5912516 -0.03875268 0.8055556
      vertex -0.5925203 7.25628e-17 0.8055556
    endloop
  endfacet
  facet normal -0.6079512 -0.05987797 0.7917133
    outer loop
      vertex -0.6271936 -0.04110844 0.7777778
      vertex -0.6231621 -0.08204085 0.7777778
      vertex -0.5874512 -0.07733941 0.8055556
    endloop
  endfacet
  facet normal -0.6079512 -0.05987797 0.7917133
    outer loop
      vertex -0.6271936 -0.04110844 0.7777778
      vertex -0.5874512 -0.07733941 0.8055556
      vertex -0.5912516 -0.03875268 0.8055556
    endloop
  endfacet
  facet normal -0.6027333 -0.09951168 0.7917133
    outer loop
      vertex -0.6231621 -0.08204085 0.7777778
      vertex -0.6164622 -0.1226219 0.7777778
      vertex -0.5811351 -0.115595 0.8055556
    endloop
  endfacet
  facet normal -0.6027333 -0.09951168 0.7917133
    outer loop
      vertex -0.6231621 -0.08204085 0.7777778
      vertex -0.5811351 -0.115595 0.8055556
      vertex -0.5874512 -0.07733941 0.8055556
    endloop
  endfacet
  facet normal -0.5949345 -0.1387193 0.7917133
    outer loop
      vertex -0.6164622 -0.1226219 0.7777778
      vertex -0.6071224 -0.162678 0.7777778
      vertex -0.5723306 -0.1533555 0.8055556
    endloop
  endfacet
  facet normal -0.5949345 -0.1387193 0.7917133
    outer loop
      vertex -0.6164622 -0.1226219 0.7777778
      vertex -0.5723306 -0.1533555 0.8055556
      vertex -0.5811351 -0.115595 0.8055556
    endloop
  endfacet
  facet normal -0.584588 -0.1773328 0.7917133
    outer loop
      vertex -0.6071224 -0.162678 0.7777778
      vertex -0.5951829 -0.2020374 0.7777778
      vertex -0.5610753 -0.1904594 0.8055556
    endloop
  endfacet
  facet normal -0.584588 -0.1773328 0.7917133
    outer loop
      vertex -0.6071224 -0.162678 0.7777778
      vertex -0.5610753 -0.1904594 0.8055556
      vertex -0.5723306 -0.1533555 0.8055556
    endloop
  endfacet
  facet normal -0.5717382 -0.215187 0.7917133
    outer loop
      vertex -0.5951829 -0.2020374 0.7777778
      vertex -0.5806947 -0.2405316 0.7777778
      vertex -0.5474173 -0.2267477 0.8055556
    endloop
  endfacet
  facet normal -0.5717382 -0.215187 0.7917133
    outer loop
      vertex -0.5951829 -0.2020374 0.7777778
      vertex -0.5474173 -0.2267477 0.8055556
      vertex -0.5610753 -0.1904594 0.8055556
    endloop
  endfacet
  facet normal -0.5564402 -0.2521198 0.7917133
    outer loop
      vertex -0.5806947 -0.2405316 0.7777778
      vertex -0.5637198 -0.2779959 0.7777778
      vertex -0.5314153 -0.262065 0.8055556
    endloop
  endfacet
  facet normal -0.5564402 -0.2521198 0.7917133
    outer loop
      vertex -0.5806947 -0.2405316 0.7777778
      vertex -0.5314153 -0.262065 0.8055556
      vertex -0.5474173 -0.2267477 0.8055556
    endloop
  endfacet
  facet normal -0.5387594 -0.2879729 0.7917133
    outer loop
      vertex -0.5637198 -0.2779959 0.7777778
      vertex -0.5443311 -0.3142697 0.7777778
      vertex -0.5131376 -0.2962601 0.8055556
    endloop
  endfacet
  facet normal -0.5387594 -0.2879729 0.7917133
    outer loop
      vertex -0.5637198 -0.2779959 0.7777778
      vertex -0.5131376 -0.2962601 0.8055556
      vertex -0.5314153 -0.262065 0.8055556
    endloop
  endfacet
  facet normal -0.5187715 -0.3225929 0.7917133
    outer loop
      vertex -0.5443311 -0.3142697 0.7777778
      vertex -0.5226114 -0.3491978 0.7777778
      vertex -0.4926626 -0.3291866 0.8055556
    endloop
  endfacet
  facet normal -0.5187715 -0.3225929 0.7917133
    outer loop
      vertex -0.5443311 -0.3142697 0.7777778
      vertex -0.4926626 -0.3291866 0.8055556
      vertex -0.5131376 -0.2962601 0.8055556
    endloop
  endfacet
  facet normal -0.4965622 -0.3558315 0.7917133
    outer loop
      vertex -0.5226114 -0.3491978 0.7777778
      vertex -0.4986538 -0.3826305 0.7777778
      vertex -0.4700779 -0.3607035 0.8055556
    endloop
  endfacet
  facet normal -0.4965622 -0.3558315 0.7917133
    outer loop
      vertex -0.5226114 -0.3491978 0.7777778
      vertex -0.4700779 -0.3607035 0.8055556
      vertex -0.4926626 -0.3291866 0.8055556
    endloop
  endfacet
  facet normal -0.4722266 -0.3875463 0.7917133
    outer loop
      vertex -0.4986538 -0.3826305 0.7777778
      vertex -0.4725609 -0.4144248 0.7777778
      vertex -0.4454803 -0.3906757 0.8055556
    endloop
  endfacet
  facet normal -0.4722266 -0.3875463 0.7917133
    outer loop
      vertex -0.4986538 -0.3826305 0.7777778
      vertex -0.4454803 -0.3906757 0.8055556
      vertex -0.4700779 -0.3607035 0.8055556
    endloop
  endfacet
  facet normal -0.4458687 -0.4176016 0.7917133
    outer loop
      vertex -0.4725609 -0.4144248 0.7777778
      vertex -0.4444444 -0.4444444 0.7777778
      vertex -0.4189751 -0.4189751 0.8055556
    endloop
  endfacet
  facet normal -0.4458687 -0.4176016 0.7917133
    outer loop
      vertex -0.4725609 -0.4144248 0.7777778
      vertex -0.4189751 -0.4189751 0.8055556
      vertex -0.4454803 -0.3906757 0.8055556
    endloop
  endfacet
  facet normal -0.4176016 -0.4458687 0.7917133
    outer loop
      vertex -0.4444444 -0.4444444 0.7777778
      vertex -0.4144248 -0.4725609 0.7777778
      vertex -0.3906757 -0.4454803 0.8055556
    endloop
  endfacet
  facet normal -0.4176016 -0.4458687 0.7917133
    outer loop
      vertex -0.4444444 -0.4444444 0.7777778
      vertex -0.3906757 -0.4454803 0.8055556
      vertex -0.4189751 -0.4189751 0.8055556
    endloop
  endfacet
  facet normal -0.3875463 -0.4722266 0.7917133
    outer loop
      vertex -0.4144248 -0.4725609 0.7777778
      vertex -0.3826305 -0.4986538 0.7777778
      vertex -0.3607035 -0.4700779 0.8055556
    endloop
  endfacet
  facet normal -0.3875463 -0.4722266 0.7917133
    outer loop
      vertex -0.4144248 -0.4725609 0.7777778
      vertex -0.3607035 -0.4700779 0.8055556
      vertex -0.3906757 -0.4454803 0.8055556
    endloop
  endfacet
  facet normal -0.3558315 -0.4965622 0.7917133
    outer loop
      vertex -0.3826305 -0.4986538 0.7777778
      vertex -0.3491978 -0.5226114 0.7777778
      vertex -0.3291866 -0.4926626 0.8055556
    endloop
  endfacet
  facet normal -0.3558315 -0.4965622 0.7917133
    outer loop
      vertex -0.3826305 -0.4986538 0.7777778
      vertex -0.3291866 -0.4926626 0.8055556
      vertex -0.3607035 -0.4700779 0.8055556
    endloop
  endfacet
  facet normal -0.3225929 -0.5187715 0.7917133
    outer loop
      vertex -0.3491978 -0.5226114 0.7777778
      vertex -0.3142697 -0.5443311 0.7777778
      vertex -0.2962601 -0.5131376 0.8055556
    endloop
  endfacet
  facet normal -0.3225929 -0.5187715 0.7917133
    outer loop
      vertex -0.3491978 -0.5226114 0.7777778
      vertex -0.2962601 -0.5131376 0.8055556
      vertex -0.3291866 -0.4926626 0.8055556
    endloop
  endfacet
  facet normal -0.2879729 -0.5387594 0.7917133
    outer loop
      vertex -0.3142697 -0.5443311 0.7777778
      vertex -0.2779959 -0.5637198 0.7777778
      vertex -0.262065 -0.5314153 0.8055556
    endloop
  endfacet
  facet normal -0.2879729 -0.5387594 0.7917133
    outer loop
      vertex -0.3142697 -0.5443311 0.7777778
      vertex -0.262065 -0.5314153 0.8055556
      vertex -0.2962601 -0.5131376 0.8055556
    endloop
  endfacet
  facet normal -0.2521198 -0.5564402 0.7917133
    outer loop
      vertex -0.2779959 -0.5637198 0.7777778
      vertex -0.2405316 -0.5806947 0.7777778
      vertex -0.2267477 -0.5474173 0.8055556
    endloop
  endfacet
  facet normal -0.2521198 -0.5564402 0.7917133
    outer loop
      vertex -0.2779959 -0.5637198 0.7777778
      vertex -0.2267477 -0.5474173 0.8055556
      vertex -0.262065 -0.5314153 0.8055556
    endloop
  endfacet
  facet normal -0.215187 -0.5717382 0.7917133
    outer loop
      vertex -0.2405316 -0.5806947 0.7777778
      vertex -0.2020374 -0.5951829 0.7777778
      vertex -0.1904594 -0.5610753 0.8055556
    endloop
  endfacet
  facet normal -0.215187 -0.5717382 0.7917133
    outer loop
      vertex -0.2405316 -0.5806947 0.7777778
      vertex -0.1904594 -0.5610753 0.8055556
      vertex -0.2267477 -0.5474173 0.8055556
    endloop
  endfacet
  facet normal -0.1773328 -0.584588 0.7917133
    outer loop
      vertex -0.2020374 -0.5951829 0.7777778
      vertex -0.162678 -0.6071224 0.7777778
      vertex -0.1533555 -0.5723306 0.8055556
    endloop
  endfacet
  facet normal -0.1773328 -0.584588 0.7917133
    outer loop
      vertex -0.2020374 -0.5951829 0.7777778
      vertex -0.1533555 -0.5723306 0.8055556
      vertex -0.1904594 -0.5610753 0.8055556
    endloop
  endfacet
  facet normal -0.1387193 -0.5949345 0.7917133
    outer loop
      vertex -0.162678 -0.6071224 0.7777778
      vertex -0.1226219 -0.6164622 0.7777778
      vertex -0.115595 -0.5811351 0.8055556
    endloop
  endfacet
  facet normal -0.1387193 -0.5949345 0.7917133
    outer loop
      vertex -0.162678 -0.6071224 0.7777778
      vertex -0.115595 -0.5811351 0.8055556
      vertex -0.1533555 -0.5723306 0.8055556
    endloop
  endfacet
  facet normal -0.09951168 -0.6027333 0.7917133
    outer loop
      vertex -0.1226219 -0.6164622 0.7777778
      vertex -0.08204085 -0.6231621 0.7777778
      vertex -0.07733941 -0.5874512 0.8055556
    endloop
  endfacet
  facet normal -0.09951168 -0.6027333 0.7917133
    outer loop
      vertex -0.1226219 -0.6164622 0.7777778
      vertex -0.07733941 -0.5874512 0.8055556
      vertex -0.115595 -0.5811351 0.8055556
    endloop
  endfacet
  facet normal -0.05987797 -0.6079512 0.7917133
    outer loop
      vertex -0.08204085 -0.6231621 0.7777778
      vertex -0.04110844 -0.6271936 0.7777778
      vertex -0.03875268 -0.5912516 0.8055556
    endloop
  endfacet
  facet normal -0.05987797 -0.6079512 0.7917133
    outer loop
      vertex -0.08204085 -0.6231621 0.7777778
      vertex -0.03875268 -0.5912516 0.8055556
      vertex -0.07733941 -0.5874512 0.8055556
    endloop
  endfacet
  facet normal -0.01998785 -0.6105658 0.7917133
    outer loop
      vertex -0.04110844 -0.6271936 0.7777778
      vertex -1.154608e-16 -0.6285394 0.7777778
      vertex -1.088442e-16 -0.5925203 0.8055556
    endloop
  endfacet
  facet normal -0.01998785 -0.6105658 0.7917133
    outer loop
      vertex -0.04110844 -0.6271936 0.7777778
      vertex -1.088442e-16 -0.5925203 0.8055556
      vertex -0.03875268 -0.5912516 0.8055556
    endloop
  endfacet
  facet normal 0.01998785 -0.6105658 0.7917133
    outer loop
      vertex -1.154608e-16 -0.6285394 0.7777778
      vertex 0.04110844 -0.6271936 0.7777778
      vertex 0.03875268 -0.5912516 0.8055556
    endloop
  endfacet
  facet normal 0.01998785 -0.6105658 0.7917133
    outer loop
      vertex -1.154608e-16 -0.6285394 0.7777778
      vertex 0.03875268 -0.5912516 0.8055556
      vertex -1.088442e-16 -0.5925203 0.8055556
    endloop
  endfacet
  facet normal 0.05987797 -0.6079512 0.7917133
    outer loop
      vertex 0.04110844 -0.6271936 0.7777778
      vertex 0.08204085 -0.6231621 0.7777778
      vertex 0.07733941 -0.5874512 0.8055556
    endloop
  endfacet
  facet normal 0.05987797 -0.6079512 0.7917133
    outer loop
      vertex 0.04110844 -0.6271936 0.7777778
      vertex 0.07733941 -0.5874512 0.8055556
      vertex 0.03875268 -0.5912516 0.8055556
    endloop
  endfacet
  facet normal 0.09951168 -0.6027333 0.7917133
    outer loop
      vertex 0.08204085 -0.6231621 0.7777778
      vertex 0.1226219 -0.6164622 0.7777778
      vertex 0.115595 -0.5811351 0.8055556
    endloop
  endfacet
  facet normal 0.09951168 -0.6027333 0.7917133
    outer loop
      vertex 0.08204085 -0.6231621 0.7777778
      vertex 0.115595 -0.5811351 0.8055556
      vertex 0.07733941 -0.5874512 0.8055556
    endloop
  endfacet
  facet normal 0.1387193 -0.5949345 0.7917133
    outer loop
      vertex 0.1226219 -0.6164622 0.7777778
      vertex 0.162678 -0.6071224 0.7777778
      vertex 0.1533555 -0.5723306 0.8055556
    endloop
  endfacet
  facet normal 0.1387193 -0.5949345 0.7917133
    outer loop
      vertex 0.1226219 -0.6164622 0.7777778
      vertex 0.1533555 -0.5723306 0.8055556
      vertex 0.115595 -0.5811351 0.8055556
    endloop
  endfacet
  facet normal 0.1773328 -0.584588 0.7917133
    outer loop
      vertex 0.162678 -0.6071224 0.7777778
      vertex 0.2020374 -0.5951829 0.7777778
      vertex 0.1904594 -0.5610753 0.8055556
    endloop
  endfacet
  facet normal 0.1773328 -0.584588 0.7917133
    outer loop
      vertex 0.162678 -0.6071224 0.7777778
      vertex 0.1904594 -0.5610753 0.8055556
      vertex 0.1533555 -0.5723306 0.8055556
    endloop
  endfacet
  facet normal 0.215187 -0.5717382 0.7917133
    outer loop
      vertex 0.2020374 -0.5951829 0.7777778
      vertex 0.2405316 -0.5806947 0.7777778
      vertex 0.2267477 -0.5474173 0.8055556
    endloop
  endfacet
  facet normal 0.215187 -0.5717382 0.7917133
    outer loop
      vertex 0.2020374 -0.5951829 0.7777778
      vertex 0.2267477 -0.5474173 0.8055556
      vertex 0.1904594 -0.5610753 0.8055556
    endloop
  endfacet
  facet normal 0.2521198 -0.5564402 0.7917133
    outer loop
      vertex 0.2405316 -0.5806947 0.7777778
      vertex 0.2779959 -0.5637198 0.7777778
      vertex 0.262065 -0.5314153 0.8055556
    endloop
  endfacet
  facet normal 0.2521198 -0.5564402 0.7917133
    outer loop
      vertex 0.2405316 -0.5806947 0.7777778
      vertex 0.262065 -0.5314153 0.8055556
      vertex 0.2267477 -0.5474173 0.8055556
    endloop
  endfacet
  facet normal 0.2879729 -0.5387594 0.7917133
    outer loop
      vertex 0.2779959 -0.5637198 0.7777778
      vertex 0.3142697 -0.5443311 0.7777778
      vertex 0.2962601 -0.5131376 0.8055556
    endloop
  endfacet
  facet normal 0.2879729 -0.5387594 0.7917133
    outer loop
      vertex 0.2779959 -0.5637198 0.7777778
      vertex 0.2962601 -0.5131376 0.8055556
      vertex 0.262065 -0.5314153 0.8055556
    endloop
  endfacet
  facet normal 0.3225929 -0.5187715 0.7917133
    outer loop
      vertex 0.3142697 -0.5443311 0.7777778
      vertex 0.3491978 -0.5226114 0.7777778
      vertex 0.3291866 -0.4926626 0.8055556
    endloop
  endfacet
  facet normal 0.3225929 -0.5187715 0.7917133
    outer loop
      vertex 0.3142697 -0.5443311 0.7777778
      vertex 0.3291866 -0.4926626 0.8055556
      vertex 0.2962601 -0.5131376 0.8055556
    endloop
  endfacet
  facet normal 0.3558315 -0.4965622 0.7917133
    outer loop
      vertex 0.3491978 -0.5226114 0.7777778
      vertex 0.3826305 -0.4986538 0.7777778
      vertex 0.3607035 -0.4700779 0.8055556
    endloop
  endfacet
  facet normal 0.3558315 -0.4965622 0.7917133
    outer loop
      vertex 0.3491978 -0.5226114 0.7777778
      vertex 0.3607035 -0.4700779 0.8055556
      vertex 0.3291866 -0.4926626 0.8055556
    endloop
  endfacet
  facet normal 0.3875463 -0.4722266 0.7917133
    outer loop
      vertex 0.3826305 -0.4986538 0.7777778
      vertex 0.4144248 -0.4725609 0.7777778
      vertex 0.3906757 -0.4454803 0.8055556
    endloop
  endfacet
  facet normal 0.3875463 -0.4722266 0.7917133
    outer loop
      vertex 0.3826305 -0.4986538 0.7777778
      vertex 0.3906757 -0.4454803 0.8055556
      vertex 0.3607035 -0.4700779 0.8055556
    endloop
  endfacet
  facet normal 0.4176016 -0.4458687 0.7917133
    outer loop
      vertex 0.4144248 -0.4725609 0.7777778
      vertex 0.4444444 -0.4444444 0.7777778
      vertex 0.4189751 -0.4189751 0.8055556
    endloop
  endfacet
  facet normal 0.4176016 -0.4458687 0.7917133
    outer loop
      vertex 0.4144248 -0.4725609 0.7777778
      vertex 0.4189751 -0.4189751 0.8055556
      vertex 0.3906757 -0.4454803 0.8055556
    endloop
  endfacet
  facet normal 0.4458687 -0.4176016 0.7917133
    outer loop
      vertex 0.4444444 -0.4444444 0.7777778
      vertex 0.4725609 -0.4144248 0.7777778
      vertex 0.4454803 -0.3906757 0.8055556
    endloop
  endfacet
  facet normal 0.4458687 -0.4176016 0.7917133
    outer loop
      vertex 0.4444444 -0.4444444 0.7777778
      vertex 0.4454803 -0.3906757 0.8055556
      vertex 0.4189751 -0.4189751 0.8055556
    endloop
  endfacet
  facet normal 0.4722266 -0.3875463 0.7917133
    outer loop
      vertex 0.4725609 -0.4144248 0.7777778
      vertex 0.4986538 -0.3826305 0.7777778
      vertex 0.4700779 -0.3607035 0.8055556
    endloop
  endfacet
  facet normal 0.4722266 -0.3875463 0.7917133
    outer loop
      vertex 0.4725609 -0.4144248 0.7777778
      vertex 0.4700779 -0.3607035 0.8055556
      vertex 0.4454803 -0.3906757 0.8055556
    endloop
  endfacet
  facet normal 0.4965622 -0.3558315 0.7917133
    outer loop
      vertex 0.4986538 -0.3826305 0.7777778
      vertex 0.5226114 -0.3491978 0.7777778
      vertex 0.4926626 -0.3291866 0.8055556
    endloop
  endfacet
  facet normal 0.4965622 -0.3558315 0.7917133
    outer loop
      vertex 0.4986538 -0.3826305 0.7777778
      vertex 0.4926626 -0.3291866 0.8055556
      vertex 0.4700779 -0.3607035 0.8055556
    endloop
  endfacet
  facet normal 0.5187715 -0.3225929 0.7917133
    outer loop
      vertex 0.5226114 -0.3491978 0.7777778
      vertex 0.5443311 -0.3142697 0.7777778
      vertex 0.5131376 -0.2962601 0.8055556
    endloop
  endfacet
  facet normal 0.5187715 -0.3225929 0.7917133
    outer loop
      vertex 0.5226114 -0.3491978 0.7777778
      vertex 0.5131376 -0.2962601 0.8055556
      vertex 0.4926626 -0.3291866 0.8055556
    endloop
  endfacet
  facet normal 0.5387594 -0.2879729 0.7917133
    outer loop
      vertex 0.5443311 -0.3142697 0.7777778
      vertex 0.5637198 -0.2779959 0.7777778
      vertex 0.5314153 -0.262065 0.8055556
    endloop
  endfacet
  facet normal 0.5387594 -0.2879729 0.7917133
    outer loop
      vertex 0.5443311 -0.3142697 0.7777778
      vertex 0.5314153 -0.262065 0.8055556
      vertex 0.5131376 -0.2962601 0.8055556
    endloop
  endfacet
  facet normal 0.5564402 -0.2521198 0.7917133
    outer loop
      vertex 0.5637198 -0.2779959 0.7777778
      vertex 0.5806947 -0.2405316 0.7777778
      vertex 0.5474173 -0.2267477 0.8055556
    endloop
  endfacet
  facet normal 0.5564402 -0.2521198 0.7917133
    outer loop
      vertex 0.5637198 -0.2779959 0.7777778
      vertex 0.5474173 -0.2267477 0.8055556
      vertex 0.5314153 -0.262065 0.8055556
    endloop
  endfacet
  facet normal 0.5717382 -0.215187 0.7917133
    outer loop
      vertex 0.5806947 -0.2405316 0.7777778
      vertex 0.5951829 -0.2020374 0.7777778
      vertex 0.5610753 -0.1904594 0.8055556
    endloop
  endfacet
  facet normal 0.5717382 -0.215187 0.7917133
    outer loop
      vertex 0.5806947 -0.2405316 0.7777778
      vertex 0.5610753 -0.1904594 0.8055556
      vertex 0.5474173 -0.2267477 0.8055556
    endloop
  endfacet
  facet normal 0.584588 -0.1773328 0.7917133
    outer loop
      vertex 0.5951829 -0.2020374 0.7777778
      vertex 0.6071224 -0.162678 0.7777778
      vertex 0.5723306 -0.1533555 0.8055556
    endloop
  endfacet
  facet normal 0.584588 -0.1773328 0.7917133
    outer loop
      vertex 0.5951829 -0.2020374 0.7777778
      vertex 0.5723306 -0.1533555 0.8055556
      vertex 0.5610753 -0.1904594 0.8055556
    endloop
  endfacet
  facet normal 0.5949345 -0.1387193 0.7917133
    outer loop
      vertex 0.6071224 -0.162678 0.7777778
      vertex 0.6164622 -0.1226219 0.7777778
      vertex 0.5811351 -0.115595 0.8055556
    endloop
  endfacet
  facet normal 0.5949345 -0.1387193 0.7917133
    outer loop
      vertex 0.6071224 -0.162678 0.7777778
      vertex 0.5811351 -0.115595 0.8055556
      vertex 0.5723306 -0.1533555 0.8055556
    endloop
  endfacet
  facet normal 0.6027333 -0.09951168 0.7917133
    outer loop
      vertex 0.6164622 -0.1226219 0.7777778
      vertex 0.6231621 -0.08204085 0.7777778
      vertex 0.5874512 -0.07733941 0.8055556
    endloop
  endfacet
  facet normal 0.6027333 -0.09951168 0.7917133
    outer loop
      vertex 0.6164622 -0.1226219 0.7777778
      vertex 0.5874512 -0.07733941 0.8055556
      vertex 0.5811351 -0.115595 0.8055556
    endloop
  endfacet
  facet normal 0.6079512 -0.05987797 0.7917133
    outer loop
      vertex 0.6231621 -0.08204085 0.7777778
      vertex 0.6271936 -0.04110844 0.7777778
      vertex 0.5912516 -0.03875268 0.8055556
    endloop
  endfacet
  facet normal 0.6079512 -0.05987797 0.7917133
    outer loop
      vertex 0.6231621 -0.08204085 0.7777778
      vertex 0.5912516 -0.03875268 0.8055556
      vertex 0.5874512 -0.07733941 0.8055556
    endloop
  endfacet
  facet normal 0.6105658 -0.01998785 0.7917133
    outer loop
      vertex 0.6271936 -0.04110844 0.7777778
      vertex 0.6285394 0 0.7777778
      vertex 0.5925203 0 0.8055556
    endloop
  endfacet
  facet normal 0.6105658 -0.01998785 0.7917133
    outer loop
      vertex 0.6271936 -0.04110844 0.7777778
      vertex 0.5925203 0 0.8055556
      vertex 0.5912516 -0.03875268 0.8055556
    endloop
  endfacet
  facet normal 0.5727132 0.01874869 0.8195414
    outer loop
      vertex 0.5925203 0 0.8055556
      vertex 0.5912516 0.03875268 0.8055556
      vertex 0.5515873 0.03615294 0.8333333
    endloop
  endfacet
  facet normal 0.5727132 0.01874869 0.8195414
    outer loop
      vertex 0.5925203 0 0.8055556
      vertex 0.5515873 0.03615294 0.8333333
      vertex 0.5527708 0 0.8333333
    endloop
  endfacet
  facet normal 0.5702608 0.05616579 0.8195414
    outer loop
      vertex 0.5912516 0.03875268 0.8055556
      vertex 0.5874512 0.07733941 0.8055556
      vertex 0.5480418 0.07215107 0.8333333
    endloop
  endfacet
  facet normal 0.5702608 0.05616579 0.8195414
    outer loop
      vertex 0.5912516 0.03875268 0.8055556
      vertex 0.5480418 0.07215107 0.8333333
      vertex 0.5515873 0.03615294 0.8333333
    endloop
  endfacet
  facet normal 0.5653664 0.09334237 0.8195414
    outer loop
      vertex 0.5874512 0.07733941 0.8055556
      vertex 0.5811351 0.115595 0.8055556
      vertex 0.5421495 0.1078402 0.8333333
    endloop
  endfacet
  facet normal 0.5653664 0.09334237 0.8195414
    outer loop
      vertex 0.5874512 0.07733941 0.8055556
      vertex 0.5421495 0.1078402 0.8333333
      vertex 0.5480418 0.07215107 0.8333333
    endloop
  endfacet
  facet normal 0.558051 0.1301193 0.8195414
    outer loop
      vertex 0.5811351 0.115595 0.8055556
      vertex 0.5723306 0.1533555 0.8055556
      vertex 0.5339356 0.1430676 0.8333333
    endloop
  endfacet
  facet normal 0.558051 0.1301193 0.8195414
    outer loop
      vertex 0.5811351 0.115595 0.8055556
      vertex 0.5339356 0.1430676 0.8333333
      vertex 0.5421495 0.1078402 0.8333333
    endloop
  endfacet
  facet normal 0.548346 0.1663389 0.8195414
    outer loop
      vertex 0.5723306 0.1533555 0.8055556
      vertex 0.5610753 0.1904594 0.8055556
      vertex 0.5234353 0.1776823 0.8333333
    endloop
  endfacet
  facet normal 0.548346 0.1663389 0.8195414
    outer loop
      vertex 0.5723306 0.1533555 0.8055556
      vertex 0.5234353 0.1776823 0.8333333
      vertex 0.5339356 0.1430676 0.8333333
    endloop
  endfacet
  facet normal 0.5362929 0.2018463 0.8195414
    outer loop
      vertex 0.5610753 0.1904594 0.8055556
      vertex 0.5474173 0.2267477 0.8055556
      vertex 0.5106936 0.2115362 0.8333333
    endloop
  endfacet
  facet normal 0.5362929 0.2018463 0.8195414
    outer loop
      vertex 0.5610753 0.1904594 0.8055556
      vertex 0.5106936 0.2115362 0.8333333
      vertex 0.5234353 0.1776823 0.8333333
    endloop
  endfacet
  facet normal 0.5219432 0.2364894 0.8195414
    outer loop
      vertex 0.5474173 0.2267477 0.8055556
      vertex 0.5314153 0.262065 0.8055556
      vertex 0.4957651 0.2444843 0.8333333
    endloop
  endfacet
  facet normal 0.5219432 0.2364894 0.8195414
    outer loop
      vertex 0.5474173 0.2267477 0.8055556
      vertex 0.4957651 0.2444843 0.8333333
      vertex 0.5106936 0.2115362 0.8333333
    endloop
  endfacet
  facet normal 0.5053586 0.2701198 0.8195414
    outer loop
      vertex 0.5314153 0.262065 0.8055556
      vertex 0.5131376 0.2962601 0.8055556
      vertex 0.4787136 0.2763854 0.8333333
    endloop
  endfacet
  facet normal 0.5053586 0.2701198 0.8195414
    outer loop
      vertex 0.5314153 0.262065 0.8055556
      vertex 0.4787136 0.2763854 0.8333333
      vertex 0.4957651 0.2444843 0.8333333
    endloop
  endfacet
  facet normal 0.4866099 0.3025935 0.8195414
    outer loop
      vertex 0.5131376 0.2962601 0.8055556
      vertex 0.4926626 0.3291866 0.8055556
      vertex 0.4596121 0.307103 0.8333333
    endloop
  endfacet
  facet normal 0.4866099 0.3025935 0.8195414
    outer loop
      vertex 0.5131376 0.2962601 0.8055556
      vertex 0.4596121 0.307103 0.8333333
      vertex 0.4787136 0.2763854 0.8333333
    endloop
  endfacet
  facet normal 0.4657774 0.3337714 0.8195414
    outer loop
      vertex 0.4926626 0.3291866 0.8055556
      vertex 0.4700779 0.3607035 0.8055556
      vertex 0.4385426 0.3365055 0.8333333
    endloop
  endfacet
  facet normal 0.4657774 0.3337714 0.8195414
    outer loop
      vertex 0.4926626 0.3291866 0.8055556
      vertex 0.4385426 0.3365055 0.8333333
      vertex 0.4596121 0.307103 0.8333333
    endloop
  endfacet
  facet normal 0.4429505 0.3635201 0.8195414
    outer loop
      vertex 0.4700779 0.3607035 0.8055556
      vertex 0.4454803 0.3906757 0.8055556
      vertex 0.4155951 0.3644671 0.8333333
    endloop
  endfacet
  facet normal 0.4429505 0.3635201 0.8195414
    outer loop
      vertex 0.4700779 0.3607035 0.8055556
      vertex 0.4155951 0.3644671 0.8333333
      vertex 0.4385426 0.3365055 0.8333333
    endloop
  endfacet
  facet normal 0.4182267 0.3917121 0.8195414
    outer loop
      vertex 0.4454803 0.3906757 0.8055556
      vertex 0.4189751 0.4189751 0.8055556
      vertex 0.390868 0.390868 0.8333333
    endloop
  endfacet
  facet normal 0.4182267 0.3917121 0.8195414
    outer loop
      vertex 0.4454803 0.3906757 0.8055556
      vertex 0.390868 0.390868 0.8333333
      vertex 0.4155951 0.3644671 0.8333333
    endloop
  endfacet
  facet normal 0.3917121 0.4182267 0.8195414
    outer loop
      vertex 0.4189751 0.4189751 0.8055556
      vertex 0.3906757 0.4454803 0.8055556
      vertex 0.3644671 0.4155951 0.8333333
    endloop
  endfacet
  facet normal 0.3917121 0.4182267 0.8195414
    outer loop
      vertex 0.4189751 0.4189751 0.8055556
      vertex 0.3644671 0.4155951 0.8333333
      vertex 0.390868 0.390868 0.8333333
    endloop
  endfacet
  facet normal 0.3635201 0.4429505 0.8195414
    outer loop
      vertex 0.3906757 0.4454803 0.8055556
      vertex 0.3607035 0.4700779 0.8055556
      vertex 0.3365055 0.4385426 0.8333333
    endloop
  endfacet
  facet normal 0.3635201 0.4429505 0.8195414
    outer loop
      vertex 0.3906757 0.4454803 0.8055556
      vertex 0.3365055 0.4385426 0.8333333
      vertex 0.3644671 0.4155951 0.8333333
    endloop
  endfacet
  facet normal 0.3337714 0.4657774 0.8195414
    outer loop
      vertex 0.3607035 0.4700779 0.8055556
      vertex 0.3291866 0.4926626 0.8055556
      vertex 0.307103 0.4596121 0.8333333
    endloop
  endfacet
  facet normal 0.3337714 0.4657774 0.8195414
    outer loop
      vertex 0.3607035 0.4700779 0.8055556
      vertex 0.307103 0.4596121 0.8333333
      vertex 0.3365055 0.4385426 0.8333333
    endloop
  endfacet
  facet normal 0.3025935 0.4866099 0.8195414
    outer loop
      vertex 0.3291866 0.4926626 0.8055556
      vertex 0.2962601 0.5131376 0.8055556
      vertex 0.2763854 0.4787136 0.8333333
    endloop
  endfacet
  facet normal 0.3025935 0.4866099 0.8195414
    outer loop
      vertex 0.3291866 0.4926626 0.8055556
      vertex 0.2763854 0.4787136 0.8333333
      vertex 0.307103 0.4596121 0.8333333
    endloop
  endfacet
  facet normal 0.2701198 0.5053586 0.8195414
    outer loop
      vertex 0.2962601 0.5131376 0.8055556
      vertex 0.262065 0.5314153 0.8055556
      vertex 0.2444843 0.4957651 0.8333333
    endloop
  endfacet
  facet normal 0.2701198 0.5053586 0.8195414
    outer loop
      vertex 0.2962601 0.5131376 0.8055556
      vertex 0.2444843 0.4957651 0.8333333
      vertex 0.2763854 0.4787136 0.8333333
    endloop
  endfacet
  facet normal 0.2364894 0.5219432 0.8195414
    outer loop
      vertex 0.262065 0.5314153 0.8055556
      vertex 0.2267477 0.5474173 0.8055556
      vertex 0.2115362 0.5106936 0.8333333
    endloop
  endfacet
  facet normal 0.2364894 0.5219432 0.8195414
    outer loop
      vertex 0.262065 0.5314153 0.8055556
      vertex 0.2115362 0.5106936 0.8333333
      vertex 0.2444843 0.4957651 0.8333333
    endloop
  endfacet
  facet normal 0.2018463 0.5362929 0.8195414
    outer loop
      vertex 0.2267477 0.5474173 0.8055556
      vertex 0.1904594 0.5610753 0.8055556
      vertex 0.1776823 0.5234353 0.8333333
    endloop
  endfacet
  facet normal 0.2018463 0.5362929 0.8195414
    outer loop
      vertex 0.2267477 0.5474173 0.8055556
      vertex 0.1776823 0.5234353 0.8333333
      vertex 0.2115362 0.5106936 0.8333333
    endloop
  endfacet
  facet normal 0.1663389 0.548346 0.8195414
    outer loop
      vertex 0.1904594 0.5610753 0.8055556
      vertex 0.1533555 0.5723306 0.8055556
      vertex 0.1430676 0.5339356 0.8333333
    endloop
  endfacet
  facet normal 0.1663389 0.548346 0.8195414
    outer loop
      vertex 0.1904594 0.5610753 0.8055556
      vertex 0.1430676 0.5339356 0.8333333
      vertex 0.1776823 0.5234353 0.8333333
    endloop
  endfacet
  facet normal 0.1301193 0.558051 0.8195414
    outer loop
      vertex 0.1533555 0.5723306 0.8055556
      vertex 0.115595 0.5811351 0.8055556
      vertex 0.1078402 0.5421495 0.8333333
    endloop
  endfacet
  facet normal 0.1301193 0.558051 0.8195414
    outer loop
      vertex 0.1533555 0.5723306 0.8055556
      vertex 0.1078402 0.5421495 0.8333333
      vertex 0.1430676 0.5339356 0.8333333
    endloop
  endfacet
  facet normal 0.09334237 0.5653664 0.8195414
    outer loop
      vertex 0.115595 0.5811351 0.8055556
      vertex 0.07733941 0.5874512 0.8055556
      vertex 0.07215107 0.5480418 0.8333333
    endloop
  endfacet
  facet normal 0.09334237 0.5653664 0.8195414
    outer loop
      vertex 0.115595 0.5811351 0.8055556
      vertex 0.07215107 0.5480418 0.8333333
      vertex 0.1078402 0.5421495 0.8333333
    endloop
  endfacet
  facet normal 0.05616579 0.5702608 0.8195414
    outer loop
      vertex 0.07733941 0.5874512 0.8055556
      vertex 0.03875268 0.5912516 0.8055556
      vertex 0.03615294 0.5515873 0.8333333
    endloop
  endfacet
  facet normal 0.05616579 0.5702608 0.8195414
    outer loop
      vertex 0.07733941 0.5874512 0.8055556
      vertex 0.03615294 0.5515873 0.8333333
      vertex 0.07215107 0.5480418 0.8333333
    endloop
  endfacet
  facet normal 0.01874869 0.5727132 0.8195414
    outer loop
      vertex 0.03875268 0.5912516 0.8055556
      vertex 3.62814e-17 0.5925203 0.8055556
      vertex 3.384745e-17 0.5527708 0.8333333
    endloop
  endfacet
  facet normal 0.01874869 0.5727132 0.8195414
    outer loop
      vertex 0.03875268 0.5912516 0.8055556
      vertex 3.384745e-17 0.5527708 0.8333333
      vertex 0.03615294 0.5515873 0.8333333
    endloop
  endfacet
  facet normal -0.01874869 0.5727132 0.8195414
    outer loop
      vertex 3.62814e-17 0.5925203 0.8055556
      vertex -0.03875268 0.5912516 0.8055556
      vertex -0.03615294 0.5515873 0.8333333
    endloop
  endfacet
  facet normal -0.01874869 0.5727132 0.8195414
    outer loop
      vertex 3.62814e-17 0.5925203 0.8055556
      vertex -0.03615294 0.5515873 0.8333333
      vertex 3.384745e-17 0.5527708 0.8333333
    endloop
  endfacet
  facet normal -0.05616579 0.5702608 0.8195414
    outer loop
      vertex -0.03875268 0.5912516 0.8055556
      vertex -0.07733941 0.5874512 0.8055556
      vertex -0.07215107 0.5480418 0.8333333
    endloop
  endfacet
  facet normal -0.05616579 0.5702608 0.8195414
    outer loop
      vertex -0.03875268 0.5912516 0.8055556
      vertex -0.07215107 0.5480418 0.8333333
      vertex -0.03615294 0.5515873 0.8333333
    endloop
  endfacet
  facet normal -0.09334237 0.5653664 0.8195414
    outer loop
      vertex -0.07733941 0.5874512 0.8055556
      vertex -0.115595 0.5811351 0.8055556
      vertex -0.1078402 0.5421495 0.8333333
    endloop
  endfacet
  facet normal -0.09334237 0.5653664 0.8195414
    outer loop
      vertex -0.07733941 0.5874512 0.8055556
      vertex -0.1078402 0.5421495 0.8333333
      vertex -0.07215107 0.5480418 0.8333333
    endloop
  endfacet
  facet normal -0.1301193 0.558051 0.8195414
    outer loop
      vertex -0.115595 0.5811351 0.8055556
      vertex -0.1533555 0.5723306 0.8055556
      vertex -0.1430676 0.5339356 0.8333333
    endloop
  endfacet
  facet normal -0.1301193 0.558051 0.8195414
    outer loop
      vertex -0.115595 0.5811351 0.8055556
      vertex -0.1430676 0.5339356 0.8333333
      vertex -0.1078402 0.5421495 0.8333333
    endloop
  endfacet
  facet normal -0.1663389 0.548346 0.8195414
    outer loop
      vertex -0.1533555 0.5723306 0.8055556
      vertex -0.1904594 0.5610753 0.8055556
      vertex -0.1776823 0.5234353 0.8333333
    endloop
  endfacet
  facet normal -0.1663389 0.548346 0.8195414
    outer loop
      vertex -0.1533555 0.5723306 0.8055556
      vertex -0.1776823 0.5234353 0.8333333
      vertex -0.1430676 0.5339356 0.8333333
    endloop
  endfacet
  facet normal -0.2018463 0.5362929 0.8195414
    outer loop
      vertex -0.1904594 0.5610753 0.8055556
      vertex -0.2267477 0.5474173 0.8055556
      vertex -0.2115362 0.5106936 0.8333333
    endloop
  endfacet
  facet normal -0.2018463 0.5362929 0.8195414
    outer loop
      vertex -0.1904594 0.5610753 0.8055556
      vertex -0.2115362 0.5106936 0.8333333
      vertex -0.1776823 0.5234353 0.8333333
    endloop
  endfacet
  facet normal -0.2364894 0.5219432 0.8195414
    outer loop
      vertex -0.2267477 0.5474173 0.8055556
      vertex -0.262065 0.5314153 0.8055556
      vertex -0.2444843 0.4957651 0.8333333
    endloop
  endfacet
  facet normal -0.2364894 0.5219432 0.8195414
    outer loop
      vertex -0.2267477 0.5474173 0.8055556
      vertex -0.2444843 0.4957651 0.8333333
      vertex -0.2115362 0.5106936 0.8333333
    endloop
  endfacet
  facet normal -0.2701198 0.5053586 0.8195414
    outer loop
      vertex -0.262065 0.5314153 0.8055556
      vertex -0.2962601 0.5131376 0.8055556
      vertex -0.2763854 0.4787136 0.8333333
    endloop
  endfacet
  facet normal -0.2701198 0.5053586 0.8195414
    outer loop
      vertex -0.262065 0.5314153 0.8055556
      vertex -0.2763854 0.4787136 0.8333333
      vertex -0.2444843 0.4957651 0.8333333
    endloop
  endfacet
  facet normal -0.3025935 0.4866099 0.8195414
    outer loop
      vertex -0.2962601 0.5131376 0.8055556
      vertex -0.3291866 0.4926626 0.8055556
      vertex -0.307103 0.4596121 0.8333333
    endloop
  endfacet
  facet normal -0.3025935 0.4866099 0.8195414
    outer loop
      vertex -0.2962601 0.5131376 0.8055556
      vertex -0.307103 0.4596121 0.8333333
      vertex -0.2763854 0.4787136 0.8333333
    endloop
  endfacet
  facet normal -0.3337714 0.4657774 0.8195414
    outer loop
      vertex -0.3291866 0.4926626 0.8055556
      vertex -0.3607035 0.4700779 0.8055556
      vertex -0.3365055 0.4385426 0.8333333
    endloop
  endfacet
  facet normal -0.3337714 0.4657774 0.8195414
    outer loop
      vertex -0.3291866 0.4926626 0.8055556
      vertex -0.3365055 0.4385426 0.8333333
      vertex -0.307103 0.4596121 0.8333333
    endloop
  endfacet
  facet normal -0.3635201 0.4429505 0.8195414
    outer loop
      vertex -0.3607035 0.4700779 0.8055556
      vertex -0.3906757 0.4454803 0.8055556
      vertex -0.3644671 0.4155951 0.8333333
    endloop
  endfacet
  facet normal -0.3635201 0.4429505 0.8195414
    outer loop
      vertex -0.3607035 0.4700779 0.8055556
      vertex -0.3644671 0.4155951 0.8333333
      vertex -0.3365055 0.4385426 0.8333333
    endloop
  endfacet
  facet normal -0.3917121 0.4182267 0.8195414
    outer loop
      vertex -0.3906757 0.4454803 0.8055556
      vertex -0.4189751 0.4189751 0.8055556
      vertex -0.390868 0.390868 0.8333333
    endloop
  endfacet
  facet normal -0.3917121 0.4182267 0.8195414
    outer loop
      vertex -0.3906757 0.4454803 0.8055556
      vertex -0.390868 0.390868 0.8333333
      vertex -0.3644671 0.4155951 0.8333333
    endloop
  endfacet
  facet normal -0.4182267 0.3917121 0.8195414
    outer loop
      vertex -0.4189751 0.4189751 0.8055556
      vertex -0.4454803 0.3906757 0.8055556
      vertex -0.4155951 0.3644671 0.8333333
    endloop
  endfacet
  facet normal -0.4182267 0.3917121 0.8195414
    outer loop
      vertex -0.4189751 0.4189751 0.8055556
      vertex -0.4155951 0.3644671 0.8333333
      vertex -0.390868 0.390868 0.8333333
    endloop
  endfacet
  facet normal -0.4429505 0.3635201 0.8195414
    outer loop
      vertex -0.4454803 0.3906757 0.8055556
      vertex -0.4700779 0.3607035 0.8055556
      vertex -0.4385426 0.3365055 0.8333333
    endloop
  endfacet
  facet normal -0.4429505 0.3635201 0.8195414
    outer loop
      vertex -0.4454803 0.3906757 0.8055556
      vertex -0.4385426 0.3365055 0.8333333
      vertex -0.4155951 0.3644671 0.8333333
    endloop
  endfacet
  facet normal -0.4657774 0.3337714 0.8195414
    outer loop
      vertex -0.4700779 0.3607035 0.8055556
      vertex -0.4926626 0.3291866 0.8055556
      vertex -0.4596121 0.307103 0.8333333
    endloop
  endfacet
  facet normal -0.4657774 0.3337714 0.8195414
    outer loop
      vertex -0.4700779 0.3607035 0.8055556
      vertex -0.4596121 0.307103 0.8333333
      vertex -0.4385426 0.3365055 0.8333333
    endloop
  endfacet
  facet normal -0.4866099 0.3025935 0.8195414
    outer loop
      vertex -0.4926626 0.3291866 0.8055556
      vertex -0.5131376 0.2962601 0.8055556
      vertex -0.4787136 0.2763854 0.8333333
    endloop
  endfacet
  facet normal -0.4866099 0.3025935 0.8195414
    outer loop
      vertex -0.4926626 0.3291866 0.8055556
      vertex -0.4787136 0.2763854 0.8333333
      vertex -0.4596121 0.307103 0.8333333
    endloop
  endfacet
  facet normal -0.5053586 0.2701198 0.8195414
    outer loop
      vertex -0.5131376 0.2962601 0.8055556
      vertex -0.5314153 0.262065 0.8055556
      vertex -0.4957651 0.2444843 0.8333333
    endloop
  endfacet
  facet normal -0.5053586 0.2701198 0.8195414
    outer loop
      vertex -0.5131376 0.2962601 0.8055556
      vertex -0.4957651 0.2444843 0.8333333
      vertex -0.4787136 0.2763854 0.8333333
    endloop
  endfacet
  facet normal -0.5219432 0.2364894 0.8195414
    outer loop
      vertex -0.5314153 0.262065 0.8055556
      vertex -0.5474173 0.2267477 0.8055556
      vertex -0.5106936 0.2115362 0.8333333
    endloop
  endfacet
  facet normal -0.5219432 0.2364894 0.8195414
    outer loop
      vertex -0.5314153 0.262065 0.8055556
      vertex -0.5106936 0.2115362 0.8333333
      vertex -0.4957651 0.2444843 0.8333333
    endloop
  endfacet
  facet normal -0.5362929 0.2018463 0.8195414
    outer loop
      vertex -0.5474173 0.2267477 0.8055556
      vertex -0.5610753 0.1904594 0.8055556
      vertex -0.5234353 0.1776823 0.8333333
    endloop
  endfacet
  facet normal -0.5362929 0.2018463 0.8195414
    outer loop
      vertex -0.5474173 0.2267477 0.8055556
      vertex -0.5234353 0.1776823 0.8333333
      vertex -0.5106936 0.2115362 0.8333333
    endloop
  endfacet
  facet normal -0.548346 0.1663389 0.8195414
    outer loop
      vertex -0.5610753 0.1904594 0.8055556
      vertex -0.5723306 0.1533555 0.8055556
      vertex -0.5339356 0.1430676 0.8333333
    endloop
  endfacet
  facet normal -0.548346 0.1663389 0.8195414
    outer loop
      vertex -0.5610753 0.1904594 0.8055556
      vertex -0.5339356 0.1430676 0.8333333
      vertex -0.5234353 0.1776823 0.8333333
    endloop
  endfacet
  facet normal -0.558051 0.1301193 0.8195414
    outer loop
      vertex -0.5723306 0.1533555 0.8055556
      vertex -0.5811351 0.115595 0.8055556
      vertex -0.5421495 0.1078402 0.8333333
    endloop
  endfacet
  facet normal -0.558051 0.1301193 0.8195414
    outer loop
      vertex -0.5723306 0.1533555 0.8055556
      vertex -0.5421495 0.1078402 0.8333333
      vertex -0.5339356 0.1430676 0.8333333
    endloop
  endfacet
  facet normal -0.5653664 0.09334237 0.8195414
    outer loop
      vertex -0.5811351 0.115595 0.8055556
      vertex -0.5874512 0.07733941 0.8055556
      vertex -0.5480418 0.07215107 0.8333333
    endloop
  endfacet
  facet normal -0.5653664 0.09334237 0.8195414
    outer loop
      vertex -0.5811351 0.115595 0.8055556
      vertex -0.5480418 0.07215107 0.8333333
      vertex -0.5421495 0.1078402 0.8333333
    endloop
  endfacet
  facet normal -0.5702608 0.05616579 0.8195414
    outer loop
      vertex -0.5874512 0.07733941 0.8055556
      vertex -0.5912516 0.03875268 0.8055556
      vertex -0.5515873 0.03615294 0.8333333
    endloop
  endfacet
  facet normal -0.5702608 0.05616579 0.8195414
    outer loop
      vertex -0.5874512 0.07733941 0.8055556
      vertex -0.5515873 0.03615294 0.8333333
      vertex -0.5480418 0.07215107 0.8333333
    endloop
  endfacet
  facet normal -0.5727132 0.01874869 0.8195414
    outer loop
      vertex -0.5912516 0.03875268 0.8055556
      vertex -0.5925203 7.25628e-17 0.8055556
      vertex -0.5527708 6.76949e-17 0.8333333
    endloop
  endfacet
  facet normal -0.5727132 0.01874869 0.8195414
    outer loop
      vertex -0.5912516 0.03875268 0.8055556
      vertex -0.5527708 6.76949e-17 0.8333333
      vertex -0.5515873 0.03615294 0.8333333
    endloop
  endfacet
  facet normal -0.5727132 -0.01874869 0.8195414
    outer loop
      vertex -0.5925203 7.25628e-17 0.8055556
      vertex -0.5912516 -0.03875268 0.8055556
      vertex -0.5515873 -0.03615294 0.8333333
    endloop
  endfacet
  facet normal -0.5727132 -0.01874869 0.8195414
    outer loop
      vertex -0.5925203 7.25628e-17 0.8055556
      vertex -0.5515873 -0.03615294 0.8333333
      vertex -0.5527708 6.76949e-17 0.8333333
    endloop
  endfacet
  facet normal -0.5702608 -0.05616579 0.8195414
    outer loop
      vertex -0.5912516 -0.03875268 0.8055556
      vertex -0.5874512 -0.07733941 0.8055556
      vertex -0.5480418 -0.07215107 0.8333333
    endloop
  endfacet
  facet normal -0.5702608 -0.05616579 0.8195414
    outer loop
      vertex -0.5912516 -0.03875268 0.8055556
      vertex -0.5480418 -0.07215107 0.8333333
      vertex -0.5515873 -0.03615294 0.8333333
    endloop
  endfacet
  facet normal -0.5653664 -0.09334237 0.8195414
    outer loop
      vertex -0.5874512 -0.07733941 0.8055556
      vertex -0.5811351 -0.115595 0.8055556
      vertex -0.5421495 -0.1078402 0.8333333
    endloop
  endfacet
  facet normal -0.5653664 -0.09334237 0.8195414
    outer loop
      vertex -0.5874512 -0.07733941 0.8055556
      vertex -0.5421495 -0.1078402 0.8333333
      vertex -0.5480418 -0.07215107 0.8333333
    endloop
  endfacet
  facet normal -0.558051 -0.1301193 0.8195414
    outer loop
      vertex -0.5811351 -0.115595 0.8055556
      vertex -0.5723306 -0.1533555 0.8055556
      vertex -0.5339356 -0.1430676 0.8333333
    endloop
  endfacet
  facet normal -0.558051 -0.1301193 0.8195414
    outer loop
      vertex -0.5811351 -0.115595 0.8055556
      vertex -0.5339356 -0.1430676 0.8333333
      vertex -0.5421495 -0.1078402 0.8333333
    endloop
  endfacet
  facet normal -0.548346 -0.1663389 0.8195414
    outer loop
      vertex -0.5723306 -0.1533555 0.8055556
      vertex -0.5610753 -0.1904594 0.8055556
      vertex -0.5234353 -0.1776823 0.8333333
    endloop
  endfacet
  facet normal -0.548346 -0.1663389 0.8195414
    outer loop
      vertex -0.5723306 -0.1533555 0.8055556
      vertex -0.5234353 -0.1776823 0.8333333
      vertex -0.5339356 -0.1430676 0.8333333
    endloop
  endfacet
  facet normal -0.5362929 -0.2018463 0.8195414
    outer loop
      vertex -0.5610753 -0.1904594 0.8055556
      vertex -0.5474173 -0.2267477 0.8055556
      vertex -0.5106936 -0.2115362 0.8333333
    endloop
  endfacet
  facet normal -0.5362929 -0.2018463 0.8195414
    outer loop
      vertex -0.5610753 -0.1904594 0.8055556
      vertex -0.5106936 -0.2115362 0.8333333
      vertex -0.5234353 -0.1776823 0.8333333
    endloop
  endfacet
  facet normal -0.5219432 -0.2364894 0.8195414
    outer loop
      vertex -0.5474173 -0.2267477 0.8055556
      vertex -0.5314153 -0.262065 0.8055556
      vertex -0.4957651 -0.2444843 0.8333333
    endloop
  endfacet
  facet normal -0.5219432 -0.2364894 0.8195414
    outer loop
      vertex -0.5474173 -0.2267477 0.8055556
      vertex -0.4957651 -0.2444843 0.8333333
      vertex -0.5106936 -0.2115362 0.8333333
    endloop
  endfacet
  facet normal -0.5053586 -0.2701198 0.8195414
    outer loop
      vertex -0.5314153 -0.262065 0.8055556
      vertex -0.5131376 -0.2962601 0.8055556
      vertex -0.4787136 -0.2763854 0.8333333
    endloop
  endfacet
  facet normal -0.5053586 -0.2701198 0.8195414
    outer loop
      vertex -0.5314153 -0.262065 0.8055556
      vertex -0.4787136 -0.2763854 0.8333333
      vertex -0.4957651 -0.2444843 0.8333333
    endloop
  endfacet
  facet normal -0.4866099 -0.3025935 0.8195414
    outer loop
      vertex -0.5131376 -0.2962601 0.8055556
      vertex -0.4926626 -0.3291866 0.8055556
      vertex -0.4596121 -0.307103 0.8333333
    endloop
  endfacet
  facet normal -0.4866099 -0.3025935 0.8195414
    outer loop
      vertex -0.5131376 -0.2962601 0.8055556
      vertex -0.4596121 -0.307103 0.8333333
      vertex -0.4787136 -0.2763854 0.8333333
    endloop
  endfacet
  facet normal -0.4657774 -0.3337714 0.8195414
    outer loop
      vertex -0.4926626 -0.3291866 0.8055556
      vertex -0.4700779 -0.3607035 0.8055556
      vertex -0.4385426 -0.3365055 0.8333333
    endloop
  endfacet
  facet normal -0.4657774 -0.3337714 0.8195414
    outer loop
      vertex -0.4926626 -0.3291866 0.8055556
      vertex -0.4385426 -0.3365055 0.8333333
      vertex -0.4596121 -0.307103 0.8333333
    endloop
  endfacet
  facet normal -0.4429505 -0.3635201 0.8195414
    outer loop
      vertex -0.4700779 -0.3607035 0.8055556
      vertex -0.4454803 -0.3906757 0.8055556
      vertex -0.4155951 -0.3644671 0.8333333
    endloop
  endfacet
  facet normal -0.4429505 -0.3635201 0.8195414
    outer loop
      vertex -0.4700779 -0.3607035 0.8055556
      vertex -0.4155951 -0.3644671 0.8333333
      vertex -0.4385426 -0.3365055 0.8333333
    endloop
  endfacet
  facet normal -0.4182267 -0.3917121 0.8195414
    outer loop
      vertex -0.4454803 -0.3906757 0.8055556
      vertex -0.4189751 -0.4189751 0.8055556
      vertex -0.390868 -0.390868 0.8333333
    endloop
  endfacet
  facet normal -0.4182267 -0.3917121 0.8195414
    outer loop
      vertex -0.4454803 -0.3906757 0.8055556
      vertex -0.390868 -0.390868 0.8333333
      vertex -0.4155951 -0.3644671 0.8333333
    endloop
  endfacet
  facet normal -0.3917121 -0.4182267 0.8195414
    outer loop
      vertex -0.4189751 -0.4189751 0.8055556
      vertex -0.3906757 -0.4454803 0.8055556
      vertex -0.3644671 -0.4155951 0.8333333
    endloop
  endfacet
  facet normal -0.3917121 -0.4182267 0.8195414
    outer loop
      vertex -0.4189751 -0.4189751 0.8055556
      vertex -0.3644671 -0.4155951 0.8333333
      vertex -0.390868 -0.390868 0.8333333
    endloop
  endfacet
  facet normal -0.3635201 -0.4429505 0.8195414
    outer loop
      vertex -0.3906757 -0.4454803 0.8055556
      vertex -0.3607035 -0.4700779 0.8055556
      vertex -0.3365055 -0.4385426 0.8333333
    endloop
  endfacet
  facet normal -0.3635201 -0.4429505 0.8195414
    outer loop
      vertex -0.3906757 -0.4454803 0.8055556
      vertex -0.3365055 -0.4385426 0.8333333
      vertex -0.3644671 -0.4155951 0.8333333
    endloop
  endfacet
  facet normal -0.3337714 -0.4657774 0.8195414
    outer loop
      vertex -0.3607035 -0.4700779 0.8055556
      vertex -0.3291866 -0.4926626 0.8055556
      vertex -0.307103 -0.4596121 0.8333333
    endloop
  endfacet
  facet normal -0.3337714 -0.4657774 0.8195414
    outer loop
      vertex -0.3607035 -0.4700779 0.8055556
      vertex -0.307103 -0.4596121 0.8333333
      vertex -0.3365055 -0.4385426 0.8333333
    endloop
  endfacet
  facet normal -0.3025935 -0.4866099 0.8195414
    outer loop
      vertex -0.3291866 -0.4926626 0.8055556
      vertex -0.2962601 -0.5131376 0.8055556
      vertex -0.2763854 -0.4787136 0.8333333
    endloop
  endfacet
  facet normal -0.3025935 -0.4866099 0.8195414
    outer loop
      vertex -0.3291866 -0.4926626 0.8055556
      vertex -0.2763854 -0.4787136 0.8333333
      vertex -0.307103 -0.4596121 0.8333333
    endloop
  endfacet
  facet normal -0.2701198 -0.5053586 0.8195414
    outer loop
      vertex -0.2962601 -0.5131376 0.8055556
      vertex -0.262065 -0.5314153 0.8055556
      vertex -0.2444843 -0.4957651 0.8333333
    endloop
  endfacet
  facet normal -0.2701198 -0.5053586 0.8195414
    outer loop
      vertex -0.2962601 -0.5131376 0.8055556
      vertex -0.2444843 -0.4957651 0.8333333
      vertex -0.2763854 -0.4787136 0.8333333
    endloop
  endfacet
  facet normal -0.2364894 -0.5219432 0.8195414
    outer loop
      vertex -0.262065 -0.5314153 0.8055556
      vertex -0.2267477 -0.5474173 0.8055556
      vertex -0.2115362 -0.5106936 0.8333333
    endloop
  endfacet
  facet normal -0.2364894 -0.5219432 0.8195414
    outer loop
      vertex -0.262065 -0.5314153 0.8055556
      vertex -0.2115362 -0.5106936 0.8333333
      vertex -0.2444843 -0.4957651 0.8333333
    endloop
  endfacet
  facet normal -0.2018463 -0.5362929 0.8195414
    outer loop
      vertex -0.2267477 -0.5474173 0.8055556
      vertex -0.1904594 -0.5610753 0.8055556
      vertex -0.1776823 -0.5234353 0.8333333
    endloop
  endfacet
  facet normal -0.2018463 -0.5362929 0.8195414
    outer loop
      vertex -0.2267477 -0.5474173 0.8055556
      vertex -0.1776823 -0.5234353 0.8333333
      vertex -0.2115362 -0.5106936 0.8333333
    endloop
  endfacet
  facet normal -0.1663389 -0.548346 0.8195414
    outer loop
      vertex -0.1904594 -0.5610753 0.8055556
      vertex -0.1533555 -0.5723306 0.8055556
      vertex -0.1430676 -0.5339356 0.8333333
    endloop
  endfacet
  facet normal -0.1663389 -0.548346 0.8195414
    outer loop
      vertex -0.1904594 -0.5610753 0.8055556
      vertex -0.1430676 -0.5339356 0.8333333
      vertex -0.1776823 -0.5234353 0.8333333
    endloop
  endfacet
  facet normal -0.1301193 -0.558051 0.8195414
    outer loop
      vertex -0.1533555 -0.5723306 0.8055556
      vertex -0.115595 -0.5811351 0.8055556
      vertex -0.1078402 -0.5421495 0.8333333
    endloop
  endfacet
  facet normal -0.1301193 -0.558051 0.8195414
    outer loop
      vertex -0.1533555 -0.5723306 0.8055556
      vertex -0.1078402 -0.5421495 0.8333333
      vertex -0.1430676 -0.5339356 0.8333333
    endloop
  endfacet
  facet normal -0.09334237 -0.5653664 0.8195414
    outer loop
      vertex -0.115595 -0.5811351 0.8055556
      vertex -0.07733941 -0.5874512 0.8055556
      vertex -0.07215107 -0.5480418 0.8333333
    endloop
  endfacet
  facet normal -0.09334237 -0.5653664 0.8195414
    outer loop
      vertex -0.115595 -0.5811351 0.8055556
      vertex -0.07215107 -0.5480418 0.8333333
      vertex -0.1078402 -0.5421495 0.8333333
    endloop
  endfacet
  facet normal -0.05616579 -0.5702608 0.8195414
    outer loop
      vertex -0.07733941 -0.5874512 0.8055556
      vertex -0.03875268 -0.5912516 0.8055556
      vertex -0.03615294 -0.5515873 0.8333333
    endloop
  endfacet
  facet normal -0.05616579 -0.5702608 0.8195414
    outer loop
      vertex -0.07733941 -0.5874512 0.8055556
      vertex -0.03615294 -0.5515873 0.8333333
      vertex -0.07215107 -0.5480418 0.8333333
    endloop
  endfacet
  facet normal -0.01874869 -0.5727132 0.8195414
    outer loop
      vertex -0.03875268 -0.5912516 0.8055556
      vertex -1.088442e-16 -0.5925203 0.8055556
      vertex -1.015423e-16 -0.5527708 0.8333333
    endloop
  endfacet
  facet normal -0.01874869 -0.5727132 0.8195414
    outer loop
      vertex -0.03875268 -0.5912516 0.8055556
      vertex -1.015423e-16 -0.5527708 0.8333333
      vertex -0.03615294 -0.5515873 0.8333333
    endloop
  endfacet
  facet normal 0.01874869 -0.5727132 0.8195414
    outer loop
      vertex -1.088442e-16 -0.5925203 0.8055556
      vertex 0.03875268 -0.5912516 0.8055556
      vertex 0.03615294 -0.5515873 0.8333333
    endloop
  endfacet
  facet normal 0.01874869 -0.5727132 0.8195414
    outer loop
      vertex -1.088442e-16 -0.5925203 0.8055556
      vertex 0.03615294 -0.5515873 0.8333333
      vertex -1.015423e-16 -0.5527708 0.8333333
    endloop
  endfacet
  facet normal 0.05616579 -0.5702608 0.8195414
    outer loop
      vertex 0.03875268 -0.5912516 0.8055556
      vertex 0.07733941 -0.5874512 0.8055556
      vertex 0.07215107 -0.5480418 0.8333333
    endloop
  endfacet
  facet normal 0.05616579 -0.5702608 0.8195414
    outer loop
      vertex 0.03875268 -0.5912516 0.8055556
      vertex 0.07215107 -0.5480418 0.8333333
      vertex 0.03615294 -0.5515873 0.8333333
    endloop
  endfacet
  facet normal 0.09334237 -0.5653664 0.8195414
    outer loop
      vertex 0.07733941 -0.5874512 0.8055556
      vertex 0.115595 -0.5811351 0.8055556
      vertex 0.1078402 -0.5421495 0.8333333
    endloop
  endfacet
  facet normal 0.09334237 -0.5653664 0.8195414
    outer loop
      vertex 0.07733941 -0.5874512 0.8055556
      vertex 0.1078402 -0.5421495 0.8333333
      vertex 0.07215107 -0.5480418 0.8333333
    endloop
  endfacet
  facet normal 0.1301193 -0.558051 0.8195414
    outer loop
      vertex 0.115595 -0.5811351 0.8055556
      vertex 0.1533555 -0.5723306 0.8055556
      vertex 0.1430676 -0.5339356 0.8333333
    endloop
  endfacet
  facet normal 0.1301193 -0.558051 0.8195414
    outer loop
      vertex 0.115595 -0.5811351 0.8055556
      vertex 0.1430676 -0.5339356 0.8333333
      vertex 0.1078402 -0.5421495 0.8333333
    endloop
  endfacet
  facet normal 0.1663389 -0.548346 0.8195414
    outer loop
      vertex 0.1533555 -0.5723306 0.8055556
      vertex 0.1904594 -0.5610753 0.8055556
      vertex 0.1776823 -0.5234353 0.8333333
    endloop
  endfacet
  facet normal 0.1663389 -0.548346 0.8195414
    outer loop
      vertex 0.1533555 -0.5723306 0.8055556
      vertex 0.1776823 -0.5234353 0.8333333
      vertex 0.1430676 -0.5339356 0.8333333
    endloop
  endfacet
  facet normal 0.2018463 -0.5362929 0.8195414
    outer loop
      vertex 0.1904594 -0.5610753 0.8055556
      vertex 0.2267477 -0.5474173 0.8055556
      vertex 0.2115362 -0.5106936 0.8333333
    endloop
  endfacet
  facet normal 0.2018463 -0.5362929 0.8195414
    outer loop
      vertex 0.1904594 -0.5610753 0.8055556
      vertex 0.2115362 -0.5106936 0.8333333
      vertex 0.1776823 -0.5234353 0.8333333
    endloop
  endfacet
  facet normal 0.2364894 -0.5219432 0.8195414
    outer loop
      vertex 0.2267477 -0.5474173 0.8055556
      vertex 0.262065 -0.5314153 0.8055556
      vertex 0.2444843 -0.4957651 0.8333333
    endloop
  endfacet
  facet normal 0.2364894 -0.5219432 0.8195414
    outer loop
      vertex 0.2267477 -0.5474173 0.8055556
      vertex 0.2444843 -0.4957651 0.8333333
      vertex 0.2115362 -0.5106936 0.8333333
    endloop
  endfacet
  facet normal 0.2701198 -0.5053586 0.8195414
    outer loop
      vertex 0.262065 -0.5314153 0.8055556
      vertex 0.2962601 -0.5131376 0.8055556
      vertex 0.2763854 -0.4787136 0.8333333
    endloop
  endfacet
  facet normal 0.2701198 -0.5053586 0.8195414
    outer loop
      vertex 0.262065 -0.5314153 0.8055556
      vertex 0.2763854 -0.4787136 0.8333333
      vertex 0.2444843 -0.4957651 0.8333333
    endloop
  endfacet
  facet normal 0.3025935 -0.4866099 0.8195414
    outer loop
      vertex 0.2962601 -0.5131376 0.8055556
      vertex 0.3291866 -0.4926626 0.8055556
      vertex 0.307103 -0.4596121 0.8333333
    endloop
  endfacet
  facet normal 0.3025935 -0.4866099 0.8195414
    outer loop
      vertex 0.2962601 -0.5131376 0.8055556
      vertex 0.307103 -0.4596121 0.8333333
      vertex 0.2763854 -0.4787136 0.8333333
    endloop
  endfacet
  facet normal 0.3337714 -0.4657774 0.8195414
    outer loop
      vertex 0.3291866 -0.4926626 0.8055556
      vertex 0.3607035 -0.4700779 0.8055556
      vertex 0.3365055 -0.4385426 0.8333333
    endloop
  endfacet
  facet normal 0.3337714 -0.4657774 0.8195414
    outer loop
      vertex 0.3291866 -0.4926626 0.8055556
      vertex 0.3365055 -0.4385426 0.8333333
      vertex 0.307103 -0.4596121 0.8333333
    endloop
  endfacet
  facet normal 0.3635201 -0.4429505 0.8195414
    outer loop
      vertex 0.3607035 -0.4700779 0.8055556
      vertex 0.3906757 -0.4454803 0.8055556
      vertex 0.3644671 -0.4155951 0.8333333
    endloop
  endfacet
  facet normal 0.3635201 -0.4429505 0.8195414
    outer loop
      vertex 0.3607035 -0.4700779 0.8055556
      vertex 0.3644671 -0.4155951 0.8333333
      vertex 0.3365055 -0.4385426 0.8333333
    endloop
  endfacet
  facet normal 0.3917121 -0.4182267 0.8195414
    outer loop
      vertex 0.3906757 -0.4454803 0.8055556
      vertex 0.4189751 -0.4189751 0.8055556
      vertex 0.390868 -0.390868 0.8333333
    endloop
  endfacet
  facet normal 0.3917121 -0.4182267 0.8195414
    outer loop
      vertex 0.3906757 -0.4454803 0.8055556
      vertex 0.390868 -0.390868 0.8333333
      vertex 0.3644671 -0.4155951 0.8333333
    endloop
  endfacet
  facet normal 0.4182267 -0.3917121 0.8195414
    outer loop
      vertex 0.4189751 -0.4189751 0.8055556
      vertex 0.4454803 -0.3906757 0.8055556
      vertex 0.4155951 -0.3644671 0.8333333
    endloop
  endfacet
  facet normal 0.4182267 -0.3917121 0.8195414
    outer loop
      vertex 0.4189751 -0.4189751 0.8055556
      vertex 0.4155951 -0.3644671 0.8333333
      vertex 0.390868 -0.390868 0.8333333
    endloop
  endfacet
  facet normal 0.4429505 -0.3635201 0.8195414
    outer loop
      vertex 0.4454803 -0.3906757 0.8055556
      vertex 0.4700779 -0.3607035 0.8055556
      vertex 0.4385426 -0.3365055 0.8333333
    endloop
  endfacet
  facet normal 0.4429505 -0.3635201 0.8195414
    outer loop
      vertex 0.4454803 -0.3906757 0.8055556
      vertex 0.4385426 -0.3365055 0.8333333
      vertex 0.4155951 -0.3644671 0.8333333
    endloop
  endfacet
  facet normal 0.4657774 -0.3337714 0.8195414
    outer loop
      vertex 0.4700779 -0.3607035 0.8055556
      vertex 0.4926626 -0.3291866 0.8055556
      vertex 0.4596121 -0.307103 0.8333333
    endloop
  endfacet
  facet normal 0.4657774 -0.3337714 0.8195414
    outer loop
      vertex 0.4700779 -0.3607035 0.8055556
      vertex 0.4596121 -0.307103 0.8333333
      vertex 0.4385426 -0.3365055 0.8333333
    endloop
  endfacet
  facet normal 0.4866099 -0.3025935 0.8195414
    outer loop
      vertex 0.4926626 -0.3291866 0.8055556
      vertex 0.5131376 -0.2962601 0.8055556
      vertex 0.4787136 -0.2763854 0.8333333
    endloop
  endfacet
  facet normal 0.4866099 -0.3025935 0.8195414
    outer loop
      vertex 0.4926626 -0.3291866 0.8055556
      vertex 0.4787136 -0.2763854 0.8333333
      vertex 0.4596121 -0.307103 0.8333333
    endloop
  endfacet
  facet normal 0.5053586 -0.2701198 0.8195414
    outer loop
      vertex 0.5131376 -0.2962601 0.8055556
      vertex 0.5314153 -0.262065 0.8055556
      vertex 0.4957651 -0.2444843 0.8333333
    endloop
  endfacet
  facet normal 0.5053586 -0.2701198 0.8195414
    outer loop
      vertex 0.5131376 -0.2962601 0.8055556
      vertex 0.4957651 -0.2444843 0.8333333
      vertex 0.4787136 -0.2763854 0.8333333
    endloop
  endfacet
  facet normal 0.5219432 -0.2364894 0.8195414
    outer loop
      vertex 0.5314153 -0.262065 0.8055556
      vertex 0.5474173 -0.2267477 0.8055556
      vertex 0.5106936 -0.2115362 0.8333333
    endloop
  endfacet
  facet normal 0.5219432 -0.2364894 0.8195414
    outer loop
      vertex 0.5314153 -0.262065 0.8055556
      vertex 0.5106936 -0.2115362 0.8333333
      vertex 0.4957651 -0.2444843 0.8333333
    endloop
  endfacet
  facet normal 0.5362929 -0.2018463 0.8195414
    outer loop
      vertex 0.5474173 -0.2267477 0.8055556
      vertex 0.5610753 -0.1904594 0.8055556
      vertex 0.5234353 -0.1776823 0.8333333
    endloop
  endfacet
  facet normal 0.5362929 -0.2018463 0.8195414
    outer loop
      vertex 0.5474173 -0.2267477 0.8055556
      vertex 0.5234353 -0.1776823 0.8333333
      vertex 0.5106936 -0.2115362 0.8333333
    endloop
  endfacet
  facet normal 0.548346 -0.1663389 0.8195414
    outer loop
      vertex 0.5610753 -0.1904594 0.8055556
      vertex 0.5723306 -0.1533555 0.8055556
      vertex 0.5339356 -0.1430676 0.8333333
    endloop
  endfacet
  facet normal 0.548346 -0.1663389 0.8195414
    outer loop
      vertex 0.5610753 -0.1904594 0.8055556
      vertex 0.5339356 -0.1430676 0.8333333
      vertex 0.5234353 -0.1776823 0.8333333
    endloop
  endfacet
  facet normal 0.558051 -0.1301193 0.8195414
    outer loop
      vertex 0.5723306 -0.1533555 0.8055556
      vertex 0.5811351 -0.115595 0.8055556
      vertex 0.5421495 -0.1078402 0.8333333
    endloop
  endfacet
  facet normal 0.558051 -0.1301193 0.8195414
    outer loop
      vertex 0.5723306 -0.1533555 0.8055556
      vertex 0.5421495 -0.1078402 0.8333333
      vertex 0.5339356 -0.1430676 0.8333333
    endloop
  endfacet
  facet normal 0.5653664 -0.09334237 0.8195414
    outer loop
      vertex 0.5811351 -0.115595 0.8055556
      vertex 0.5874512 -0.07733941 0.8055556
      vertex 0.5480418 -0.07215107 0.8333333
    endloop
  endfacet
  facet normal 0.5653664 -0.09334237 0.8195414
    outer loop
      vertex 0.5811351 -0.115595 0.8055556
      vertex 0.5480418 -0.07215107 0.8333333
      vertex 0.5421495 -0.1078402 0.8333333
    endloop
  endfacet
  facet normal 0.5702608 -0.05616579 0.8195414
    outer loop
      vertex 0.5874512 -0.07733941 0.8055556
      vertex 0.5912516 -0.03875268 0.8055556
      vertex 0.5515873 -0.03615294 0.8333333
    endloop
  endfacet
  facet normal 0.5702608 -0.05616579 0.8195414
    outer loop
      vertex 0.5874512 -0.07733941 0.8055556
      vertex 0.5515873 -0.03615294 0.8333333
      vertex 0.5480418 -0.07215107 0.8333333
    endloop
  endfacet
  facet normal 0.5727132 -0.01874869 0.8195414
    outer loop
      vertex 0.5912516 -0.03875268 0.8055556
      vertex 0.5925203 0 0.8055556
      vertex 0.5527708 0 0.8333333
    endloop
  endfacet
  facet normal 0.5727132 -0.01874869 0.8195414
    outer loop
      vertex 0.5912516 -0.03875268 0.8055556
      vertex 0.5527708 0 0.8333333
      vertex 0.5515873 -0.03615294 0.8333333
    endloop
  endfacet
  facet normal 0.5306954 0.01737317 0.8473845
    outer loop
      vertex 0.5527708 0 0.8333333
      vertex 0.5515873 0.03615294 0.8333333
      vertex 0.5073283 0.03325205 0.8611111
    endloop
  endfacet
  facet normal 0.5306954 0.01737317 0.8473845
    outer loop
      vertex 0.5527708 0 0.8333333
      vertex 0.5073283 0.03325205 0.8611111
      vertex 0.5084168 0 0.8611111
    endloop
  endfacet
  facet normal 0.5284229 0.05204512 0.8473845
    outer loop
      vertex 0.5515873 0.03615294 0.8333333
      vertex 0.5480418 0.07215107 0.8333333
      vertex 0.5040672 0.06636171 0.8611111
    endloop
  endfacet
  facet normal 0.5284229 0.05204512 0.8473845
    outer loop
      vertex 0.5515873 0.03615294 0.8333333
      vertex 0.5040672 0.06636171 0.8611111
      vertex 0.5073283 0.03325205 0.8611111
    endloop
  endfacet
  facet normal 0.5238876 0.0864942 0.8473845
    outer loop
      vertex 0.5480418 0.07215107 0.8333333
      vertex 0.5421495 0.1078402 0.8333333
      vertex 0.4986477 0.0991872 0.8611111
    endloop
  endfacet
  facet normal 0.5238876 0.0864942 0.8473845
    outer loop
      vertex 0.5480418 0.07215107 0.8333333
      vertex 0.4986477 0.0991872 0.8611111
      vertex 0.5040672 0.06636171 0.8611111
    endloop
  endfacet
  facet normal 0.5171089 0.1205729 0.8473845
    outer loop
      vertex 0.5421495 0.1078402 0.8333333
      vertex 0.5339356 0.1430676 0.8333333
      vertex 0.4910929 0.131588 0.8611111
    endloop
  endfacet
  facet normal 0.5171089 0.1205729 0.8473845
    outer loop
      vertex 0.5421495 0.1078402 0.8333333
      vertex 0.4910929 0.131588 0.8611111
      vertex 0.4986477 0.0991872 0.8611111
    endloop
  endfacet
  facet normal 0.5081159 0.1541353 0.8473845
    outer loop
      vertex 0.5339356 0.1430676 0.8333333
      vertex 0.5234353 0.1776823 0.8333333
      vertex 0.4814352 0.1634252 0.8611111
    endloop
  endfacet
  facet normal 0.5081159 0.1541353 0.8473845
    outer loop
      vertex 0.5339356 0.1430676 0.8333333
      vertex 0.4814352 0.1634252 0.8611111
      vertex 0.4910929 0.131588 0.8611111
    endloop
  endfacet
  facet normal 0.4969471 0.1870376 0.8473845
    outer loop
      vertex 0.5234353 0.1776823 0.8333333
      vertex 0.5106936 0.2115362 0.8333333
      vertex 0.4697159 0.1945627 0.8611111
    endloop
  endfacet
  facet normal 0.4969471 0.1870376 0.8473845
    outer loop
      vertex 0.5234353 0.1776823 0.8333333
      vertex 0.4697159 0.1945627 0.8611111
      vertex 0.4814352 0.1634252 0.8611111
    endloop
  endfacet
  facet normal 0.4836502 0.2191391 0.8473845
    outer loop
      vertex 0.5106936 0.2115362 0.8333333
      vertex 0.4957651 0.2444843 0.8333333
      vertex 0.4559852 0.224867 0.8611111
    endloop
  endfacet
  facet normal 0.4836502 0.2191391 0.8473845
    outer loop
      vertex 0.5106936 0.2115362 0.8333333
      vertex 0.4559852 0.224867 0.8611111
      vertex 0.4697159 0.1945627 0.8611111
    endloop
  endfacet
  facet normal 0.4682823 0.2503021 0.8473845
    outer loop
      vertex 0.4957651 0.2444843 0.8333333
      vertex 0.4787136 0.2763854 0.8333333
      vertex 0.4403019 0.2542084 0.8611111
    endloop
  endfacet
  facet normal 0.4682823 0.2503021 0.8473845
    outer loop
      vertex 0.4957651 0.2444843 0.8333333
      vertex 0.4403019 0.2542084 0.8611111
      vertex 0.4559852 0.224867 0.8611111
    endloop
  endfacet
  facet normal 0.4509092 0.2803933 0.8473845
    outer loop
      vertex 0.4787136 0.2763854 0.8333333
      vertex 0.4596121 0.307103 0.8333333
      vertex 0.4227331 0.2824612 0.8611111
    endloop
  endfacet
  facet normal 0.4509092 0.2803933 0.8473845
    outer loop
      vertex 0.4787136 0.2763854 0.8333333
      vertex 0.4227331 0.2824612 0.8611111
      vertex 0.4403019 0.2542084 0.8611111
    endloop
  endfacet
  facet normal 0.4316051 0.3092839 0.8473845
    outer loop
      vertex 0.4596121 0.307103 0.8333333
      vertex 0.4385426 0.3365055 0.8333333
      vertex 0.4033542 0.3095045 0.8611111
    endloop
  endfacet
  facet normal 0.4316051 0.3092839 0.8473845
    outer loop
      vertex 0.4596121 0.307103 0.8333333
      vertex 0.4033542 0.3095045 0.8611111
      vertex 0.4227331 0.2824612 0.8611111
    endloop
  endfacet
  facet normal 0.4104529 0.33685 0.8473845
    outer loop
      vertex 0.4385426 0.3365055 0.8333333
      vertex 0.4155951 0.3644671 0.8333333
      vertex 0.382248 0.3352225 0.8611111
    endloop
  endfacet
  facet normal 0.4104529 0.33685 0.8473845
    outer loop
      vertex 0.4385426 0.3365055 0.8333333
      vertex 0.382248 0.3352225 0.8611111
      vertex 0.4033542 0.3095045 0.8611111
    endloop
  endfacet
  facet normal 0.387543 0.3629737 0.8473845
    outer loop
      vertex 0.4155951 0.3644671 0.8333333
      vertex 0.390868 0.390868 0.8333333
      vertex 0.359505 0.359505 0.8611111
    endloop
  endfacet
  facet normal 0.387543 0.3629737 0.8473845
    outer loop
      vertex 0.4155951 0.3644671 0.8333333
      vertex 0.359505 0.359505 0.8611111
      vertex 0.382248 0.3352225 0.8611111
    endloop
  endfacet
  facet normal 0.3629737 0.387543 0.8473845
    outer loop
      vertex 0.390868 0.390868 0.8333333
      vertex 0.3644671 0.4155951 0.8333333
      vertex 0.3352225 0.382248 0.8611111
    endloop
  endfacet
  facet normal 0.3629737 0.387543 0.8473845
    outer loop
      vertex 0.390868 0.390868 0.8333333
      vertex 0.3352225 0.382248 0.8611111
      vertex 0.359505 0.359505 0.8611111
    endloop
  endfacet
  facet normal 0.33685 0.4104529 0.8473845
    outer loop
      vertex 0.3644671 0.4155951 0.8333333
      vertex 0.3365055 0.4385426 0.8333333
      vertex 0.3095045 0.4033542 0.8611111
    endloop
  endfacet
  facet normal 0.33685 0.4104529 0.8473845
    outer loop
      vertex 0.3644671 0.4155951 0.8333333
      vertex 0.3095045 0.4033542 0.8611111
      vertex 0.3352225 0.382248 0.8611111
    endloop
  endfacet
  facet normal 0.3092839 0.4316051 0.8473845
    outer loop
      vertex 0.3365055 0.4385426 0.8333333
      vertex 0.307103 0.4596121 0.8333333
      vertex 0.2824612 0.4227331 0.8611111
    endloop
  endfacet
  facet normal 0.3092839 0.4316051 0.8473845
    outer loop
      vertex 0.3365055 0.4385426 0.8333333
      vertex 0.2824612 0.4227331 0.8611111
      vertex 0.3095045 0.4033542 0.8611111
    endloop
  endfacet
  facet normal 0.2803933 0.4509092 0.8473845
    outer loop
      vertex 0.307103 0.4596121 0.8333333
      vertex 0.2763854 0.4787136 0.8333333
      vertex 0.2542084 0.4403019 0.8611111
    endloop
  endfacet
  facet normal 0.2803933 0.4509092 0.8473845
    outer loop
      vertex 0.307103 0.4596121 0.8333333
      vertex 0.2542084 0.4403019 0.8611111
      vertex 0.2824612 0.4227331 0.8611111
    endloop
  endfacet
  facet normal 0.2503021 0.4682823 0.8473845
    outer loop
      vertex 0.2763854 0.4787136 0.8333333
      vertex 0.2444843 0.4957651 0.8333333
      vertex 0.224867 0.4559852 0.8611111
    endloop
  endfacet
  facet normal 0.2503021 0.4682823 0.8473845
    outer loop
      vertex 0.2763854 0.4787136 0.8333333
      vertex 0.224867 0.4559852 0.8611111
      vertex 0.2542084 0.4403019 0.8611111
    endloop
  endfacet
  facet normal 0.2191391 0.4836502 0.8473845
    outer loop
      vertex 0.2444843 0.4957651 0.8333333
      vertex 0.2115362 0.5106936 0.8333333
      vertex 0.1945627 0.4697159 0.8611111
    endloop
  endfacet
  facet normal 0.2191391 0.4836502 0.8473845
    outer loop
      vertex 0.2444843 0.4957651 0.8333333
      vertex 0.1945627 0.4697159 0.8611111
      vertex 0.224867 0.4559852 0.8611111
    endloop
  endfacet
  facet normal 0.1870376 0.4969471 0.8473845
    outer loop
      vertex 0.2115362 0.5106936 0.8333333
      vertex 0.1776823 0.5234353 0.8333333
      vertex 0.1634252 0.4814352 0.8611111
    endloop
  endfacet
  facet normal 0.1870376 0.4969471 0.8473845
    outer loop
      vertex 0.2115362 0.5106936 0.8333333
      vertex 0.1634252 0.4814352 0.8611111
      vertex 0.1945627 0.4697159 0.8611111
    endloop
  endfacet
  facet normal 0.1541353 0.5081159 0.8473845
    outer loop
      vertex 0.1776823 0.5234353 0.8333333
      vertex 0.1430676 0.5339356 0.8333333
      vertex 0.131588 0.4910929 0.8611111
    endloop
  endfacet
  facet normal 0.1541353 0.5081159 0.8473845
    outer loop
      vertex 0.1776823 0.5234353 0.8333333
      vertex 0.131588 0.4910929 0.8611111
      vertex 0.1634252 0.4814352 0.8611111
    endloop
  endfacet
  facet normal 0.1205729 0.5171089 0.8473845
    outer loop
      vertex 0.1430676 0.5339356 0.8333333
      vertex 0.1078402 0.5421495 0.8333333
      vertex 0.0991872 0.4986477 0.8611111
    endloop
  endfacet
  facet normal 0.1205729 0.5171089 0.8473845
    outer loop
      vertex 0.1430676 0.5339356 0.8333333
      vertex 0.0991872 0.4986477 0.8611111
      vertex 0.131588 0.4910929 0.8611111
    endloop
  endfacet
  facet normal 0.0864942 0.5238876 0.8473845
    outer loop
      vertex 0.1078402 0.5421495 0.8333333
      vertex 0.07215107 0.5480418 0.8333333
      vertex 0.06636171 0.5040672 0.8611111
    endloop
  endfacet
  facet normal 0.0864942 0.5238876 0.8473845
    outer loop
      vertex 0.1078402 0.5421495 0.8333333
      vertex 0.06636171 0.5040672 0.8611111
      vertex 0.0991872 0.4986477 0.8611111
    endloop
  endfacet
  facet normal 0.05204512 0.5284229 0.8473845
    outer loop
      vertex 0.07215107 0.5480418 0.8333333
      vertex 0.03615294 0.5515873 0.8333333
      vertex 0.03325205 0.5073283 0.8611111
    endloop
  endfacet
  facet normal 0.05204512 0.5284229 0.8473845
    outer loop
      vertex 0.07215107 0.5480418 0.8333333
      vertex 0.03325205 0.5073283 0.8611111
      vertex 0.06636171 0.5040672 0.8611111
    endloop
  endfacet
  facet normal 0.01737317 0.5306954 0.8473845
    outer loop
      vertex 0.03615294 0.5515873 0.8333333
      vertex 3.384745e-17 0.5527708 0.8333333
      vertex 3.113155e-17 0.5084168 0.8611111
    endloop
  endfacet
  facet normal 0.01737317 0.5306954 0.8473845
    outer loop
      vertex 0.03615294 0.5515873 0.8333333
      vertex 3.113155e-17 0.5084168 0.8611111
      vertex 0.03325205 0.5073283 0.8611111
    endloop
  endfacet
  facet normal -0.01737317 0.5306954 0.8473845
    outer loop
      vertex 3.384745e-17 0.5527708 0.8333333
      vertex -0.03615294 0.5515873 0.8333333
      vertex -0.03325205 0.5073283 0.8611111
    endloop
  endfacet
  facet normal -0.01737317 0.5306954 0.8473845
    outer loop
      vertex 3.384745e-17 0.5527708 0.8333333
      vertex -0.03325205 0.5073283 0.8611111
      vertex 3.113155e-17 0.5084168 0.8611111
    endloop
  endfacet
  facet normal -0.05204512 0.5284229 0.8473845
    outer loop
      vertex -0.03615294 0.5515873 0.8333333
      vertex -0.07215107 0.5480418 0.8333333
      vertex -0.06636171 0.5040672 0.8611111
    endloop
  endfacet
  facet normal -0.05204512 0.5284229 0.8473845
    outer loop
      vertex -0.03615294 0.5515873 0.8333333
      vertex -0.06636171 0.5040672 0.8611111
      vertex -0.03325205 0.5073283 0.8611111
    endloop
  endfacet
  facet normal -0.0864942 0.5238876 0.8473845
    outer loop
      vertex -0.07215107 0.5480418 0.8333333
      vertex -0.1078402 0.5421495 0.8333333
      vertex -0.0991872 0.4986477 0.8611111
    endloop
  endfacet
  facet normal -0.0864942 0.5238876 0.8473845
    outer loop
      vertex -0.07215107 0.5480418 0.8333333
      vertex -0.0991872 0.4986477 0.8611111
      vertex -0.06636171 0.5040672 0.8611111
    endloop
  endfacet
  facet normal -0.1205729 0.5171089 0.8473845
    outer loop
      vertex -0.1078402 0.5421495 0.8333333
      vertex -0.1430676 0.5339356 0.8333333
      vertex -0.131588 0.4910929 0.8611111
    endloop
  endfacet
  facet normal -0.1205729 0.5171089 0.8473845
    outer loop
      vertex -0.1078402 0.5421495 0.8333333
      vertex -0.131588 0.4910929 0.8611111
      vertex -0.0991872 0.4986477 0.8611111
    endloop
  endfacet
  facet normal -0.1541353 0.5081159 0.8473845
    outer loop
      vertex -0.1430676 0.5339356 0.8333333
      vertex -0.1776823 0.5234353 0.8333333
      vertex -0.1634252 0.4814352 0.8611111
    endloop
  endfacet
  facet normal -0.1541353 0.5081159 0.8473845
    outer loop
      vertex -0.1430676 0.5339356 0.8333333
      vertex -0.1634252 0.4814352 0.8611111
      vertex -0.131588 0.4910929 0.8611111
    endloop
  endfacet
  facet normal -0.1870376 0.4969471 0.8473845
    outer loop
      vertex -0.1776823 0.5234353 0.8333333
      vertex -0.2115362 0.5106936 0.8333333
      vertex -0.1945627 0.4697159 0.8611111
    endloop
  endfacet
  facet normal -0.1870376 0.4969471 0.8473845
    outer loop
      vertex -0.1776823 0.5234353 0.8333333
      vertex -0.1945627 0.4697159 0.8611111
      vertex -0.1634252 0.4814352 0.8611111
    endloop
  endfacet
  facet normal -0.2191391 0.4836502 0.8473845
    outer loop
      vertex -0.2115362 0.5106936 0.8333333
      vertex -0.2444843 0.4957651 0.8333333
      vertex -0.224867 0.4559852 0.8611111
    endloop
  endfacet
  facet normal -0.2191391 0.4836502 0.8473845
    outer loop
      vertex -0.2115362 0.5106936 0.8333333
      vertex -0.224867 0.4559852 0.8611111
      vertex -0.1945627 0.4697159 0.8611111
    endloop
  endfacet
  facet normal -0.2503021 0.4682823 0.8473845
    outer loop
      vertex -0.2444843 0.4957651 0.8333333
      vertex -0.2763854 0.4787136 0.8333333
      vertex -0.2542084 0.4403019 0.8611111
    endloop
  endfacet
  facet normal -0.2503021 0.4682823 0.8473845
    outer loop
      vertex -0.2444843 0.4957651 0.8333333
      vertex -0.2542084 0.4403019 0.8611111
      vertex -0.224867 0.4559852 0.8611111
    endloop
  endfacet
  facet normal -0.2803933 0.4509092 0.8473845
    outer loop
      vertex -0.2763854 0.4787136 0.8333333
      vertex -0.307103 0.4596121 0.8333333
      vertex -0.2824612 0.4227331 0.8611111
    endloop
  endfacet
  facet normal -0.2803933 0.4509092 0.8473845
    outer loop
      vertex -0.2763854 0.4787136 0.8333333
      vertex -0.2824612 0.4227331 0.8611111
      vertex -0.2542084 0.4403019 0.8611111
    endloop
  endfacet
  facet normal -0.3092839 0.4316051 0.8473845
    outer loop
      vertex -0.307103 0.4596121 0.8333333
      vertex -0.3365055 0.4385426 0.8333333
      vertex -0.3095045 0.4033542 0.8611111
    endloop
  endfacet
  facet normal -0.3092839 0.4316051 0.8473845
    outer loop
      vertex -0.307103 0.4596121 0.8333333
      vertex -0.3095045 0.4033542 0.8611111
      vertex -0.2824612 0.4227331 0.8611111
    endloop
  endfacet
  facet normal -0.33685 0.4104529 0.8473845
    outer loop
      vertex -0.3365055 0.4385426 0.8333333
      vertex -0.3644671 0.4155951 0.8333333
      vertex -0.3352225 0.382248 0.8611111
    endloop
  endfacet
  facet normal -0.33685 0.4104529 0.8473845
    outer loop
      vertex -0.3365055 0.4385426 0.8333333
      vertex -0.3352225 0.382248 0.8611111
      vertex -0.3095045 0.4033542 0.8611111
    endloop
  endfacet
  facet normal -0.3629737 0.387543 0.8473845
    outer loop
      vertex -0.3644671 0.4155951 0.8333333
      vertex -0.390868 0.390868 0.8333333
      vertex -0.359505 0.359505 0.8611111
    endloop
  endfacet
  facet normal -0.3629737 0.387543 0.8473845
    outer loop
      vertex -0.3644671 0.4155951 0.8333333
      vertex -0.359505 0.359505 0.8611111
      vertex -0.3352225 0.382248 0.8611111
    endloop
  endfacet
  facet normal -0.387543 0.3629737 0.8473845
    outer loop
      vertex -0.390868 0.390868 0.8333333
      vertex -0.4155951 0.3644671 0.8333333
      vertex -0.382248 0.3352225 0.8611111
    endloop
  endfacet
  facet normal -0.387543 0.3629737 0.8473845
    outer loop
      vertex -0.390868 0.390868 0.8333333
      vertex -0.382248 0.3352225 0.8611111
      vertex -0.359505 0.359505 0.8611111
    endloop
  endfacet
  facet normal -0.4104529 0.33685 0.8473845
    outer loop
      vertex -0.4155951 0.3644671 0.8333333
      vertex -0.4385426 0.3365055 0.8333333
      vertex -0.4033542 0.3095045 0.8611111
    endloop
  endfacet
  facet normal -0.4104529 0.33685 0.8473845
    outer loop
      vertex -0.4155951 0.3644671 0.8333333
      vertex -0.4033542 0.3095045 0.8611111
      vertex -0.382248 0.3352225 0.8611111
    endloop
  endfacet
  facet normal -0.4316051 0.3092839 0.8473845
    outer loop
      vertex -0.4385426 0.3365055 0.8333333
      vertex -0.4596121 0.307103 0.8333333
      vertex -0.4227331 0.2824612 0.8611111
    endloop
  endfacet
  facet normal -0.4316051 0.3092839 0.8473845
    outer loop
      vertex -0.4385426 0.3365055 0.8333333
      vertex -0.4227331 0.2824612 0.8611111
      vertex -0.4033542 0.3095045 0.8611111
    endloop
  endfacet
  facet normal -0.4509092 0.2803933 0.8473845
    outer loop
      vertex -0.4596121 0.307103 0.8333333
      vertex -0.4787136 0.2763854 0.8333333
      vertex -0.4403019 0.2542084 0.8611111
    endloop
  endfacet
  facet normal -0.4509092 0.2803933 0.8473845
    outer loop
      vertex -0.4596121 0.307103 0.8333333
      vertex -0.4403019 0.2542084 0.8611111
      vertex -0.4227331 0.2824612 0.8611111
    endloop
  endfacet
  facet normal -0.4682823 0.2503021 0.8473845
    outer loop
      vertex -0.4787136 0.2763854 0.8333333
      vertex -0.4957651 0.2444843 0.8333333
      vertex -0.4559852 0.224867 0.8611111
    endloop
  endfacet
  facet normal -0.4682823 0.2503021 0.8473845
    outer loop
      vertex -0.4787136 0.2763854 0.8333333
      vertex -0.4559852 0.224867 0.8611111
      vertex -0.4403019 0.2542084 0.8611111
    endloop
  endfacet
  facet normal -0.4836502 0.2191391 0.8473845
    outer loop
      vertex -0.4957651 0.2444843 0.8333333
      vertex -0.5106936 0.2115362 0.8333333
      vertex -0.4697159 0.1945627 0.8611111
    endloop
  endfacet
  facet normal -0.4836502 0.2191391 0.8473845
    outer loop
      vertex -0.4957651 0.2444843 0.8333333
      vertex -0.4697159 0.1945627 0.8611111
      vertex -0.4559852 0.224867 0.8611111
    endloop
  endfacet
  facet normal -0.4969471 0.1870376 0.8473845
    outer loop
      vertex -0.5106936 0.2115362 0.8333333
      vertex -0.5234353 0.1776823 0.8333333
      vertex -0.4814352 0.1634252 0.8611111
    endloop
  endfacet
  facet normal -0.4969471 0.1870376 0.8473845
    outer loop
      vertex -0.5106936 0.2115362 0.8333333
      vertex -0.4814352 0.1634252 0.8611111
      vertex -0.4697159 0.1945627 0.8611111
    endloop
  endfacet
  facet normal -0.5081159 0.1541353 0.8473845
    outer loop
      vertex -0.5234353 0.1776823 0.8333333
      vertex -0.5339356 0.1430676 0.8333333
      vertex -0.4910929 0.131588 0.8611111
    endloop
  endfacet
  facet normal -0.5081159 0.1541353 0.8473845
    outer loop
      vertex -0.5234353 0.1776823 0.8333333
      vertex -0.4910929 0.131588 0.8611111
      vertex -0.4814352 0.1634252 0.8611111
    endloop
  endfacet
  facet normal -0.5171089 0.1205729 0.8473845
    outer loop
      vertex -0.5339356 0.1430676 0.8333333
      vertex -0.5421495 0.1078402 0.8333333
      vertex -0.4986477 0.0991872 0.8611111
    endloop
  endfacet
  facet normal -0.5171089 0.1205729 0.8473845
    outer loop
      vertex -0.5339356 0.1430676 0.8333333
      vertex -0.4986477 0.0991872 0.8611111
      vertex -0.4910929 0.131588 0.8611111
    endloop
  endfacet
  facet normal -0.5238876 0.0864942 0.8473845
    outer loop
      vertex -0.5421495 0.1078402 0.8333333
      vertex -0.5480418 0.07215107 0.8333333
      vertex -0.5040672 0.06636171 0.8611111
    endloop
  endfacet
  facet normal -0.5238876 0.0864942 0.8473845
    outer loop
      vertex -0.5421495 0.1078402 0.8333333
      vertex -0.5040672 0.06636171 0.8611111
      vertex -0.4986477 0.0991872 0.8611111
    endloop
  endfacet
  facet normal -0.5284229 0.05204512 0.8473845
    outer loop
      vertex -0.5480418 0.07215107 0.8333333
      vertex -0.5515873 0.03615294 0.8333333
      vertex -0.5073283 0.03325205 0.8611111
    endloop
  endfacet
  facet normal -0.5284229 0.05204512 0.8473845
    outer loop
      vertex -0.5480418 0.07215107 0.8333333
      vertex -0.5073283 0.03325205 0.8611111
      vertex -0.5040672 0.06636171 0.8611111
    endloop
  endfacet
  facet normal -0.5306954 0.01737317 0.8473845
    outer loop
      vertex -0.5515873 0.03615294 0.8333333
      vertex -0.5527708 6.76949e-17 0.8333333
      vertex -0.5084168 6.22631e-17 0.8611111
    endloop
  endfacet
  facet normal -0.5306954 0.01737317 0.8473845
    outer loop
      vertex -0.5515873 0.03615294 0.8333333
      vertex -0.5084168 6.22631e-17 0.8611111
      vertex -0.5073283 0.03325205 0.8611111
    endloop
  endfacet
  facet normal -0.5306954 -0.01737317 0.8473845
    outer loop
      vertex -0.5527708 6.76949e-17 0.8333333
      vertex -0.5515873 -0.03615294 0.8333333
      vertex -0.5073283 -0.03325205 0.8611111
    endloop
  endfacet
  facet normal -0.5306954 -0.01737317 0.8473845
    outer loop
      vertex -0.5527708 6.76949e-17 0.8333333
      vertex -0.5073283 -0.03325205 0.8611111
      vertex -0.5084168 6.22631e-17 0.8611111
    endloop
  endfacet
  facet normal -0.5284229 -0.05204512 0.8473845
    outer loop
      vertex -0.5515873 -0.03615294 0.8333333
      vertex -0.5480418 -0.07215107 0.8333333
      vertex -0.5040672 -0.06636171 0.8611111
    endloop
  endfacet
  facet normal -0.5284229 -0.05204512 0.8473845
    outer loop
      vertex -0.5515873 -0.03615294 0.8333333
      vertex -0.5040672 -0.06636171 0.8611111
      vertex -0.5073283 -0.03325205 0.8611111
    endloop
  endfacet
  facet normal -0.5238876 -0.0864942 0.8473845
    outer loop
      vertex -0.5480418 -0.07215107 0.8333333
      vertex -0.5421495 -0.1078402 0.8333333
      vertex -0.4986477 -0.0991872 0.8611111
    endloop
  endfacet
  facet normal -0.5238876 -0.0864942 0.8473845
    outer loop
      vertex -0.5480418 -0.07215107 0.8333333
      vertex -0.4986477 -0.0991872 0.8611111
      vertex -0.5040672 -0.06636171 0.8611111
    endloop
  endfacet
  facet normal -0.5171089 -0.1205729 0.8473845
    outer loop
      vertex -0.5421495 -0.1078402 0.8333333
      vertex -0.5339356 -0.1430676 0.8333333
      vertex -0.4910929 -0.131588 0.8611111
    endloop
  endfacet
  facet normal -0.5171089 -0.1205729 0.8473845
    outer loop
      vertex -0.5421495 -0.1078402 0.8333333
      vertex -0.4910929 -0.131588 0.8611111
      vertex -0.4986477 -0.0991872 0.8611111
    endloop
  endfacet
  facet normal -0.5081159 -0.1541353 0.8473845
    outer loop
      vertex -0.5339356 -0.1430676 0.8333333
      vertex -0.5234353 -0.1776823 0.8333333
      vertex -0.4814352 -0.1634252 0.8611111
    endloop
  endfacet
  facet normal -0.5081159 -0.1541353 0.8473845
    outer loop
      vertex -0.5339356 -0.1430676 0.8333333
      vertex -0.4814352 -0.1634252 0.8611111
      vertex -0.4910929 -0.131588 0.8611111
    endloop
  endfacet
  facet normal -0.4969471 -0.1870376 0.8473845
    outer loop
      vertex -0.5234353 -0.1776823 0.8333333
      vertex -0.5106936 -0.2115362 0.8333333
      vertex -0.4697159 -0.1945627 0.8611111
    endloop
  endfacet
  facet normal -0.4969471 -0.1870376 0.8473845
    outer loop
      vertex -0.5234353 -0.1776823 0.8333333
      vertex -0.4697159 -0.1945627 0.8611111
      vertex -0.4814352 -0.1634252 0.8611111
    endloop
  endfacet
  facet normal -0.4836502 -0.2191391 0.8473845
    outer loop
      vertex -0.5106936 -0.2115362 0.8333333
      vertex -0.4957651 -0.2444843 0.8333333
      vertex -0.4559852 -0.224867 0.8611111
    endloop
  endfacet
  facet normal -0.4836502 -0.2191391 0.8473845
    outer loop
      vertex -0.5106936 -0.2115362 0.8333333
      vertex -0.4559852 -0.224867 0.8611111
      vertex -0.4697159 -0.1945627 0.8611111
    endloop
  endfacet
  facet normal -0.4682823 -0.2503021 0.8473845
    outer loop
      vertex -0.4957651 -0.2444843 0.8333333
      vertex -0.4787136 -0.2763854 0.8333333
      vertex -0.4403019 -0.2542084 0.8611111
    endloop
  endfacet
  facet normal -0.4682823 -0.2503021 0.8473845
    outer loop
      vertex -0.4957651 -0.2444843 0.8333333
      vertex -0.4403019 -0.2542084 0.8611111
      vertex -0.4559852 -0.224867 0.8611111
    endloop
  endfacet
  facet normal -0.4509092 -0.2803933 0.8473845
    outer loop
      vertex -0.4787136 -0.2763854 0.8333333
      vertex -0.4596121 -0.307103 0.8333333
      vertex -0.4227331 -0.2824612 0.8611111
    endloop
  endfacet
  facet normal -0.4509092 -0.2803933 0.8473845
    outer loop
      vertex -0.4787136 -0.2763854 0.8333333
      vertex -0.4227331 -0.2824612 0.8611111
      vertex -0.4403019 -0.2542084 0.8611111
    endloop
  endfacet
  facet normal -0.4316051 -0.3092839 0.8473845
    outer loop
      vertex -0.4596121 -0.307103 0.8333333
      vertex -0.4385426 -0.3365055 0.8333333
      vertex -0.4033542 -0.3095045 0.8611111
    endloop
  endfacet
  facet normal -0.4316051 -0.3092839 0.8473845
    outer loop
      vertex -0.4596121 -0.307103 0.8333333
      vertex -0.4033542 -0.3095045 0.8611111
      vertex -0.4227331 -0.2824612 0.8611111
    endloop
  endfacet
  facet normal -0.4104529 -0.33685 0.8473845
    outer loop
      vertex -0.4385426 -0.3365055 0.8333333
      vertex -0.4155951 -0.3644671 0.8333333
      vertex -0.382248 -0.3352225 0.8611111
    endloop
  endfacet
  facet normal -0.4104529 -0.33685 0.8473845
    outer loop
      vertex -0.4385426 -0.3365055 0.8333333
      vertex -0.382248 -0.3352225 0.8611111
      vertex -0.4033542 -0.3095045 0.8611111
    endloop
  endfacet
  facet normal -0.387543 -0.3629737 0.8473845
    outer loop
      vertex -0.4155951 -0.3644671 0.8333333
      vertex -0.390868 -0.390868 0.8333333
      vertex -0.359505 -0.359505 0.8611111
    endloop
  endfacet
  facet normal -0.387543 -0.3629737 0.8473845
    outer loop
      vertex -0.4155951 -0.3644671 0.8333333
      vertex -0.359505 -0.359505 0.8611111
      vertex -0.382248 -0.3352225 0.8611111
    endloop
  endfacet
  facet normal -0.3629737 -0.387543 0.8473845
    outer loop
      vertex -0.390868 -0.390868 0.8333333
      vertex -0.3644671 -0.4155951 0.8333333
      vertex -0.3352225 -0.382248 0.8611111
    endloop
  endfacet
  facet normal -0.3629737 -0.387543 0.8473845
    outer loop
      vertex -0.390868 -0.390868 0.8333333
      vertex -0.3352225 -0.382248 0.8611111
      vertex -0.359505 -0.359505 0.8611111
    endloop
  endfacet
  facet normal -0.33685 -0.4104529 0.8473845
    outer loop
      vertex -0.3644671 -0.4155951 0.8333333
      vertex -0.3365055 -0.4385426 0.8333333
      vertex -0.3095045 -0.4033542 0.8611111
    endloop
  endfacet
  facet normal -0.33685 -0.4104529 0.8473845
    outer loop
      vertex -0.3644671 -0.4155951 0.8333333
      vertex -0.3095045 -0.4033542 0.8611111
      vertex -0.3352225 -0.382248 0.8611111
    endloop
  endfacet
  facet normal -0.3092839 -0.4316051 0.8473845
    outer loop
      vertex -0.3365055 -0.4385426 0.8333333
      vertex -0.307103 -0.4596121 0.8333333
      vertex -0.2824612 -0.4227331 0.8611111
    endloop
  endfacet
  facet normal -0.3092839 -0.4316051 0.8473845
    outer loop
      vertex -0.3365055 -0.4385426 0.8333333
      vertex -0.2824612 -0.4227331 0.8611111
      vertex -0.3095045 -0.4033542 0.8611111
    endloop
  endfacet
  facet normal -0.2803933 -0.4509092 0.8473845
    outer loop
      vertex -0.307103 -0.4596121 0.8333333
      vertex -0.2763854 -0.4787136 0.8333333
      vertex -0.2542084 -0.4403019 0.8611111
    endloop
  endfacet
  facet normal -0.2803933 -0.4509092 0.8473845
    outer loop
      vertex -0.307103 -0.4596121 0.8333333
      vertex -0.2542084 -0.4403019 0.8611111
      vertex -0.2824612 -0.4227331 0.8611111
    endloop
  endfacet
  facet normal -0.2503021 -0.4682823 0.8473845
    outer loop
      vertex -0.2763854 -0.4787136 0.8333333
      vertex -0.2444843 -0.4957651 0.8333333
      vertex -0.224867 -0.4559852 0.8611111
    endloop
  endfacet
  facet normal -0.2503021 -0.4682823 0.8473845
    outer loop
      vertex -0.2763854 -0.4787136 0.8333333
      vertex -0.224867 -0.4559852 0.8611111
      vertex -0.2542084 -0.4403019 0.8611111
    endloop
  endfacet
  facet normal -0.2191391 -0.4836502 0.8473845
    outer loop
      vertex -0.2444843 -0.4957651 0.8333333
      vertex -0.2115362 -0.5106936 0.8333333
      vertex -0.1945627 -0.4697159 0.8611111
    endloop
  endfacet
  facet normal -0.2191391 -0.4836502 0.8473845
    outer loop
      vertex -0.2444843 -0.4957651 0.8333333
      vertex -0.1945627 -0.4697159 0.8611111
      vertex -0.224867 -0.4559852 0.8611111
    endloop
  endfacet
  facet normal -0.1870376 -0.4969471 0.8473845
    outer loop
      vertex -0.2115362 -0.5106936 0.8333333
      vertex -0.1776823 -0.5234353 0.8333333
      vertex -0.1634252 -0.4814352 0.8611111
    endloop
  endfacet
  facet normal -0.1870376 -0.4969471 0.8473845
    outer loop
      vertex -0.2115362 -0.5106936 0.8333333
      vertex -0.1634252 -0.4814352 0.8611111
      vertex -0.1945627 -0.4697159 0.8611111
    endloop
  endfacet
  facet normal -0.1541353 -0.5081159 0.8473845
    outer loop
      vertex -0.1776823 -0.5234353 0.8333333
      vertex -0.1430676 -0.5339356 0.8333333
      vertex -0.131588 -0.4910929 0.8611111
    endloop
  endfacet
  facet normal -0.1541353 -0.5081159 0.8473845
    outer loop
      vertex -0.1776823 -0.5234353 0.8333333
      vertex -0.131588 -0.4910929 0.8611111
      vertex -0.1634252 -0.4814352 0.8611111
    endloop
  endfacet
  facet normal -0.1205729 -0.5171089 0.8473845
    outer loop
      vertex -0.1430676 -0.5339356 0.8333333
      vertex -0.1078402 -0.5421495 0.8333333
      vertex -0.0991872 -0.4986477 0.8611111
    endloop
  endfacet
  facet normal -0.1205729 -0.5171089 0.8473845
    outer loop
      vertex -0.1430676 -0.5339356 0.8333333
      vertex -0.0991872 -0.4986477 0.8611111
      vertex -0.131588 -0.4910929 0.8611111
    endloop
  endfacet
  facet normal -0.0864942 -0.5238876 0.8473845
    outer loop
      vertex -0.1078402 -0.5421495 0.8333333
      vertex -0.07215107 -0.5480418 0.8333333
      vertex -0.06636171 -0.5040672 0.8611111
    endloop
  endfacet
  facet normal -0.0864942 -0.5238876 0.8473845
    outer loop
      vertex -0.1078402 -0.5421495 0.8333333
      vertex -0.06636171 -0.5040672 0.8611111
      vertex -0.0991872 -0.4986477 0.8611111
    endloop
  endfacet
  facet normal -0.05204512 -0.5284229 0.8473845
    outer loop
      vertex -0.07215107 -0.5480418 0.8333333
      vertex -0.03615294 -0.5515873 0.8333333
      vertex -0.03325205 -0.5073283 0.8611111
    endloop
  endfacet
  facet normal -0.05204512 -0.5284229 0.8473845
    outer loop
      vertex -0.07215107 -0.5480418 0.8333333
      vertex -0.03325205 -0.5073283 0.8611111
      vertex -0.06636171 -0.5040672 0.8611111
    endloop
  endfacet
  facet normal -0.01737317 -0.5306954 0.8473845
    outer loop
      vertex -0.03615294 -0.5515873 0.8333333
      vertex -1.015423e-16 -0.5527708 0.8333333
      vertex -9.339465e-17 -0.5084168 0.8611111
    endloop
  endfacet
  facet normal -0.01737317 -0.5306954 0.8473845
    outer loop
      vertex -0.03615294 -0.5515873 0.8333333
      vertex -9.339465e-17 -0.5084168 0.8611111
      vertex -0.03325205 -0.5073283 0.8611111
    endloop
  endfacet
  facet normal 0.01737317 -0.5306954 0.8473845
    outer loop
      vertex -1.015423e-16 -0.5527708 0.8333333
      vertex 0.03615294 -0.5515873 0.8333333
      vertex 0.03325205 -0.5073283 0.8611111
    endloop
  endfacet
  facet normal 0.01737317 -0.5306954 0.8473845
    outer loop
      vertex -1.015423e-16 -0.5527708 0.8333333
      vertex 0.03325205 -0.5073283 0.8611111
      vertex -9.339465e-17 -0.5084168 0.8611111
    endloop
  endfacet
  facet normal 0.05204512 -0.5284229 0.8473845
    outer loop
      vertex 0.03615294 -0.5515873 0.8333333
      vertex 0.07215107 -0.5480418 0.8333333
      vertex 0.06636171 -0.5040672 0.8611111
    endloop
  endfacet
  facet normal 0.05204512 -0.5284229 0.8473845
    outer loop
      vertex 0.03615294 -0.5515873 0.8333333
      vertex 0.06636171 -0.5040672 0.8611111
      vertex 0.03325205 -0.5073283 0.8611111
    endloop
  endfacet
  facet normal 0.0864942 -0.5238876 0.8473845
    outer loop
      vertex 0.07215107 -0.5480418 0.8333333
      vertex 0.1078402 -0.5421495 0.8333333
      vertex 0.0991872 -0.4986477 0.8611111
    endloop
  endfacet
  facet normal 0.0864942 -0.5238876 0.8473845
    outer loop
      vertex 0.07215107 -0.5480418 0.8333333
      vertex 0.0991872 -0.4986477 0.8611111
      vertex 0.06636171 -0.5040672 0.8611111
    endloop
  endfacet
  facet normal 0.1205729 -0.5171089 0.8473845
    outer loop
      vertex 0.1078402 -0.5421495 0.8333333
      vertex 0.1430676 -0.5339356 0.8333333
      vertex 0.131588 -0.4910929 0.8611111
    endloop
  endfacet
  facet normal 0.1205729 -0.5171089 0.8473845
    outer loop
      vertex 0.1078402 -0.5421495 0.8333333
      vertex 0.131588 -0.4910929 0.8611111
      vertex 0.0991872 -0.4986477 0.8611111
    endloop
  endfacet
  facet normal 0.1541353 -0.5081159 0.8473845
    outer loop
      vertex 0.1430676 -0.5339356 0.8333333
      vertex 0.1776823 -0.5234353 0.8333333
      vertex 0.1634252 -0.4814352 0.8611111
    endloop
  endfacet
  facet normal 0.1541353 -0.5081159 0.8473845
    outer loop
      vertex 0.1430676 -0.5339356 0.8333333
      vertex 0.1634252 -0.4814352 0.8611111
      vertex 0.131588 -0.4910929 0.8611111
    endloop
  endfacet
  facet normal 0.1870376 -0.4969471 0.8473845
    outer loop
      vertex 0.1776823 -0.5234353 0.8333333
      vertex 0.2115362 -0.5106936 0.8333333
      vertex 0.1945627 -0.4697159 0.8611111
    endloop
  endfacet
  facet normal 0.1870376 -0.4969471 0.8473845
    outer loop
      vertex 0.1776823 -0.5234353 0.8333333
      vertex 0.1945627 -0.4697159 0.8611111
      vertex 0.1634252 -0.4814352 0.8611111
    endloop
  endfacet
  facet normal 0.2191391 -0.4836502 0.8473845
    outer loop
      vertex 0.2115362 -0.5106936 0.8333333
      vertex 0.2444843 -0.4957651 0.8333333
      vertex 0.224867 -0.4559852 0.8611111
    endloop
  endfacet
  facet normal 0.2191391 -0.4836502 0.8473845
    outer loop
      vertex 0.2115362 -0.5106936 0.8333333
      vertex 0.224867 -0.4559852 0.8611111
      vertex 0.1945627 -0.4697159 0.8611111
    endloop
  endfacet
  facet normal 0.2503021 -0.4682823 0.8473845
    outer loop
      vertex 0.2444843 -0.4957651 0.8333333
      vertex 0.2763854 -0.4787136 0.8333333
      vertex 0.2542084 -0.4403019 0.8611111
    endloop
  endfacet
  facet normal 0.2503021 -0.4682823 0.8473845
    outer loop
      vertex 0.2444843 -0.4957651 0.8333333
      vertex 0.2542084 -0.4403019 0.8611111
      vertex 0.224867 -0.4559852 0.8611111
    endloop
  endfacet
  facet normal 0.2803933 -0.4509092 0.8473845
    outer loop
      vertex 0.2763854 -0.4787136 0.8333333
      vertex 0.307103 -0.4596121 0.8333333
      vertex 0.2824612 -0.4227331 0.8611111
    endloop
  endfacet
  facet normal 0.2803933 -0.4509092 0.8473845
    outer loop
      vertex 0.2763854 -0.4787136 0.8333333
      vertex 0.2824612 -0.4227331 0.8611111
      vertex 0.2542084 -0.4403019 0.8611111
    endloop
  endfacet
  facet normal 0.3092839 -0.4316051 0.8473845
    outer loop
      vertex 0.307103 -0.4596121 0.8333333
      vertex 0.3365055 -0.4385426 0.8333333
      vertex 0.3095045 -0.4033542 0.8611111
    endloop
  endfacet
  facet normal 0.3092839 -0.4316051 0.8473845
    outer loop
      vertex 0.307103 -0.4596121 0.8333333
      vertex 0.3095045 -0.4033542 0.8611111
      vertex 0.2824612 -0.4227331 0.8611111
    endloop
  endfacet
  facet normal 0.33685 -0.4104529 0.8473845
    outer loop
      vertex 0.3365055 -0.4385426 0.8333333
      vertex 0.3644671 -0.4155951 0.8333333
      vertex 0.3352225 -0.382248 0.8611111
    endloop
  endfacet
  facet normal 0.33685 -0.4104529 0.8473845
    outer loop
      vertex 0.3365055 -0.4385426 0.8333333
      vertex 0.3352225 -0.382248 0.8611111
      vertex 0.3095045 -0.4033542 0.8611111
    endloop
  endfacet
  facet normal 0.3629737 -0.387543 0.8473845
    outer loop
      vertex 0.3644671 -0.4155951 0.8333333
      vertex 0.390868 -0.390868 0.8333333
      vertex 0.359505 -0.359505 0.8611111
    endloop
  endfacet
  facet normal 0.3629737 -0.387543 0.8473845
    outer loop
      vertex 0.3644671 -0.4155951 0.8333333
      vertex 0.359505 -0.359505 0.8611111
      vertex 0.3352225 -0.382248 0.8611111
    endloop
  endfacet
  facet normal 0.387543 -0.3629737 0.8473845
    outer loop
      vertex 0.390868 -0.390868 0.8333333
      vertex 0.4155951 -0.3644671 0.8333333
      vertex 0.382248 -0.3352225 0.8611111
    endloop
  endfacet
  facet normal 0.387543 -0.3629737 0.8473845
    outer loop
      vertex 0.390868 -0.390868 0.8333333
      vertex 0.382248 -0.3352225 0.8611111
      vertex 0.359505 -0.359505 0.8611111
    endloop
  endfacet
  facet normal 0.4104529 -0.33685 0.8473845
    outer loop
      vertex 0.4155951 -0.3644671 0.8333333
      vertex 0.4385426 -0.3365055 0.8333333
      vertex 0.4033542 -0.3095045 0.8611111
    endloop
  endfacet
  facet normal 0.4104529 -0.33685 0.8473845
    outer loop
      vertex 0.4155951 -0.3644671 0.8333333
      vertex 0.4033542 -0.3095045 0.8611111
      vertex 0.382248 -0.3352225 0.8611111
    endloop
  endfacet
  facet normal 0.4316051 -0.3092839 0.8473845
    outer loop
      vertex 0.4385426 -0.3365055 0.8333333
      vertex 0.4596121 -0.307103 0.8333333
      vertex 0.4227331 -0.2824612 0.8611111
    endloop
  endfacet
  facet normal 0.4316051 -0.3092839 0.8473845
    outer loop
      vertex 0.4385426 -0.3365055 0.8333333
      vertex 0.4227331 -0.2824612 0.8611111
      vertex 0.4033542 -0.3095045 0.8611111
    endloop
  endfacet
  facet normal 0.4509092 -0.2803933 0.8473845
    outer loop
      vertex 0.4596121 -0.307103 0.8333333
      vertex 0.4787136 -0.2763854 0.8333333
      vertex 0.4403019 -0.2542084 0.8611111
    endloop
  endfacet
  facet normal 0.4509092 -0.2803933 0.8473845
    outer loop
      vertex 0.4596121 -0.307103 0.8333333
      vertex 0.4403019 -0.2542084 0.8611111
      vertex 0.4227331 -0.2824612 0.8611111
    endloop
  endfacet
  facet normal 0.4682823 -0.2503021 0.8473845
    outer loop
      vertex 0.4787136 -0.2763854 0.8333333
      vertex 0.4957651 -0.2444843 0.8333333
      vertex 0.4559852 -0.224867 0.8611111
    endloop
  endfacet
  facet normal 0.4682823 -0.2503021 0.8473845
    outer loop
      vertex 0.4787136 -0.2763854 0.8333333
      vertex 0.4559852 -0.224867 0.8611111
      vertex 0.4403019 -0.2542084 0.8611111
    endloop
  endfacet
  facet normal 0.4836502 -0.2191391 0.8473845
    outer loop
      vertex 0.4957651 -0.2444843 0.8333333
      vertex 0.5106936 -0.2115362 0.8333333
      vertex 0.4697159 -0.1945627 0.8611111
    endloop
  endfacet
  facet normal 0.4836502 -0.2191391 0.8473845
    outer loop
      vertex 0.4957651 -0.2444843 0.8333333
      vertex 0.4697159 -0.1945627 0.8611111
      vertex 0.4559852 -0.224867 0.8611111
    endloop
  endfacet
  facet normal 0.4969471 -0.1870376 0.8473845
    outer loop
      vertex 0.5106936 -0.2115362 0.8333333
      vertex 0.5234353 -0.1776823 0.8333333
      vertex 0.4814352 -0.1634252 0.8611111
    endloop
  endfacet
  facet normal 0.4969471 -0.1870376 0.8473845
    outer loop
      vertex 0.5106936 -0.2115362 0.8333333
      vertex 0.4814352 -0.1634252 0.8611111
      vertex 0.4697159 -0.1945627 0.8611111
    endloop
  endfacet
  facet normal 0.5081159 -0.1541353 0.8473845
    outer loop
      vertex 0.5234353 -0.1776823 0.8333333
      vertex 0.5339356 -0.1430676 0.8333333
      vertex 0.4910929 -0.131588 0.8611111
    endloop
  endfacet
  facet normal 0.5081159 -0.1541353 0.8473845
    outer loop
      vertex 0.5234353 -0.1776823 0.8333333
      vertex 0.4910929 -0.131588 0.8611111
      vertex 0.4814352 -0.1634252 0.8611111
    endloop
  endfacet
  facet normal 0.5171089 -0.1205729 0.8473845
    outer loop
      vertex 0.5339356 -0.1430676 0.8333333
      vertex 0.5421495 -0.1078402 0.8333333
      vertex 0.4986477 -0.0991872 0.8611111
    endloop
  endfacet
  facet normal 0.5171089 -0.1205729 0.8473845
    outer loop
      vertex 0.5339356 -0.1430676 0.8333333
      vertex 0.4986477 -0.0991872 0.8611111
      vertex 0.4910929 -0.131588 0.8611111
    endloop
  endfacet
  facet normal 0.5238876 -0.0864942 0.8473845
    outer loop
      vertex 0.5421495 -0.1078402 0.8333333
      vertex 0.5480418 -0.07215107 0.8333333
      vertex 0.5040672 -0.06636171 0.8611111
    endloop
  endfacet
  facet normal 0.5238876 -0.0864942 0.8473845
    outer loop
      vertex 0.5421495 -0.1078402 0.8333333
      vertex 0.5040672 -0.06636171 0.8611111
      vertex 0.4986477 -0.0991872 0.8611111
    endloop
  endfacet
  facet normal 0.5284229 -0.05204512 0.8473845
    outer loop
      vertex 0.5480418 -0.07215107 0.8333333
      vertex 0.5515873 -0.03615294 0.8333333
      vertex 0.5073283 -0.03325205 0.8611111
    endloop
  endfacet
  facet normal 0.5284229 -0.05204512 0.8473845
    outer loop
      vertex 0.5480418 -0.07215107 0.8333333
      vertex 0.5073283 -0.03325205 0.8611111
      vertex 0.5040672 -0.06636171 0.8611111
    endloop
  endfacet
  facet normal 0.5306954 -0.01737317 0.8473845
    outer loop
      vertex 0.5515873 -0.03615294 0.8333333
      vertex 0.5527708 0 0.8333333
      vertex 0.5084168 0 0.8611111
    endloop
  endfacet
  facet normal 0.5306954 -0.01737317 0.8473845
    outer loop
      vertex 0.5515873 -0.03615294 0.8333333
      vertex 0.5084168 0 0.8611111
      vertex 0.5073283 -0.03325205 0.8611111
    endloop
  endfacet
  facet normal 0.4834088 0.01582517 0.8752517
    outer loop
      vertex 0.5084168 0 0.8611111
      vertex 0.5073283 0.03325205 0.8611111
      vertex 0.457142 0.02996267 0.8888889
    endloop
  endfacet
  facet normal 0.4834088 0.01582517 0.8752517
    outer loop
      vertex 0.5084168 0 0.8611111
      vertex 0.457142 0.02996267 0.8888889
      vertex 0.4581228 0 0.8888889
    endloop
  endfacet
  facet normal 0.4813388 0.04740773 0.8752517
    outer loop
      vertex 0.5073283 0.03325205 0.8611111
      vertex 0.5040672 0.06636171 0.8611111
      vertex 0.4542035 0.05979703 0.8888889
    endloop
  endfacet
  facet normal 0.4813388 0.04740773 0.8752517
    outer loop
      vertex 0.5073283 0.03325205 0.8611111
      vertex 0.4542035 0.05979703 0.8888889
      vertex 0.457142 0.02996267 0.8888889
    endloop
  endfacet
  facet normal 0.4772076 0.07878729 0.8752517
    outer loop
      vertex 0.5040672 0.06636171 0.8611111
      vertex 0.4986477 0.0991872 0.8611111
      vertex 0.4493201 0.08937533 0.8888889
    endloop
  endfacet
  facet normal 0.4772076 0.07878729 0.8752517
    outer loop
      vertex 0.5040672 0.06636171 0.8611111
      vertex 0.4493201 0.08937533 0.8888889
      vertex 0.4542035 0.05979703 0.8888889
    endloop
  endfacet
  facet normal 0.4710329 0.1098295 0.8752517
    outer loop
      vertex 0.4986477 0.0991872 0.8611111
      vertex 0.4910929 0.131588 0.8611111
      vertex 0.4425127 0.1185709 0.8888889
    endloop
  endfacet
  facet normal 0.4710329 0.1098295 0.8752517
    outer loop
      vertex 0.4986477 0.0991872 0.8611111
      vertex 0.4425127 0.1185709 0.8888889
      vertex 0.4493201 0.08937533 0.8888889
    endloop
  endfacet
  facet normal 0.4628412 0.1404013 0.8752517
    outer loop
      vertex 0.4910929 0.131588 0.8611111
      vertex 0.4814352 0.1634252 0.8611111
      vertex 0.4338103 0.1472588 0.8888889
    endloop
  endfacet
  facet normal 0.4628412 0.1404013 0.8752517
    outer loop
      vertex 0.4910929 0.131588 0.8611111
      vertex 0.4338103 0.1472588 0.8888889
      vertex 0.4425127 0.1185709 0.8888889
    endloop
  endfacet
  facet normal 0.4526675 0.170372 0.8752517
    outer loop
      vertex 0.4814352 0.1634252 0.8611111
      vertex 0.4697159 0.1945627 0.8611111
      vertex 0.4232503 0.175316 0.8888889
    endloop
  endfacet
  facet normal 0.4526675 0.170372 0.8752517
    outer loop
      vertex 0.4814352 0.1634252 0.8611111
      vertex 0.4232503 0.175316 0.8888889
      vertex 0.4338103 0.1472588 0.8888889
    endloop
  endfacet
  facet normal 0.4405555 0.1996131 0.8752517
    outer loop
      vertex 0.4697159 0.1945627 0.8611111
      vertex 0.4559852 0.224867 0.8611111
      vertex 0.4108779 0.2026226 0.8888889
    endloop
  endfacet
  facet normal 0.4405555 0.1996131 0.8752517
    outer loop
      vertex 0.4697159 0.1945627 0.8611111
      vertex 0.4108779 0.2026226 0.8888889
      vertex 0.4232503 0.175316 0.8888889
    endloop
  endfacet
  facet normal 0.4265569 0.2279994 0.8752517
    outer loop
      vertex 0.4559852 0.224867 0.8611111
      vertex 0.4403019 0.2542084 0.8611111
      vertex 0.396746 0.2290614 0.8888889
    endloop
  endfacet
  facet normal 0.4265569 0.2279994 0.8752517
    outer loop
      vertex 0.4559852 0.224867 0.8611111
      vertex 0.396746 0.2290614 0.8888889
      vertex 0.4108779 0.2026226 0.8888889
    endloop
  endfacet
  facet normal 0.4107317 0.2554094 0.8752517
    outer loop
      vertex 0.4403019 0.2542084 0.8611111
      vertex 0.4227331 0.2824612 0.8611111
      vertex 0.3809152 0.2545194 0.8888889
    endloop
  endfacet
  facet normal 0.4107317 0.2554094 0.8752517
    outer loop
      vertex 0.4403019 0.2542084 0.8611111
      vertex 0.3809152 0.2545194 0.8888889
      vertex 0.396746 0.2290614 0.8888889
    endloop
  endfacet
  facet normal 0.3931478 0.2817257 0.8752517
    outer loop
      vertex 0.4227331 0.2824612 0.8611111
      vertex 0.4033542 0.3095045 0.8611111
      vertex 0.3634533 0.2788875 0.8888889
    endloop
  endfacet
  facet normal 0.3931478 0.2817257 0.8752517
    outer loop
      vertex 0.4227331 0.2824612 0.8611111
      vertex 0.3634533 0.2788875 0.8888889
      vertex 0.3809152 0.2545194 0.8888889
    endloop
  endfacet
  facet normal 0.3738803 0.3068356 0.8752517
    outer loop
      vertex 0.4033542 0.3095045 0.8611111
      vertex 0.382248 0.3352225 0.8611111
      vertex 0.344435 0.3020614 0.8888889
    endloop
  endfacet
  facet normal 0.3738803 0.3068356 0.8752517
    outer loop
      vertex 0.4033542 0.3095045 0.8611111
      vertex 0.344435 0.3020614 0.8888889
      vertex 0.3634533 0.2788875 0.8888889
    endloop
  endfacet
  facet normal 0.3530117 0.3306316 0.8752517
    outer loop
      vertex 0.382248 0.3352225 0.8611111
      vertex 0.359505 0.359505 0.8611111
      vertex 0.3239418 0.3239418 0.8888889
    endloop
  endfacet
  facet normal 0.3530117 0.3306316 0.8752517
    outer loop
      vertex 0.382248 0.3352225 0.8611111
      vertex 0.3239418 0.3239418 0.8888889
      vertex 0.344435 0.3020614 0.8888889
    endloop
  endfacet
  facet normal 0.3306316 0.3530117 0.8752517
    outer loop
      vertex 0.359505 0.359505 0.8611111
      vertex 0.3352225 0.382248 0.8611111
      vertex 0.3020614 0.344435 0.8888889
    endloop
  endfacet
  facet normal 0.3306316 0.3530117 0.8752517
    outer loop
      vertex 0.359505 0.359505 0.8611111
      vertex 0.3020614 0.344435 0.8888889
      vertex 0.3239418 0.3239418 0.8888889
    endloop
  endfacet
  facet normal 0.3068356 0.3738803 0.8752517
    outer loop
      vertex 0.3352225 0.382248 0.8611111
      vertex 0.3095045 0.4033542 0.8611111
      vertex 0.2788875 0.3634533 0.8888889
    endloop
  endfacet
  facet normal 0.3068356 0.3738803 0.8752517
    outer loop
      vertex 0.3352225 0.382248 0.8611111
      vertex 0.2788875 0.3634533 0.8888889
      vertex 0.3020614 0.344435 0.8888889
    endloop
  endfacet
  facet normal 0.2817257 0.3931478 0.8752517
    outer loop
      vertex 0.3095045 0.4033542 0.8611111
      vertex 0.2824612 0.4227331 0.8611111
      vertex 0.2545194 0.3809152 0.8888889
    endloop
  endfacet
  facet normal 0.2817257 0.3931478 0.8752517
    outer loop
      vertex 0.3095045 0.4033542 0.8611111
      vertex 0.2545194 0.3809152 0.8888889
      vertex 0.2788875 0.3634533 0.8888889
    endloop
  endfacet
  facet normal 0.2554094 0.4107317 0.8752517
    outer loop
      vertex 0.2824612 0.4227331 0.8611111
      vertex 0.2542084 0.4403019 0.8611111
      vertex 0.2290614 0.396746 0.8888889
    endloop
  endfacet
  facet normal 0.2554094 0.4107317 0.8752517
    outer loop
      vertex 0.2824612 0.4227331 0.8611111
      vertex 0.2290614 0.396746 0.8888889
      vertex 0.2545194 0.3809152 0.8888889
    endloop
  endfacet
  facet normal 0.2279994 0.4265569 0.8752517
    outer loop
      vertex 0.2542084 0.4403019 0.8611111
      vertex 0.224867 0.4559852 0.8611111
      vertex 0.2026226 0.4108779 0.8888889
    endloop
  endfacet
  facet normal 0.2279994 0.4265569 0.8752517
    outer loop
      vertex 0.2542084 0.4403019 0.8611111
      vertex 0.2026226 0.4108779 0.8888889
      vertex 0.2290614 0.396746 0.8888889
    endloop
  endfacet
  facet normal 0.1996131 0.4405555 0.8752517
    outer loop
      vertex 0.224867 0.4559852 0.8611111
      vertex 0.1945627 0.4697159 0.8611111
      vertex 0.175316 0.4232503 0.8888889
    endloop
  endfacet
  facet normal 0.1996131 0.4405555 0.8752517
    outer loop
      vertex 0.224867 0.4559852 0.8611111
      vertex 0.175316 0.4232503 0.8888889
      vertex 0.2026226 0.4108779 0.8888889
    endloop
  endfacet
  facet normal 0.170372 0.4526675 0.8752517
    outer loop
      vertex 0.1945627 0.4697159 0.8611111
      vertex 0.1634252 0.4814352 0.8611111
      vertex 0.1472588 0.4338103 0.8888889
    endloop
  endfacet
  facet normal 0.170372 0.4526675 0.8752517
    outer loop
      vertex 0.1945627 0.4697159 0.8611111
      vertex 0.1472588 0.4338103 0.8888889
      vertex 0.175316 0.4232503 0.8888889
    endloop
  endfacet
  facet normal 0.1404013 0.4628412 0.8752517
    outer loop
      vertex 0.1634252 0.4814352 0.8611111
      vertex 0.131588 0.4910929 0.8611111
      vertex 0.1185709 0.4425127 0.8888889
    endloop
  endfacet
  facet normal 0.1404013 0.4628412 0.8752517
    outer loop
      vertex 0.1634252 0.4814352 0.8611111
      vertex 0.1185709 0.4425127 0.8888889
      vertex 0.1472588 0.4338103 0.8888889
    endloop
  endfacet
  facet normal 0.1098295 0.4710329 0.8752517
    outer loop
      vertex 0.131588 0.4910929 0.8611111
      vertex 0.0991872 0.4986477 0.8611111
      vertex 0.08937533 0.4493201 0.8888889
    endloop
  endfacet
  facet normal 0.1098295 0.4710329 0.8752517
    outer loop
      vertex 0.131588 0.4910929 0.8611111
      vertex 0.08937533 0.4493201 0.8888889
      vertex 0.1185709 0.4425127 0.8888889
    endloop
  endfacet
  facet normal 0.07878729 0.4772076 0.8752517
    outer loop
      vertex 0.0991872 0.4986477 0.8611111
      vertex 0.06636171 0.5040672 0.8611111
      vertex 0.05979703 0.4542035 0.8888889
    endloop
  endfacet
  facet normal 0.07878729 0.4772076 0.8752517
    outer loop
      vertex 0.0991872 0.4986477 0.8611111
      vertex 0.05979703 0.4542035 0.8888889
      vertex 0.08937533 0.4493201 0.8888889
    endloop
  endfacet
  facet normal 0.04740773 0.4813388 0.8752517
    outer loop
      vertex 0.06636171 0.5040672 0.8611111
      vertex 0.03325205 0.5073283 0.8611111
      vertex 0.02996267 0.457142 0.8888889
    endloop
  endfacet
  facet normal 0.04740773 0.4813388 0.8752517
    outer loop
      vertex 0.06636171 0.5040672 0.8611111
      vertex 0.02996267 0.457142 0.8888889
      vertex 0.05979703 0.4542035 0.8888889
    endloop
  endfacet
  facet normal 0.01582517 0.4834088 0.8752517
    outer loop
      vertex 0.03325205 0.5073283 0.8611111
      vertex 3.113155e-17 0.5084168 0.8611111
      vertex 2.805193e-17 0.4581228 0.8888889
    endloop
  endfacet
  facet normal 0.01582517 0.4834088 0.8752517
    outer loop
      vertex 0.03325205 0.5073283 0.8611111
      vertex 2.805193e-17 0.4581228 0.8888889
      vertex 0.02996267 0.457142 0.8888889
    endloop
  endfacet
  facet normal -0.01582517 0.4834088 0.8752517
    outer loop
      vertex 3.113155e-17 0.5084168 0.8611111
      vertex -0.03325205 0.5073283 0.8611111
      vertex -0.02996267 0.457142 0.8888889
    endloop
  endfacet
  facet normal -0.01582517 0.4834088 0.8752517
    outer loop
      vertex 3.113155e-17 0.5084168 0.8611111
      vertex -0.02996267 0.457142 0.8888889
      vertex 2.805193e-17 0.4581228 0.8888889
    endloop
  endfacet
  facet normal -0.04740773 0.4813388 0.8752517
    outer loop
      vertex -0.03325205 0.5073283 0.8611111
      vertex -0.06636171 0.5040672 0.8611111
      vertex -0.05979703 0.4542035 0.8888889
    endloop
  endfacet
  facet normal -0.04740773 0.4813388 0.8752517
    outer loop
      vertex -0.03325205 0.5073283 0.8611111
      vertex -0.05979703 0.4542035 0.8888889
      vertex -0.02996267 0.457142 0.8888889
    endloop
  endfacet
  facet normal -0.07878729 0.4772076 0.8752517
    outer loop
      vertex -0.06636171 0.5040672 0.8611111
      vertex -0.0991872 0.4986477 0.8611111
      vertex -0.08937533 0.4493201 0.8888889
    endloop
  endfacet
  facet normal -0.07878729 0.4772076 0.8752517
    outer loop
      vertex -0.06636171 0.5040672 0.8611111
      vertex -0.08937533 0.4493201 0.8888889
      vertex -0.05979703 0.4542035 0.8888889
    endloop
  endfacet
  facet normal -0.1098295 0.4710329 0.8752517
    outer loop
      vertex -0.0991872 0.4986477 0.8611111
      vertex -0.131588 0.4910929 0.8611111
      vertex -0.1185709 0.4425127 0.8888889
    endloop
  endfacet
  facet normal -0.1098295 0.4710329 0.8752517
    outer loop
      vertex -0.0991872 0.4986477 0.8611111
      vertex -0.1185709 0.4425127 0.8888889
      vertex -0.08937533 0.4493201 0.8888889
    endloop
  endfacet
  facet normal -0.1404013 0.4628412 0.8752517
    outer loop
      vertex -0.131588 0.4910929 0.8611111
      vertex -0.1634252 0.4814352 0.8611111
      vertex -0.1472588 0.4338103 0.8888889
    endloop
  endfacet
  facet normal -0.1404013 0.4628412 0.8752517
    outer loop
      vertex -0.131588 0.4910929 0.8611111
      vertex -0.1472588 0.4338103 0.8888889
      vertex -0.1185709 0.4425127 0.8888889
    endloop
  endfacet
  facet normal -0.170372 0.4526675 0.8752517
    outer loop
      vertex -0.1634252 0.4814352 0.8611111
      vertex -0.1945627 0.4697159 0.8611111
      vertex -0.175316 0.4232503 0.8888889
    endloop
  endfacet
  facet normal -0.170372 0.4526675 0.8752517
    outer loop
      vertex -0.1634252 0.4814352 0.8611111
      vertex -0.175316 0.4232503 0.8888889
      vertex -0.1472588 0.4338103 0.8888889
    endloop
  endfacet
  facet normal -0.1996131 0.4405555 0.8752517
    outer loop
      vertex -0.1945627 0.4697159 0.8611111
      vertex -0.224867 0.4559852 0.8611111
      vertex -0.2026226 0.4108779 0.8888889
    endloop
  endfacet
  facet normal -0.1996131 0.4405555 0.8752517
    outer loop
      vertex -0.1945627 0.4697159 0.8611111
      vertex -0.2026226 0.4108779 0.8888889
      vertex -0.175316 0.4232503 0.8888889
    endloop
  endfacet
  facet normal -0.2279994 0.4265569 0.8752517
    outer loop
      vertex -0.224867 0.4559852 0.8611111
      vertex -0.2542084 0.4403019 0.8611111
      vertex -0.2290614 0.396746 0.8888889
    endloop
  endfacet
  facet normal -0.2279994 0.4265569 0.8752517
    outer loop
      vertex -0.224867 0.4559852 0.8611111
      vertex -0.2290614 0.396746 0.8888889
      vertex -0.2026226 0.4108779 0.8888889
    endloop
  endfacet
  facet normal -0.2554094 0.4107317 0.8752517
    outer loop
      vertex -0.2542084 0.4403019 0.8611111
      vertex -0.2824612 0.4227331 0.8611111
      vertex -0.2545194 0.3809152 0.8888889
    endloop
  endfacet
  facet normal -0.2554094 0.4107317 0.8752517
    outer loop
      vertex -0.2542084 0.4403019 0.8611111
      vertex -0.2545194 0.3809152 0.8888889
      vertex -0.2290614 0.396746 0.8888889
    endloop
  endfacet
  facet normal -0.2817257 0.3931478 0.8752517
    outer loop
      vertex -0.2824612 0.4227331 0.8611111
      vertex -0.3095045 0.4033542 0.8611111
      vertex -0.2788875 0.3634533 0.8888889
    endloop
  endfacet
  facet normal -0.2817257 0.3931478 0.8752517
    outer loop
      vertex -0.2824612 0.4227331 0.8611111
      vertex -0.2788875 0.3634533 0.8888889
      vertex -0.2545194 0.3809152 0.8888889
    endloop
  endfacet
  facet normal -0.3068356 0.3738803 0.8752517
    outer loop
      vertex -0.3095045 0.4033542 0.8611111
      vertex -0.3352225 0.382248 0.8611111
      vertex -0.3020614 0.344435 0.8888889
    endloop
  endfacet
  facet normal -0.3068356 0.3738803 0.8752517
    outer loop
      vertex -0.3095045 0.4033542 0.8611111
      vertex -0.3020614 0.344435 0.8888889
      vertex -0.2788875 0.3634533 0.8888889
    endloop
  endfacet
  facet normal -0.3306316 0.3530117 0.8752517
    outer loop
      vertex -0.3352225 0.382248 0.8611111
      vertex -0.359505 0.359505 0.8611111
      vertex -0.3239418 0.3239418 0.8888889
    endloop
  endfacet
  facet normal -0.3306316 0.3530117 0.8752517
    outer loop
      vertex -0.3352225 0.382248 0.8611111
      vertex -0.3239418 0.3239418 0.8888889
      vertex -0.3020614 0.344435 0.8888889
    endloop
  endfacet
  facet normal -0.3530117 0.3306316 0.8752517
    outer loop
      vertex -0.359505 0.359505 0.8611111
      vertex -0.382248 0.3352225 0.8611111
      vertex -0.344435 0.3020614 0.8888889
    endloop
  endfacet
  facet normal -0.3530117 0.3306316 0.8752517
    outer loop
      vertex -0.359505 0.359505 0.8611111
      vertex -0.344435 0.3020614 0.8888889
      vertex -0.3239418 0.3239418 0.8888889
    endloop
  endfacet
  facet normal -0.3738803 0.3068356 0.8752517
    outer loop
      vertex -0.382248 0.3352225 0.8611111
      vertex -0.4033542 0.3095045 0.8611111
      vertex -0.3634533 0.2788875 0.8888889
    endloop
  endfacet
  facet normal -0.3738803 0.3068356 0.8752517
    outer loop
      vertex -0.382248 0.3352225 0.8611111
      vertex -0.3634533 0.2788875 0.8888889
      vertex -0.344435 0.3020614 0.8888889
    endloop
  endfacet
  facet normal -0.3931478 0.2817257 0.8752517
    outer loop
      vertex -0.4033542 0.3095045 0.8611111
      vertex -0.4227331 0.2824612 0.8611111
      vertex -0.3809152 0.2545194 0.8888889
    endloop
  endfacet
  facet normal -0.3931478 0.2817257 0.8752517
    outer loop
      vertex -0.4033542 0.3095045 0.8611111
      vertex -0.3809152 0.2545194 0.8888889
      vertex -0.3634533 0.2788875 0.8888889
    endloop
  endfacet
  facet normal -0.4107317 0.2554094 0.8752517
    outer loop
      vertex -0.4227331 0.2824612 0.8611111
      vertex -0.4403019 0.2542084 0.8611111
      vertex -0.396746 0.2290614 0.8888889
    endloop
  endfacet
  facet normal -0.4107317 0.2554094 0.8752517
    outer loop
      vertex -0.4227331 0.2824612 0.8611111
      vertex -0.396746 0.2290614 0.8888889
      vertex -0.3809152 0.2545194 0.8888889
    endloop
  endfacet
  facet normal -0.4265569 0.2279994 0.8752517
    outer loop
      vertex -0.4403019 0.2542084 0.8611111
      vertex -0.4559852 0.224867 0.8611111
      vertex -0.4108779 0.2026226 0.8888889
    endloop
  endfacet
  facet normal -0.4265569 0.2279994 0.8752517
    outer loop
      vertex -0.4403019 0.2542084 0.8611111
      vertex -0.4108779 0.2026226 0.8888889
      vertex -0.396746 0.2290614 0.8888889
    endloop
  endfacet
  facet normal -0.4405555 0.1996131 0.8752517
    outer loop
      vertex -0.4559852 0.224867 0.8611111
      vertex -0.4697159 0.1945627 0.8611111
      vertex -0.4232503 0.175316 0.8888889
    endloop
  endfacet
  facet normal -0.4405555 0.1996131 0.8752517
    outer loop
      vertex -0.4559852 0.224867 0.8611111
      vertex -0.4232503 0.175316 0.8888889
      vertex -0.4108779 0.2026226 0.8888889
    endloop
  endfacet
  facet normal -0.4526675 0.170372 0.8752517
    outer loop
      vertex -0.4697159 0.1945627 0.8611111
      vertex -0.4814352 0.1634252 0.8611111
      vertex -0.4338103 0.1472588 0.8888889
    endloop
  endfacet
  facet normal -0.4526675 0.170372 0.8752517
    outer loop
      vertex -0.4697159 0.1945627 0.8611111
      vertex -0.4338103 0.1472588 0.8888889
      vertex -0.4232503 0.175316 0.8888889
    endloop
  endfacet
  facet normal -0.4628412 0.1404013 0.8752517
    outer loop
      vertex -0.4814352 0.1634252 0.8611111
      vertex -0.4910929 0.131588 0.8611111
      vertex -0.4425127 0.1185709 0.8888889
    endloop
  endfacet
  facet normal -0.4628412 0.1404013 0.8752517
    outer loop
      vertex -0.4814352 0.1634252 0.8611111
      vertex -0.4425127 0.1185709 0.8888889
      vertex -0.4338103 0.1472588 0.8888889
    endloop
  endfacet
  facet normal -0.4710329 0.1098295 0.8752517
    outer loop
      vertex -0.4910929 0.131588 0.8611111
      vertex -0.4986477 0.0991872 0.8611111
      vertex -0.4493201 0.08937533 0.8888889
    endloop
  endfacet
  facet normal -0.4710329 0.1098295 0.8752517
    outer loop
      vertex -0.4910929 0.131588 0.8611111
      vertex -0.4493201 0.08937533 0.8888889
      vertex -0.4425127 0.1185709 0.8888889
    endloop
  endfacet
  facet normal -0.4772076 0.07878729 0.8752517
    outer loop
      vertex -0.4986477 0.0991872 0.8611111
      vertex -0.5040672 0.06636171 0.8611111
      vertex -0.4542035 0.05979703 0.8888889
    endloop
  endfacet
  facet normal -0.4772076 0.07878729 0.8752517
    outer loop
      vertex -0.4986477 0.0991872 0.8611111
      vertex -0.4542035 0.05979703 0.8888889
      vertex -0.4493201 0.08937533 0.8888889
    endloop
  endfacet
  facet normal -0.4813388 0.04740773 0.8752517
    outer loop
      vertex -0.5040672 0.06636171 0.8611111
      vertex -0.5073283 0.03325205 0.8611111
      vertex -0.457142 0.02996267 0.8888889
    endloop
  endfacet
  facet normal -0.4813388 0.04740773 0.8752517
    outer loop
      vertex -0.5040672 0.06636171 0.8611111
      vertex -0.457142 0.02996267 0.8888889
      vertex -0.4542035 0.05979703 0.8888889
    endloop
  endfacet
  facet normal -0.4834088 0.01582517 0.8752517
    outer loop
      vertex -0.5073283 0.03325205 0.8611111
      vertex -0.5084168 6.22631e-17 0.8611111
      vertex -0.4581228 5.610387e-17 0.8888889
    endloop
  endfacet
  facet normal -0.4834088 0.01582517 0.8752517
    outer loop
      vertex -0.5073283 0.03325205 0.8611111
      vertex -0.4581228 5.610387e-17 0.8888889
      vertex -0.457142 0.02996267 0.8888889
    endloop
  endfacet
  facet normal -0.4834088 -0.01582517 0.8752517
    outer loop
      vertex -0.5084168 6.22631e-17 0.8611111
      vertex -0.5073283 -0.03325205 0.8611111
      vertex -0.457142 -0.02996267 0.8888889
    endloop
  endfacet
  facet normal -0.4834088 -0.01582517 0.8752517
    outer loop
      vertex -0.5084168 6.22631e-17 0.8611111
      vertex -0.457142 -0.02996267 0.8888889
      vertex -0.4581228 5.610387e-17 0.8888889
    endloop
  endfacet
  facet normal -0.4813388 -0.04740773 0.8752517
    outer loop
      vertex -0.5073283 -0.03325205 0.8611111
      vertex -0.5040672 -0.06636171 0.8611111
      vertex -0.4542035 -0.05979703 0.8888889
    endloop
  endfacet
  facet normal -0.4813388 -0.04740773 0.8752517
    outer loop
      vertex -0.5073283 -0.03325205 0.8611111
      vertex -0.4542035 -0.05979703 0.8888889
      vertex -0.457142 -0.02996267 0.8888889
    endloop
  endfacet
  facet normal -0.4772076 -0.07878729 0.8752517
    outer loop
      vertex -0.5040672 -0.06636171 0.8611111
      vertex -0.4986477 -0.0991872 0.8611111
      vertex -0.4493201 -0.08937533 0.8888889
    endloop
  endfacet
  facet normal -0.4772076 -0.07878729 0.8752517
    outer loop
      vertex -0.5040672 -0.06636171 0.8611111
      vertex -0.4493201 -0.08937533 0.8888889
      vertex -0.4542035 -0.05979703 0.8888889
    endloop
  endfacet
  facet normal -0.4710329 -0.1098295 0.8752517
    outer loop
      vertex -0.4986477 -0.0991872 0.8611111
      vertex -0.4910929 -0.131588 0.8611111
      vertex -0.4425127 -0.1185709 0.8888889
    endloop
  endfacet
  facet normal -0.4710329 -0.1098295 0.8752517
    outer loop
      vertex -0.4986477 -0.0991872 0.8611111
      vertex -0.4425127 -0.1185709 0.8888889
      vertex -0.4493201 -0.08937533 0.8888889
    endloop
  endfacet
  facet normal -0.4628412 -0.1404013 0.8752517
    outer loop
      vertex -0.4910929 -0.131588 0.8611111
      vertex -0.4814352 -0.1634252 0.8611111
      vertex -0.4338103 -0.1472588 0.8888889
    endloop
  endfacet
  facet normal -0.4628412 -0.1404013 0.8752517
    outer loop
      vertex -0.4910929 -0.131588 0.8611111
      vertex -0.4338103 -0.1472588 0.8888889
      vertex -0.4425127 -0.1185709 0.8888889
    endloop
  endfacet
  facet normal -0.4526675 -0.170372 0.8752517
    outer loop
      vertex -0.4814352 -0.1634252 0.8611111
      vertex -0.4697159 -0.1945627 0.8611111
      vertex -0.4232503 -0.175316 0.8888889
    endloop
  endfacet
  facet normal -0.4526675 -0.170372 0.8752517
    outer loop
      vertex -0.4814352 -0.1634252 0.8611111
      vertex -0.4232503 -0.175316 0.8888889
      vertex -0.4338103 -0.1472588 0.8888889
    endloop
  endfacet
  facet normal -0.4405555 -0.1996131 0.8752517
    outer loop
      vertex -0.4697159 -0.1945627 0.8611111
      vertex -0.4559852 -0.224867 0.8611111
      vertex -0.4108779 -0.2026226 0.8888889
    endloop
  endfacet
  facet normal -0.4405555 -0.1996131 0.8752517
    outer loop
      vertex -0.4697159 -0.1945627 0.8611111
      vertex -0.4108779 -0.2026226 0.8888889
      vertex -0.4232503 -0.175316 0.8888889
    endloop
  endfacet
  facet normal -0.4265569 -0.2279994 0.8752517
    outer loop
      vertex -0.4559852 -0.224867 0.8611111
      vertex -0.4403019 -0.2542084 0.8611111
      vertex -0.396746 -0.2290614 0.8888889
    endloop
  endfacet
  facet normal -0.4265569 -0.2279994 0.8752517
    outer loop
      vertex -0.4559852 -0.224867 0.8611111
      vertex -0.396746 -0.2290614 0.8888889
      vertex -0.4108779 -0.2026226 0.8888889
    endloop
  endfacet
  facet normal -0.4107317 -0.2554094 0.8752517
    outer loop
      vertex -0.4403019 -0.2542084 0.8611111
      vertex -0.4227331 -0.2824612 0.8611111
      vertex -0.3809152 -0.2545194 0.8888889
    endloop
  endfacet
  facet normal -0.4107317 -0.2554094 0.8752517
    outer loop
      vertex -0.4403019 -0.2542084 0.8611111
      vertex -0.3809152 -0.2545194 0.8888889
      vertex -0.396746 -0.2290614 0.8888889
    endloop
  endfacet
  facet normal -0.3931478 -0.2817257 0.8752517
    outer loop
      vertex -0.4227331 -0.2824612 0.8611111
      vertex -0.4033542 -0.3095045 0.8611111
      vertex -0.3634533 -0.2788875 0.8888889
    endloop
  endfacet
  facet normal -0.3931478 -0.2817257 0.8752517
    outer loop
      vertex -0.4227331 -0.2824612 0.8611111
      vertex -0.3634533 -0.2788875 0.8888889
      vertex -0.3809152 -0.2545194 0.8888889
    endloop
  endfacet
  facet normal -0.3738803 -0.3068356 0.8752517
    outer loop
      vertex -0.4033542 -0.3095045 0.8611111
      vertex -0.382248 -0.3352225 0.8611111
      vertex -0.344435 -0.3020614 0.8888889
    endloop
  endfacet
  facet normal -0.3738803 -0.3068356 0.8752517
    outer loop
      vertex -0.4033542 -0.3095045 0.8611111
      vertex -0.344435 -0.3020614 0.8888889
      vertex -0.3634533 -0.2788875 0.8888889
    endloop
  endfacet
  facet normal -0.3530117 -0.3306316 0.8752517
    outer loop
      vertex -0.382248 -0.3352225 0.8611111
      vertex -0.359505 -0.359505 0.8611111
      vertex -0.3239418 -0.3239418 0.8888889
    endloop
  endfacet
  facet normal -0.3530117 -0.3306316 0.8752517
    outer loop
      vertex -0.382248 -0.3352225 0.8611111
      vertex -0.3239418 -0.3239418 0.8888889
      vertex -0.344435 -0.3020614 0.8888889
    endloop
  endfacet
  facet normal -0.3306316 -0.3530117 0.8752517
    outer loop
      vertex -0.359505 -0.359505 0.8611111
      vertex -0.3352225 -0.382248 0.8611111
      vertex -0.3020614 -0.344435 0.8888889
    endloop
  endfacet
  facet normal -0.3306316 -0.3530117 0.8752517
    outer loop
      vertex -0.359505 -0.359505 0.8611111
      vertex -0.3020614 -0.344435 0.8888889
      vertex -0.3239418 -0.3239418 0.8888889
    endloop
  endfacet
  facet normal -0.3068356 -0.3738803 0.8752517
    outer loop
      vertex -0.3352225 -0.382248 0.8611111
      vertex -0.3095045 -0.4033542 0.8611111
      vertex -0.2788875 -0.3634533 0.8888889
    endloop
  endfacet
  facet normal -0.3068356 -0.3738803 0.8752517
    outer loop
      vertex -0.3352225 -0.382248 0.8611111
      vertex -0.2788875 -0.3634533 0.8888889
      vertex -0.3020614 -0.344435 0.8888889
    endloop
  endfacet
  facet normal -0.2817257 -0.3931478 0.8752517
    outer loop
      vertex -0.3095045 -0.4033542 0.8611111
      vertex -0.2824612 -0.4227331 0.8611111
      vertex -0.2545194 -0.3809152 0.8888889
    endloop
  endfacet
  facet normal -0.2817257 -0.3931478 0.8752517
    outer loop
      vertex -0.3095045 -0.4033542 0.8611111
      vertex -0.2545194 -0.3809152 0.8888889
      vertex -0.2788875 -0.3634533 0.8888889
    endloop
  endfacet
  facet normal -0.2554094 -0.4107317 0.8752517
    outer loop
      vertex -0.2824612 -0.4227331 0.8611111
      vertex -0.2542084 -0.4403019 0.8611111
      vertex -0.2290614 -0.396746 0.8888889
    endloop
  endfacet
  facet normal -0.2554094 -0.4107317 0.8752517
    outer loop
      vertex -0.2824612 -0.4227331 0.8611111
      vertex -0.2290614 -0.396746 0.8888889
      vertex -0.2545194 -0.3809152 0.8888889
    endloop
  endfacet
  facet normal -0.2279994 -0.4265569 0.8752517
    outer loop
      vertex -0.2542084 -0.4403019 0.8611111
      vertex -0.224867 -0.4559852 0.8611111
      vertex -0.2026226 -0.4108779 0.8888889
    endloop
  endfacet
  facet normal -0.2279994 -0.4265569 0.8752517
    outer loop
      vertex -0.2542084 -0.4403019 0.8611111
      vertex -0.2026226 -0.4108779 0.8888889
      vertex -0.2290614 -0.396746 0.8888889
    endloop
  endfacet
  facet normal -0.1996131 -0.4405555 0.8752517
    outer loop
      vertex -0.224867 -0.4559852 0.8611111
      vertex -0.1945627 -0.4697159 0.8611111
      vertex -0.175316 -0.4232503 0.8888889
    endloop
  endfacet
  facet normal -0.1996131 -0.4405555 0.8752517
    outer loop
      vertex -0.224867 -0.4559852 0.8611111
      vertex -0.175316 -0.4232503 0.8888889
      vertex -0.2026226 -0.4108779 0.8888889
    endloop
  endfacet
  facet normal -0.170372 -0.4526675 0.8752517
    outer loop
      vertex -0.1945627 -0.4697159 0.8611111
      vertex -0.1634252 -0.4814352 0.8611111
      vertex -0.1472588 -0.4338103 0.8888889
    endloop
  endfacet
  facet normal -0.170372 -0.4526675 0.8752517
    outer loop
      vertex -0.1945627 -0.4697159 0.8611111
      vertex -0.1472588 -0.4338103 0.8888889
      vertex -0.175316 -0.4232503 0.8888889
    endloop
  endfacet
  facet normal -0.1404013 -0.4628412 0.8752517
    outer loop
      vertex -0.1634252 -0.4814352 0.8611111
      vertex -0.131588 -0.4910929 0.8611111
      vertex -0.1185709 -0.4425127 0.8888889
    endloop
  endfacet
  facet normal -0.1404013 -0.4628412 0.8752517
    outer loop
      vertex -0.1634252 -0.4814352 0.8611111
      vertex -0.1185709 -0.4425127 0.8888889
      vertex -0.1472588 -0.4338103 0.8888889
    endloop
  endfacet
  facet normal -0.1098295 -0.4710329 0.8752517
    outer loop
      vertex -0.131588 -0.4910929 0.8611111
      vertex -0.0991872 -0.4986477 0.8611111
      vertex -0.08937533 -0.4493201 0.8888889
    endloop
  endfacet
  facet normal -0.1098295 -0.4710329 0.8752517
    outer loop
      vertex -0.131588 -0.4910929 0.8611111
      vertex -0.08937533 -0.4493201 0.8888889
      vertex -0.1185709 -0.4425127 0.8888889
    endloop
  endfacet
  facet normal -0.07878729 -0.4772076 0.8752517
    outer loop
      vertex -0.0991872 -0.4986477 0.8611111
      vertex -0.06636171 -0.5040672 0.8611111
      vertex -0.05979703 -0.4542035 0.8888889
    endloop
  endfacet
  facet normal -0.07878729 -0.4772076 0.8752517
    outer loop
      vertex -0.0991872 -0.4986477 0.8611111
      vertex -0.05979703 -0.4542035 0.8888889
      vertex -0.08937533 -0.4493201 0.8888889
    endloop
  endfacet
  facet normal -0.04740773 -0.4813388 0.8752517
    outer loop
      vertex -0.06636171 -0.5040672 0.8611111
      vertex -0.03325205 -0.5073283 0.8611111
      vertex -0.02996267 -0.457142 0.8888889
    endloop
  endfacet
  facet normal -0.04740773 -0.4813388 0.8752517
    outer loop
      vertex -0.06636171 -0.5040672 0.8611111
      vertex -0.02996267 -0.457142 0.8888889
      vertex -0.05979703 -0.4542035 0.8888889
    endloop
  endfacet
  facet normal -0.01582517 -0.4834088 0.8752517
    outer loop
      vertex -0.03325205 -0.5073283 0.8611111
      vertex -9.339465e-17 -0.5084168 0.8611111
      vertex -8.41558e-17 -0.4581228 0.8888889
    endloop
  endfacet
  facet normal -0.01582517 -0.4834088 0.8752517
    outer loop
      vertex -0.03325205 -0.5073283 0.8611111
      vertex -8.41558e-17 -0.4581228 0.8888889
      vertex -0.02996267 -0.457142 0.8888889
    endloop
  endfacet
  facet normal 0.01582517 -0.4834088 0.8752517
    outer loop
      vertex -9.339465e-17 -0.5084168 0.8611111
      vertex 0.03325205 -0.5073283 0.8611111
      vertex 0.02996267 -0.457142 0.8888889
    endloop
  endfacet
  facet normal 0.01582517 -0.4834088 0.8752517
    outer loop
      vertex -9.339465e-17 -0.5084168 0.8611111
      vertex 0.02996267 -0.457142 0.8888889
      vertex -8.41558e-17 -0.4581228 0.8888889
    endloop
  endfacet
  facet normal 0.04740773 -0.4813388 0.8752517
    outer loop
      vertex 0.03325205 -0.5073283 0.8611111
      vertex 0.06636171 -0.5040672 0.8611111
      vertex 0.05979703 -0.4542035 0.8888889
    endloop
  endfacet
  facet normal 0.04740773 -0.4813388 0.8752517
    outer loop
      vertex 0.03325205 -0.5073283 0.8611111
      vertex 0.05979703 -0.4542035 0.8888889
      vertex 0.02996267 -0.457142 0.8888889
    endloop
  endfacet
  facet normal 0.07878729 -0.4772076 0.8752517
    outer loop
      vertex 0.06636171 -0.5040672 0.8611111
      vertex 0.0991872 -0.4986477 0.8611111
      vertex 0.08937533 -0.4493201 0.8888889
    endloop
  endfacet
  facet normal 0.07878729 -0.4772076 0.8752517
    outer loop
      vertex 0.06636171 -0.5040672 0.8611111
      vertex 0.08937533 -0.4493201 0.8888889
      vertex 0.05979703 -0.4542035 0.8888889
    endloop
  endfacet
  facet normal 0.1098295 -0.4710329 0.8752517
    outer loop
      vertex 0.0991872 -0.4986477 0.8611111
      vertex 0.131588 -0.4910929 0.8611111
      vertex 0.1185709 -0.4425127 0.8888889
    endloop
  endfacet
  facet normal 0.1098295 -0.4710329 0.8752517
    outer loop
      vertex 0.0991872 -0.4986477 0.8611111
      vertex 0.1185709 -0.4425127 0.8888889
      vertex 0.08937533 -0.4493201 0.8888889
    endloop
  endfacet
  facet normal 0.1404013 -0.4628412 0.8752517
    outer loop
      vertex 0.131588 -0.4910929 0.8611111
      vertex 0.1634252 -0.4814352 0.8611111
      vertex 0.1472588 -0.4338103 0.8888889
    endloop
  endfacet
  facet normal 0.1404013 -0.4628412 0.8752517
    outer loop
      vertex 0.131588 -0.4910929 0.8611111
      vertex 0.1472588 -0.4338103 0.8888889
      vertex 0.1185709 -0.4425127 0.8888889
    endloop
  endfacet
  facet normal 0.170372 -0.4526675 0.8752517
    outer loop
      vertex 0.1634252 -0.4814352 0.8611111
      vertex 0.1945627 -0.4697159 0.8611111
      vertex 0.175316 -0.4232503 0.8888889
    endloop
  endfacet
  facet normal 0.170372 -0.4526675 0.8752517
    outer loop
      vertex 0.1634252 -0.4814352 0.8611111
      vertex 0.175316 -0.4232503 0.8888889
      vertex 0.1472588 -0.4338103 0.8888889
    endloop
  endfacet
  facet normal 0.1996131 -0.4405555 0.8752517
    outer loop
      vertex 0.1945627 -0.4697159 0.8611111
      vertex 0.224867 -0.4559852 0.8611111
      vertex 0.2026226 -0.4108779 0.8888889
    endloop
  endfacet
  facet normal 0.1996131 -0.4405555 0.8752517
    outer loop
      vertex 0.1945627 -0.4697159 0.8611111
      vertex 0.2026226 -0.4108779 0.8888889
      vertex 0.175316 -0.4232503 0.8888889
    endloop
  endfacet
  facet normal 0.2279994 -0.4265569 0.8752517
    outer loop
      vertex 0.224867 -0.4559852 0.8611111
      vertex 0.2542084 -0.4403019 0.8611111
      vertex 0.2290614 -0.396746 0.8888889
    endloop
  endfacet
  facet normal 0.2279994 -0.4265569 0.8752517
    outer loop
      vertex 0.224867 -0.4559852 0.8611111
      vertex 0.2290614 -0.396746 0.8888889
      vertex 0.2026226 -0.4108779 0.8888889
    endloop
  endfacet
  facet normal 0.2554094 -0.4107317 0.8752517
    outer loop
      vertex 0.2542084 -0.4403019 0.8611111
      vertex 0.2824612 -0.4227331 0.8611111
      vertex 0.2545194 -0.3809152 0.8888889
    endloop
  endfacet
  facet normal 0.2554094 -0.4107317 0.8752517
    outer loop
      vertex 0.2542084 -0.4403019 0.8611111
      vertex 0.2545194 -0.3809152 0.8888889
      vertex 0.2290614 -0.396746 0.8888889
    endloop
  endfacet
  facet normal 0.2817257 -0.3931478 0.8752517
    outer loop
      vertex 0.2824612 -0.4227331 0.8611111
      vertex 0.3095045 -0.4033542 0.8611111
      vertex 0.2788875 -0.3634533 0.8888889
    endloop
  endfacet
  facet normal 0.2817257 -0.3931478 0.8752517
    outer loop
      vertex 0.2824612 -0.4227331 0.8611111
      vertex 0.2788875 -0.3634533 0.8888889
      vertex 0.2545194 -0.3809152 0.8888889
    endloop
  endfacet
  facet normal 0.3068356 -0.3738803 0.8752517
    outer loop
      vertex 0.3095045 -0.4033542 0.8611111
      vertex 0.3352225 -0.382248 0.8611111
      vertex 0.3020614 -0.344435 0.8888889
    endloop
  endfacet
  facet normal 0.3068356 -0.3738803 0.8752517
    outer loop
      vertex 0.3095045 -0.4033542 0.8611111
      vertex 0.3020614 -0.344435 0.8888889
      vertex 0.2788875 -0.3634533 0.8888889
    endloop
  endfacet
  facet normal 0.3306316 -0.3530117 0.8752517
    outer loop
      vertex 0.3352225 -0.382248 0.8611111
      vertex 0.359505 -0.359505 0.8611111
      vertex 0.3239418 -0.3239418 0.8888889
    endloop
  endfacet
  facet normal 0.3306316 -0.3530117 0.8752517
    outer loop
      vertex 0.3352225 -0.382248 0.8611111
      vertex 0.3239418 -0.3239418 0.8888889
      vertex 0.3020614 -0.344435 0.8888889
    endloop
  endfacet
  facet normal 0.3530117 -0.3306316 0.8752517
    outer loop
      vertex 0.359505 -0.359505 0.8611111
      vertex 0.382248 -0.3352225 0.8611111
      vertex 0.344435 -0.3020614 0.8888889
    endloop
  endfacet
  facet normal 0.3530117 -0.3306316 0.8752517
    outer loop
      vertex 0.359505 -0.359505 0.8611111
      vertex 0.344435 -0.3020614 0.8888889
      vertex 0.3239418 -0.3239418 0.8888889
    endloop
  endfacet
  facet normal 0.3738803 -0.3068356 0.8752517
    outer loop
      vertex 0.382248 -0.3352225 0.8611111
      vertex 0.4033542 -0.3095045 0.8611111
      vertex 0.3634533 -0.2788875 0.8888889
    endloop
  endfacet
  facet normal 0.3738803 -0.3068356 0.8752517
    outer loop
      vertex 0.382248 -0.3352225 0.8611111
      vertex 0.3634533 -0.2788875 0.8888889
      vertex 0.344435 -0.3020614 0.8888889
    endloop
  endfacet
  facet normal 0.3931478 -0.2817257 0.8752517
    outer loop
      vertex 0.4033542 -0.3095045 0.8611111
      vertex 0.4227331 -0.2824612 0.8611111
      vertex 0.3809152 -0.2545194 0.8888889
    endloop
  endfacet
  facet normal 0.3931478 -0.2817257 0.8752517
    outer loop
      vertex 0.4033542 -0.3095045 0.8611111
      vertex 0.3809152 -0.2545194 0.8888889
      vertex 0.3634533 -0.2788875 0.8888889
    endloop
  endfacet
  facet normal 0.4107317 -0.2554094 0.8752517
    outer loop
      vertex 0.4227331 -0.2824612 0.8611111
      vertex 0.4403019 -0.2542084 0.8611111
      vertex 0.396746 -0.2290614 0.8888889
    endloop
  endfacet
  facet normal 0.4107317 -0.2554094 0.8752517
    outer loop
      vertex 0.4227331 -0.2824612 0.8611111
      vertex 0.396746 -0.2290614 0.8888889
      vertex 0.3809152 -0.2545194 0.8888889
    endloop
  endfacet
  facet normal 0.4265569 -0.2279994 0.8752517
    outer loop
      vertex 0.4403019 -0.2542084 0.8611111
      vertex 0.4559852 -0.224867 0.8611111
      vertex 0.4108779 -0.2026226 0.8888889
    endloop
  endfacet
  facet normal 0.4265569 -0.2279994 0.8752517
    outer loop
      vertex 0.4403019 -0.2542084 0.8611111
      vertex 0.4108779 -0.2026226 0.8888889
      vertex 0.396746 -0.2290614 0.8888889
    endloop
  endfacet
  facet normal 0.4405555 -0.1996131 0.8752517
    outer loop
      vertex 0.4559852 -0.224867 0.8611111
      vertex 0.4697159 -0.1945627 0.8611111
      vertex 0.4232503 -0.175316 0.8888889
    endloop
  endfacet
  facet normal 0.4405555 -0.1996131 0.8752517
    outer loop
      vertex 0.4559852 -0.224867 0.8611111
      vertex 0.4232503 -0.175316 0.8888889
      vertex 0.4108779 -0.2026226 0.8888889
    endloop
  endfacet
  facet normal 0.4526675 -0.170372 0.8752517
    outer loop
      vertex 0.4697159 -0.1945627 0.8611111
      vertex 0.4814352 -0.1634252 0.8611111
      vertex 0.4338103 -0.1472588 0.8888889
    endloop
  endfacet
  facet normal 0.4526675 -0.170372 0.8752517
    outer loop
      vertex 0.4697159 -0.1945627 0.8611111
      vertex 0.4338103 -0.1472588 0.8888889
      vertex 0.4232503 -0.175316 0.8888889
    endloop
  endfacet
  facet normal 0.4628412 -0.1404013 0.8752517
    outer loop
      vertex 0.4814352 -0.1634252 0.8611111
      vertex 0.4910929 -0.131588 0.8611111
      vertex 0.4425127 -0.1185709 0.8888889
    endloop
  endfacet
  facet normal 0.4628412 -0.1404013 0.8752517
    outer loop
      vertex 0.4814352 -0.1634252 0.8611111
      vertex 0.4425127 -0.1185709 0.8888889
      vertex 0.4338103 -0.1472588 0.8888889
    endloop
  endfacet
  facet normal 0.4710329 -0.1098295 0.8752517
    outer loop
      vertex 0.4910929 -0.131588 0.8611111
      vertex 0.4986477 -0.0991872 0.8611111
      vertex 0.4493201 -0.08937533 0.8888889
    endloop
  endfacet
  facet normal 0.4710329 -0.1098295 0.8752517
    outer loop
      vertex 0.4910929 -0.131588 0.8611111
      vertex 0.4493201 -0.08937533 0.8888889
      vertex 0.4425127 -0.1185709 0.8888889
    endloop
  endfacet
  facet normal 0.4772076 -0.07878729 0.8752517
    outer loop
      vertex 0.4986477 -0.0991872 0.8611111
      vertex 0.5040672 -0.06636171 0.8611111
      vertex 0.4542035 -0.05979703 0.8888889
    endloop
  endfacet
  facet normal 0.4772076 -0.07878729 0.8752517
    outer loop
      vertex 0.4986477 -0.0991872 0.8611111
      vertex 0.4542035 -0.05979703 0.8888889
      vertex 0.4493201 -0.08937533 0.8888889
    endloop
  endfacet
  facet normal 0.4813388 -0.04740773 0.8752517
    outer loop
      vertex 0.5040672 -0.06636171 0.8611111
      vertex 0.5073283 -0.03325205 0.8611111
      vertex 0.457142 -0.02996267 0.8888889
    endloop
  endfacet
  facet normal 0.4813388 -0.04740773 0.8752517
    outer loop
      vertex 0.5040672 -0.06636171 0.8611111
      vertex 0.457142 -0.02996267 0.8888889
      vertex 0.4542035 -0.05979703 0.8888889
    endloop
  endfacet
  facet normal 0.4834088 -0.01582517 0.8752517
    outer loop
      vertex 0.5073283 -0.03325205 0.8611111
      vertex 0.5084168 0 0.8611111
      vertex 0.4581228 0 0.8888889
    endloop
  endfacet
  facet normal 0.4834088 -0.01582517 0.8752517
    outer loop
      vertex 0.5073283 -0.03325205 0.8611111
      vertex 0.4581228 0 0.8888889
      vertex 0.457142 -0.02996267 0.8888889
    endloop
  endfacet
  facet normal 0.4290702 0.0140463 0.9031619
    outer loop
      vertex 0.4581228 0 0.8888889
      vertex 0.457142 0.02996267 0.8888889
      vertex 0.3987969 0.02613853 0.9166667
    endloop
  endfacet
  facet normal 0.4290702 0.0140463 0.9031619
    outer loop
      vertex 0.4581228 0 0.8888889
      vertex 0.3987969 0.02613853 0.9166667
      vertex 0.3996526 0 0.9166667
    endloop
  endfacet
  facet normal 0.4272329 0.04207877 0.9031619
    outer loop
      vertex 0.457142 0.02996267 0.8888889
      vertex 0.4542035 0.05979703 0.8888889
      vertex 0.3962335 0.05216514 0.9166667
    endloop
  endfacet
  facet normal 0.4272329 0.04207877 0.9031619
    outer loop
      vertex 0.457142 0.02996267 0.8888889
      vertex 0.3962335 0.05216514 0.9166667
      vertex 0.3987969 0.02613853 0.9166667
    endloop
  endfacet
  facet normal 0.4235661 0.06993104 0.9031619
    outer loop
      vertex 0.4542035 0.05979703 0.8888889
      vertex 0.4493201 0.08937533 0.8888889
      vertex 0.3919734 0.07796836 0.9166667
    endloop
  endfacet
  facet normal 0.4235661 0.06993104 0.9031619
    outer loop
      vertex 0.4542035 0.05979703 0.8888889
      vertex 0.3919734 0.07796836 0.9166667
      vertex 0.3962335 0.05216514 0.9166667
    endloop
  endfacet
  facet normal 0.4180855 0.09748386 0.9031619
    outer loop
      vertex 0.4493201 0.08937533 0.8888889
      vertex 0.4425127 0.1185709 0.8888889
      vertex 0.3860348 0.1034377 0.9166667
    endloop
  endfacet
  facet normal 0.4180855 0.09748386 0.9031619
    outer loop
      vertex 0.4493201 0.08937533 0.8888889
      vertex 0.3860348 0.1034377 0.9166667
      vertex 0.3919734 0.07796836 0.9166667
    endloop
  endfacet
  facet normal 0.4108146 0.1246192 0.9031619
    outer loop
      vertex 0.4425127 0.1185709 0.8888889
      vertex 0.4338103 0.1472588 0.8888889
      vertex 0.3784431 0.1284641 0.9166667
    endloop
  endfacet
  facet normal 0.4108146 0.1246192 0.9031619
    outer loop
      vertex 0.4425127 0.1185709 0.8888889
      vertex 0.3784431 0.1284641 0.9166667
      vertex 0.3860348 0.1034377 0.9166667
    endloop
  endfacet
  facet normal 0.4017845 0.151221 0.9031619
    outer loop
      vertex 0.4338103 0.1472588 0.8888889
      vertex 0.4232503 0.175316 0.8888889
      vertex 0.3692309 0.1529404 0.9166667
    endloop
  endfacet
  facet normal 0.4017845 0.151221 0.9031619
    outer loop
      vertex 0.4338103 0.1472588 0.8888889
      vertex 0.3692309 0.1529404 0.9166667
      vertex 0.3784431 0.1284641 0.9166667
    endloop
  endfacet
  facet normal 0.3910339 0.1771752 0.9031619
    outer loop
      vertex 0.4232503 0.175316 0.8888889
      vertex 0.4108779 0.2026226 0.8888889
      vertex 0.3584375 0.1767618 0.9166667
    endloop
  endfacet
  facet normal 0.3910339 0.1771752 0.9031619
    outer loop
      vertex 0.4232503 0.175316 0.8888889
      vertex 0.3584375 0.1767618 0.9166667
      vertex 0.3692309 0.1529404 0.9166667
    endloop
  endfacet
  facet normal 0.3786089 0.2023707 0.9031619
    outer loop
      vertex 0.4108779 0.2026226 0.8888889
      vertex 0.396746 0.2290614 0.8888889
      vertex 0.3461093 0.1998263 0.9166667
    endloop
  endfacet
  facet normal 0.3786089 0.2023707 0.9031619
    outer loop
      vertex 0.4108779 0.2026226 0.8888889
      vertex 0.3461093 0.1998263 0.9166667
      vertex 0.3584375 0.1767618 0.9166667
    endloop
  endfacet
  facet normal 0.3645626 0.2266996 0.9031619
    outer loop
      vertex 0.396746 0.2290614 0.8888889
      vertex 0.3809152 0.2545194 0.8888889
      vertex 0.332299 0.2220351 0.9166667
    endloop
  endfacet
  facet normal 0.3645626 0.2266996 0.9031619
    outer loop
      vertex 0.396746 0.2290614 0.8888889
      vertex 0.332299 0.2220351 0.9166667
      vertex 0.3461093 0.1998263 0.9166667
    endloop
  endfacet
  facet normal 0.3489551 0.2500577 0.9031619
    outer loop
      vertex 0.3809152 0.2545194 0.8888889
      vertex 0.3634533 0.2788875 0.8888889
      vertex 0.3170657 0.2432931 0.9166667
    endloop
  endfacet
  facet normal 0.3489551 0.2500577 0.9031619
    outer loop
      vertex 0.3809152 0.2545194 0.8888889
      vertex 0.3170657 0.2432931 0.9166667
      vertex 0.332299 0.2220351 0.9166667
    endloop
  endfacet
  facet normal 0.3318535 0.2723451 0.9031619
    outer loop
      vertex 0.3634533 0.2788875 0.8888889
      vertex 0.344435 0.3020614 0.8888889
      vertex 0.3004748 0.2635093 0.9166667
    endloop
  endfacet
  facet normal 0.3318535 0.2723451 0.9031619
    outer loop
      vertex 0.3634533 0.2788875 0.8888889
      vertex 0.3004748 0.2635093 0.9166667
      vertex 0.3170657 0.2432931 0.9166667
    endloop
  endfacet
  facet normal 0.3133307 0.2934662 0.9031619
    outer loop
      vertex 0.344435 0.3020614 0.8888889
      vertex 0.3239418 0.3239418 0.8888889
      vertex 0.2825971 0.2825971 0.9166667
    endloop
  endfacet
  facet normal 0.3133307 0.2934662 0.9031619
    outer loop
      vertex 0.344435 0.3020614 0.8888889
      vertex 0.2825971 0.2825971 0.9166667
      vertex 0.3004748 0.2635093 0.9166667
    endloop
  endfacet
  facet normal 0.2934662 0.3133307 0.9031619
    outer loop
      vertex 0.3239418 0.3239418 0.8888889
      vertex 0.3020614 0.344435 0.8888889
      vertex 0.2635093 0.3004748 0.9166667
    endloop
  endfacet
  facet normal 0.2934662 0.3133307 0.9031619
    outer loop
      vertex 0.3239418 0.3239418 0.8888889
      vertex 0.2635093 0.3004748 0.9166667
      vertex 0.2825971 0.2825971 0.9166667
    endloop
  endfacet
  facet normal 0.2723451 0.3318535 0.9031619
    outer loop
      vertex 0.3020614 0.344435 0.8888889
      vertex 0.2788875 0.3634533 0.8888889
      vertex 0.2432931 0.3170657 0.9166667
    endloop
  endfacet
  facet normal 0.2723451 0.3318535 0.9031619
    outer loop
      vertex 0.3020614 0.344435 0.8888889
      vertex 0.2432931 0.3170657 0.9166667
      vertex 0.2635093 0.3004748 0.9166667
    endloop
  endfacet
  facet normal 0.2500577 0.3489551 0.9031619
    outer loop
      vertex 0.2788875 0.3634533 0.8888889
      vertex 0.2545194 0.3809152 0.8888889
      vertex 0.2220351 0.332299 0.9166667
    endloop
  endfacet
  facet normal 0.2500577 0.3489551 0.9031619
    outer loop
      vertex 0.2788875 0.3634533 0.8888889
      vertex 0.2220351 0.332299 0.9166667
      vertex 0.2432931 0.3170657 0.9166667
    endloop
  endfacet
  facet normal 0.2266996 0.3645626 0.9031619
    outer loop
      vertex 0.2545194 0.3809152 0.8888889
      vertex 0.2290614 0.396746 0.8888889
      vertex 0.1998263 0.3461093 0.9166667
    endloop
  endfacet
  facet normal 0.2266996 0.3645626 0.9031619
    outer loop
      vertex 0.2545194 0.3809152 0.8888889
      vertex 0.1998263 0.3461093 0.9166667
      vertex 0.2220351 0.332299 0.9166667
    endloop
  endfacet
  facet normal 0.2023707 0.3786089 0.9031619
    outer loop
      vertex 0.2290614 0.396746 0.8888889
      vertex 0.2026226 0.4108779 0.8888889
      vertex 0.1767618 0.3584375 0.9166667
    endloop
  endfacet
  facet normal 0.2023707 0.3786089 0.9031619
    outer loop
      vertex 0.2290614 0.396746 0.8888889
      vertex 0.1767618 0.3584375 0.9166667
      vertex 0.1998263 0.3461093 0.9166667
    endloop
  endfacet
  facet normal 0.1771752 0.3910339 0.9031619
    outer loop
      vertex 0.2026226 0.4108779 0.8888889
      vertex 0.175316 0.4232503 0.8888889
      vertex 0.1529404 0.3692309 0.9166667
    endloop
  endfacet
  facet normal 0.1771752 0.3910339 0.9031619
    outer loop
      vertex 0.2026226 0.4108779 0.8888889
      vertex 0.1529404 0.3692309 0.9166667
      vertex 0.1767618 0.3584375 0.9166667
    endloop
  endfacet
  facet normal 0.151221 0.4017845 0.9031619
    outer loop
      vertex 0.175316 0.4232503 0.8888889
      vertex 0.1472588 0.4338103 0.8888889
      vertex 0.1284641 0.3784431 0.9166667
    endloop
  endfacet
  facet normal 0.151221 0.4017845 0.9031619
    outer loop
      vertex 0.175316 0.4232503 0.8888889
      vertex 0.1284641 0.3784431 0.9166667
      vertex 0.1529404 0.3692309 0.9166667
    endloop
  endfacet
  facet normal 0.1246192 0.4108146 0.9031619
    outer loop
      vertex 0.1472588 0.4338103 0.8888889
      vertex 0.1185709 0.4425127 0.8888889
      vertex 0.1034377 0.3860348 0.9166667
    endloop
  endfacet
  facet normal 0.1246192 0.4108146 0.9031619
    outer loop
      vertex 0.1472588 0.4338103 0.8888889
      vertex 0.1034377 0.3860348 0.9166667
      vertex 0.1284641 0.3784431 0.9166667
    endloop
  endfacet
  facet normal 0.09748386 0.4180855 0.9031619
    outer loop
      vertex 0.1185709 0.4425127 0.8888889
      vertex 0.08937533 0.4493201 0.8888889
      vertex 0.07796836 0.3919734 0.9166667
    endloop
  endfacet
  facet normal 0.09748386 0.4180855 0.9031619
    outer loop
      vertex 0.1185709 0.4425127 0.8888889
      vertex 0.07796836 0.3919734 0.9166667
      vertex 0.1034377 0.3860348 0.9166667
    endloop
  endfacet
  facet normal 0.06993104 0.4235661 0.9031619
    outer loop
      vertex 0.08937533 0.4493201 0.8888889
      vertex 0.05979703 0.4542035 0.8888889
      vertex 0.05216514 0.3962335 0.9166667
    endloop
  endfacet
  facet normal 0.06993104 0.4235661 0.9031619
    outer loop
      vertex 0.08937533 0.4493201 0.8888889
      vertex 0.05216514 0.3962335 0.9166667
      vertex 0.07796836 0.3919734 0.9166667
    endloop
  endfacet
  facet normal 0.04207877 0.4272329 0.9031619
    outer loop
      vertex 0.05979703 0.4542035 0.8888889
      vertex 0.02996267 0.457142 0.8888889
      vertex 0.02613853 0.3987969 0.9166667
    endloop
  endfacet
  facet normal 0.04207877 0.4272329 0.9031619
    outer loop
      vertex 0.05979703 0.4542035 0.8888889
      vertex 0.02613853 0.3987969 0.9166667
      vertex 0.05216514 0.3962335 0.9166667
    endloop
  endfacet
  facet normal 0.0140463 0.4290702 0.9031619
    outer loop
      vertex 0.02996267 0.457142 0.8888889
      vertex 2.805193e-17 0.4581228 0.8888889
      vertex 2.447167e-17 0.3996526 0.9166667
    endloop
  endfacet
  facet normal 0.0140463 0.4290702 0.9031619
    outer loop
      vertex 0.02996267 0.457142 0.8888889
      vertex 2.447167e-17 0.3996526 0.9166667
      vertex 0.02613853 0.3987969 0.9166667
    endloop
  endfacet
  facet normal -0.0140463 0.4290702 0.9031619
    outer loop
      vertex 2.805193e-17 0.4581228 0.8888889
      vertex -0.02996267 0.457142 0.8888889
      vertex -0.02613853 0.3987969 0.9166667
    endloop
  endfacet
  facet normal -0.0140463 0.4290702 0.9031619
    outer loop
      vertex 2.805193e-17 0.4581228 0.8888889
      vertex -0.02613853 0.3987969 0.9166667
      vertex 2.447167e-17 0.3996526 0.9166667
    endloop
  endfacet
  facet normal -0.04207877 0.4272329 0.9031619
    outer loop
      vertex -0.02996267 0.457142 0.8888889
      vertex -0.05979703 0.4542035 0.8888889
      vertex -0.05216514 0.3962335 0.9166667
    endloop
  endfacet
  facet normal -0.04207877 0.4272329 0.9031619
    outer loop
      vertex -0.02996267 0.457142 0.8888889
      vertex -0.05216514 0.3962335 0.9166667
      vertex -0.02613853 0.3987969 0.9166667
    endloop
  endfacet
  facet normal -0.06993104 0.4235661 0.9031619
    outer loop
      vertex -0.05979703 0.4542035 0.8888889
      vertex -0.08937533 0.4493201 0.8888889
      vertex -0.07796836 0.3919734 0.9166667
    endloop
  endfacet
  facet normal -0.06993104 0.4235661 0.9031619
    outer loop
      vertex -0.05979703 0.4542035 0.8888889
      vertex -0.07796836 0.3919734 0.9166667
      vertex -0.05216514 0.3962335 0.9166667
    endloop
  endfacet
  facet normal -0.09748386 0.4180855 0.9031619
    outer loop
      vertex -0.08937533 0.4493201 0.8888889
      vertex -0.1185709 0.4425127 0.8888889
      vertex -0.1034377 0.3860348 0.9166667
    endloop
  endfacet
  facet normal -0.09748386 0.4180855 0.9031619
    outer loop
      vertex -0.08937533 0.4493201 0.8888889
      vertex -0.1034377 0.3860348 0.9166667
      vertex -0.07796836 0.3919734 0.9166667
    endloop
  endfacet
  facet normal -0.1246192 0.4108146 0.9031619
    outer loop
      vertex -0.1185709 0.4425127 0.8888889
      vertex -0.1472588 0.4338103 0.8888889
      vertex -0.1284641 0.3784431 0.9166667
    endloop
  endfacet
  facet normal -0.1246192 0.4108146 0.9031619
    outer loop
      vertex -0.1185709 0.4425127 0.8888889
      vertex -0.1284641 0.3784431 0.9166667
      vertex -0.1034377 0.3860348 0.9166667
    endloop
  endfacet
  facet normal -0.151221 0.4017845 0.9031619
    outer loop
      vertex -0.1472588 0.4338103 0.8888889
      vertex -0.175316 0.4232503 0.8888889
      vertex -0.1529404 0.3692309 0.9166667
    endloop
  endfacet
  facet normal -0.151221 0.4017845 0.9031619
    outer loop
      vertex -0.1472588 0.4338103 0.8888889
      vertex -0.1529404 0.3692309 0.9166667
      vertex -0.1284641 0.3784431 0.9166667
    endloop
  endfacet
  facet normal -0.1771752 0.3910339 0.9031619
    outer loop
      vertex -0.175316 0.4232503 0.8888889
      vertex -0.2026226 0.4108779 0.8888889
      vertex -0.1767618 0.3584375 0.9166667
    endloop
  endfacet
  facet normal -0.1771752 0.3910339 0.9031619
    outer loop
      vertex -0.175316 0.4232503 0.8888889
      vertex -0.1767618 0.3584375 0.9166667
      vertex -0.1529404 0.3692309 0.9166667
    endloop
  endfacet
  facet normal -0.2023707 0.3786089 0.9031619
    outer loop
      vertex -0.2026226 0.4108779 0.8888889
      vertex -0.2290614 0.396746 0.8888889
      vertex -0.1998263 0.3461093 0.9166667
    endloop
  endfacet
  facet normal -0.2023707 0.3786089 0.9031619
    outer loop
      vertex -0.2026226 0.4108779 0.8888889
      vertex -0.1998263 0.3461093 0.9166667
      vertex -0.1767618 0.3584375 0.9166667
    endloop
  endfacet
  facet normal -0.2266996 0.3645626 0.9031619
    outer loop
      vertex -0.2290614 0.396746 0.8888889
      vertex -0.2545194 0.3809152 0.8888889
      vertex -0.2220351 0.332299 0.9166667
    endloop
  endfacet
  facet normal -0.2266996 0.3645626 0.9031619
    outer loop
      vertex -0.2290614 0.396746 0.8888889
      vertex -0.2220351 0.332299 0.9166667
      vertex -0.1998263 0.3461093 0.9166667
    endloop
  endfacet
  facet normal -0.2500577 0.3489551 0.9031619
    outer loop
      vertex -0.2545194 0.3809152 0.8888889
      vertex -0.2788875 0.3634533 0.8888889
      vertex -0.2432931 0.3170657 0.9166667
    endloop
  endfacet
  facet normal -0.2500577 0.3489551 0.9031619
    outer loop
      vertex -0.2545194 0.3809152 0.8888889
      vertex -0.2432931 0.3170657 0.9166667
      vertex -0.2220351 0.332299 0.9166667
    endloop
  endfacet
  facet normal -0.2723451 0.3318535 0.9031619
    outer loop
      vertex -0.2788875 0.3634533 0.8888889
      vertex -0.3020614 0.344435 0.8888889
      vertex -0.2635093 0.3004748 0.9166667
    endloop
  endfacet
  facet normal -0.2723451 0.3318535 0.9031619
    outer loop
      vertex -0.2788875 0.3634533 0.8888889
      vertex -0.2635093 0.3004748 0.9166667
      vertex -0.2432931 0.3170657 0.9166667
    endloop
  endfacet
  facet normal -0.2934662 0.3133307 0.9031619
    outer loop
      vertex -0.3020614 0.344435 0.8888889
      vertex -0.3239418 0.3239418 0.8888889
      vertex -0.2825971 0.2825971 0.9166667
    endloop
  endfacet
  facet normal -0.2934662 0.3133307 0.9031619
    outer loop
      vertex -0.3020614 0.344435 0.8888889
      vertex -0.2825971 0.2825971 0.9166667
      vertex -0.2635093 0.3004748 0.9166667
    endloop
  endfacet
  facet normal -0.3133307 0.2934662 0.9031619
    outer loop
      vertex -0.3239418 0.3239418 0.8888889
      vertex -0.344435 0.3020614 0.8888889
      vertex -0.3004748 0.2635093 0.9166667
    endloop
  endfacet
  facet normal -0.3133307 0.2934662 0.9031619
    outer loop
      vertex -0.3239418 0.3239418 0.8888889
      vertex -0.3004748 0.2635093 0.9166667
      vertex -0.2825971 0.2825971 0.9166667
    endloop
  endfacet
  facet normal -0.3318535 0.2723451 0.9031619
    outer loop
      vertex -0.344435 0.3020614 0.8888889
      vertex -0.3634533 0.2788875 0.8888889
      vertex -0.3170657 0.2432931 0.9166667
    endloop
  endfacet
  facet normal -0.3318535 0.2723451 0.9031619
    outer loop
      vertex -0.344435 0.3020614 0.8888889
      vertex -0.3170657 0.2432931 0.9166667
      vertex -0.3004748 0.2635093 0.9166667
    endloop
  endfacet
  facet normal -0.3489551 0.2500577 0.9031619
    outer loop
      vertex -0.3634533 0.2788875 0.8888889
      vertex -0.3809152 0.2545194 0.8888889
      vertex -0.332299 0.2220351 0.9166667
    endloop
  endfacet
  facet normal -0.3489551 0.2500577 0.9031619
    outer loop
      vertex -0.3634533 0.2788875 0.8888889
      vertex -0.332299 0.2220351 0.9166667
      vertex -0.3170657 0.2432931 0.9166667
    endloop
  endfacet
  facet normal -0.3645626 0.2266996 0.9031619
    outer loop
      vertex -0.3809152 0.2545194 0.8888889
      vertex -0.396746 0.2290614 0.8888889
      vertex -0.3461093 0.1998263 0.9166667
    endloop
  endfacet
  facet normal -0.3645626 0.2266996 0.9031619
    outer loop
      vertex -0.3809152 0.2545194 0.8888889
      vertex -0.3461093 0.1998263 0.9166667
      vertex -0.332299 0.2220351 0.9166667
    endloop
  endfacet
  facet normal -0.3786089 0.2023707 0.9031619
    outer loop
      vertex -0.396746 0.2290614 0.8888889
      vertex -0.4108779 0.2026226 0.8888889
      vertex -0.3584375 0.1767618 0.9166667
    endloop
  endfacet
  facet normal -0.3786089 0.2023707 0.9031619
    outer loop
      vertex -0.396746 0.2290614 0.8888889
      vertex -0.3584375 0.1767618 0.9166667
      vertex -0.3461093 0.1998263 0.9166667
    endloop
  endfacet
  facet normal -0.3910339 0.1771752 0.9031619
    outer loop
      vertex -0.4108779 0.2026226 0.8888889
      vertex -0.4232503 0.175316 0.8888889
      vertex -0.3692309 0.1529404 0.9166667
    endloop
  endfacet
  facet normal -0.3910339 0.1771752 0.9031619
    outer loop
      vertex -0.4108779 0.2026226 0.8888889
      vertex -0.3692309 0.1529404 0.9166667
      vertex -0.3584375 0.1767618 0.9166667
    endloop
  endfacet
  facet normal -0.4017845 0.151221 0.9031619
    outer loop
      vertex -0.4232503 0.175316 0.8888889
      vertex -0.4338103 0.1472588 0.8888889
      vertex -0.3784431 0.1284641 0.9166667
    endloop
  endfacet
  facet normal -0.4017845 0.151221 0.9031619
    outer loop
      vertex -0.4232503 0.175316 0.8888889
      vertex -0.3784431 0.1284641 0.9166667
      vertex -0.3692309 0.1529404 0.9166667
    endloop
  endfacet
  facet normal -0.4108146 0.1246192 0.9031619
    outer loop
      vertex -0.4338103 0.1472588 0.8888889
      vertex -0.4425127 0.1185709 0.8888889
      vertex -0.3860348 0.1034377 0.9166667
    endloop
  endfacet
  facet normal -0.4108146 0.1246192 0.9031619
    outer loop
      vertex -0.4338103 0.1472588 0.8888889
      vertex -0.3860348 0.1034377 0.9166667
      vertex -0.3784431 0.1284641 0.9166667
    endloop
  endfacet
  facet normal -0.4180855 0.09748386 0.9031619
    outer loop
      vertex -0.4425127 0.1185709 0.8888889
      vertex -0.4493201 0.08937533 0.8888889
      vertex -0.3919734 0.07796836 0.9166667
    endloop
  endfacet
  facet normal -0.4180855 0.09748386 0.9031619
    outer loop
      vertex -0.4425127 0.1185709 0.8888889
      vertex -0.3919734 0.07796836 0.9166667
      vertex -0.3860348 0.1034377 0.9166667
    endloop
  endfacet
  facet normal -0.4235661 0.06993104 0.9031619
    outer loop
      vertex -0.4493201 0.08937533 0.8888889
      vertex -0.4542035 0.05979703 0.8888889
      vertex -0.3962335 0.05216514 0.9166667
    endloop
  endfacet
  facet normal -0.4235661 0.06993104 0.9031619
    outer loop
      vertex -0.4493201 0.08937533 0.8888889
      vertex -0.3962335 0.05216514 0.9166667
      vertex -0.3919734 0.07796836 0.9166667
    endloop
  endfacet
  facet normal -0.4272329 0.04207877 0.9031619
    outer loop
      vertex -0.4542035 0.05979703 0.8888889
      vertex -0.457142 0.02996267 0.8888889
      vertex -0.3987969 0.02613853 0.9166667
    endloop
  endfacet
  facet normal -0.4272329 0.04207877 0.9031619
    outer loop
      vertex -0.4542035 0.05979703 0.8888889
      vertex -0.3987969 0.02613853 0.9166667
      vertex -0.3962335 0.05216514 0.9166667
    endloop
  endfacet
  facet normal -0.4290702 0.0140463 0.9031619
    outer loop
      vertex -0.457142 0.02996267 0.8888889
      vertex -0.4581228 5.610387e-17 0.8888889
      vertex -0.3996526 4.894333e-17 0.9166667
    endloop
  endfacet
  facet normal -0.4290702 0.0140463 0.9031619
    outer loop
      vertex -0.457142 0.02996267 0.8888889
      vertex -0.3996526 4.894333e-17 0.9166667
      vertex -0.3987969 0.02613853 0.9166667
    endloop
  endfacet
  facet normal -0.4290702 -0.0140463 0.9031619
    outer loop
      vertex -0.4581228 5.610387e-17 0.8888889
      vertex -0.457142 -0.02996267 0.8888889
      vertex -0.3987969 -0.02613853 0.9166667
    endloop
  endfacet
  facet normal -0.4290702 -0.0140463 0.9031619
    outer loop
      vertex -0.4581228 5.610387e-17 0.8888889
      vertex -0.3987969 -0.02613853 0.9166667
      vertex -0.3996526 4.894333e-17 0.9166667
    endloop
  endfacet
  facet normal -0.4272329 -0.04207877 0.9031619
    outer loop
      vertex -0.457142 -0.02996267 0.8888889
      vertex -0.4542035 -0.05979703 0.8888889
      vertex -0.3962335 -0.05216514 0.9166667
    endloop
  endfacet
  facet normal -0.4272329 -0.04207877 0.9031619
    outer loop
      vertex -0.457142 -0.02996267 0.8888889
      vertex -0.3962335 -0.05216514 0.9166667
      vertex -0.3987969 -0.02613853 0.9166667
    endloop
  endfacet
  facet normal -0.4235661 -0.06993104 0.9031619
    outer loop
      vertex -0.4542035 -0.05979703 0.8888889
      vertex -0.4493201 -0.08937533 0.8888889
      vertex -0.3919734 -0.07796836 0.9166667
    endloop
  endfacet
  facet normal -0.4235661 -0.06993104 0.9031619
    outer loop
      vertex -0.4542035 -0.05979703 0.8888889
      vertex -0.3919734 -0.07796836 0.9166667
      vertex -0.3962335 -0.05216514 0.9166667
    endloop
  endfacet
  facet normal -0.4180855 -0.09748386 0.9031619
    outer loop
      vertex -0.4493201 -0.08937533 0.8888889
      vertex -0.4425127 -0.1185709 0.8888889
      vertex -0.3860348 -0.1034377 0.9166667
    endloop
  endfacet
  facet normal -0.4180855 -0.09748386 0.9031619
    outer loop
      vertex -0.4493201 -0.08937533 0.8888889
      vertex -0.3860348 -0.1034377 0.9166667
      vertex -0.3919734 -0.07796836 0.9166667
    endloop
  endfacet
  facet normal -0.4108146 -0.1246192 0.9031619
    outer loop
      vertex -0.4425127 -0.1185709 0.8888889
      vertex -0.4338103 -0.1472588 0.8888889
      vertex -0.3784431 -0.1284641 0.9166667
    endloop
  endfacet
  facet normal -0.4108146 -0.1246192 0.9031619
    outer loop
      vertex -0.4425127 -0.1185709 0.8888889
      vertex -0.3784431 -0.1284641 0.9166667
      vertex -0.3860348 -0.1034377 0.9166667
    endloop
  endfacet
  facet normal -0.4017845 -0.151221 0.9031619
    outer loop
      vertex -0.4338103 -0.1472588 0.8888889
      vertex -0.4232503 -0.175316 0.8888889
      vertex -0.3692309 -0.1529404 0.9166667
    endloop
  endfacet
  facet normal -0.4017845 -0.151221 0.9031619
    outer loop
      vertex -0.4338103 -0.1472588 0.8888889
      vertex -0.3692309 -0.1529404 0.9166667
      vertex -0.3784431 -0.1284641 0.9166667
    endloop
  endfacet
  facet normal -0.3910339 -0.1771752 0.9031619
    outer loop
      vertex -0.4232503 -0.175316 0.8888889
      vertex -0.4108779 -0.2026226 0.8888889
      vertex -0.3584375 -0.1767618 0.9166667
    endloop
  endfacet
  facet normal -0.3910339 -0.1771752 0.9031619
    outer loop
      vertex -0.4232503 -0.175316 0.8888889
      vertex -0.3584375 -0.1767618 0.9166667
      vertex -0.3692309 -0.1529404 0.9166667
    endloop
  endfacet
  facet normal -0.3786089 -0.2023707 0.9031619
    outer loop
      vertex -0.4108779 -0.2026226 0.8888889
      vertex -0.396746 -0.2290614 0.8888889
      vertex -0.3461093 -0.1998263 0.9166667
    endloop
  endfacet
  facet normal -0.3786089 -0.2023707 0.9031619
    outer loop
      vertex -0.4108779 -0.2026226 0.8888889
      vertex -0.3461093 -0.1998263 0.9166667
      vertex -0.3584375 -0.1767618 0.9166667
    endloop
  endfacet
  facet normal -0.3645626 -0.2266996 0.9031619
    outer loop
      vertex -0.396746 -0.2290614 0.8888889
      vertex -0.3809152 -0.2545194 0.8888889
      vertex -0.332299 -0.2220351 0.9166667
    endloop
  endfacet
  facet normal -0.3645626 -0.2266996 0.9031619
    outer loop
      vertex -0.396746 -0.2290614 0.8888889
      vertex -0.332299 -0.2220351 0.9166667
      vertex -0.3461093 -0.1998263 0.9166667
    endloop
  endfacet
  facet normal -0.3489551 -0.2500577 0.9031619
    outer loop
      vertex -0.3809152 -0.2545194 0.8888889
      vertex -0.3634533 -0.2788875 0.8888889
      vertex -0.3170657 -0.2432931 0.9166667
    endloop
  endfacet
  facet normal -0.3489551 -0.2500577 0.9031619
    outer loop
      vertex -0.3809152 -0.2545194 0.8888889
      vertex -0.3170657 -0.2432931 0.9166667
      vertex -0.332299 -0.2220351 0.9166667
    endloop
  endfacet
  facet normal -0.3318535 -0.2723451 0.9031619
    outer loop
      vertex -0.3634533 -0.2788875 0.8888889
      vertex -0.344435 -0.3020614 0.8888889
      vertex -0.3004748 -0.2635093 0.9166667
    endloop
  endfacet
  facet normal -0.3318535 -0.2723451 0.9031619
    outer loop
      vertex -0.3634533 -0.2788875 0.8888889
      vertex -0.3004748 -0.2635093 0.9166667
      vertex -0.3170657 -0.2432931 0.9166667
    endloop
  endfacet
  facet normal -0.3133307 -0.2934662 0.9031619
    outer loop
      vertex -0.344435 -0.3020614 0.8888889
      vertex -0.3239418 -0.3239418 0.8888889
      vertex -0.2825971 -0.2825971 0.9166667
    endloop
  endfacet
  facet normal -0.3133307 -0.2934662 0.9031619
    outer loop
      vertex -0.344435 -0.3020614 0.8888889
      vertex -0.2825971 -0.2825971 0.9166667
      vertex -0.3004748 -0.2635093 0.9166667
    endloop
  endfacet
  facet normal -0.2934662 -0.3133307 0.9031619
    outer loop
      vertex -0.3239418 -0.3239418 0.8888889
      vertex -0.3020614 -0.344435 0.8888889
      vertex -0.2635093 -0.3004748 0.9166667
    endloop
  endfacet
  facet normal -0.2934662 -0.3133307 0.9031619
    outer loop
      vertex -0.3239418 -0.3239418 0.8888889
      vertex -0.2635093 -0.3004748 0.9166667
      vertex -0.2825971 -0.2825971 0.9166667
    endloop
  endfacet
  facet normal -0.2723451 -0.3318535 0.9031619
    outer loop
      vertex -0.3020614 -0.344435 0.8888889
      vertex -0.2788875 -0.3634533 0.8888889
      vertex -0.2432931 -0.3170657 0.9166667
    endloop
  endfacet
  facet normal -0.2723451 -0.3318535 0.9031619
    outer loop
      vertex -0.3020614 -0.344435 0.8888889
      vertex -0.2432931 -0.3170657 0.9166667
      vertex -0.2635093 -0.3004748 0.9166667
    endloop
  endfacet
  facet normal -0.2500577 -0.3489551 0.9031619
    outer loop
      vertex -0.2788875 -0.3634533 0.8888889
      vertex -0.2545194 -0.3809152 0.8888889
      vertex -0.2220351 -0.332299 0.9166667
    endloop
  endfacet
  facet normal -0.2500577 -0.3489551 0.9031619
    outer loop
      vertex -0.2788875 -0.3634533 0.8888889
      vertex -0.2220351 -0.332299 0.9166667
      vertex -0.2432931 -0.3170657 0.9166667
    endloop
  endfacet
  facet normal -0.2266996 -0.3645626 0.9031619
    outer loop
      vertex -0.2545194 -0.3809152 0.8888889
      vertex -0.2290614 -0.396746 0.8888889
      vertex -0.1998263 -0.3461093 0.9166667
    endloop
  endfacet
  facet normal -0.2266996 -0.3645626 0.9031619
    outer loop
      vertex -0.2545194 -0.3809152 0.8888889
      vertex -0.1998263 -0.3461093 0.9166667
      vertex -0.2220351 -0.332299 0.9166667
    endloop
  endfacet
  facet normal -0.2023707 -0.3786089 0.9031619
    outer loop
      vertex -0.2290614 -0.396746 0.8888889
      vertex -0.2026226 -0.4108779 0.8888889
      vertex -0.1767618 -0.3584375 0.9166667
    endloop
  endfacet
  facet normal -0.2023707 -0.3786089 0.9031619
    outer loop
      vertex -0.2290614 -0.396746 0.8888889
      vertex -0.1767618 -0.3584375 0.9166667
      vertex -0.1998263 -0.3461093 0.9166667
    endloop
  endfacet
  facet normal -0.1771752 -0.3910339 0.9031619
    outer loop
      vertex -0.2026226 -0.4108779 0.8888889
      vertex -0.175316 -0.4232503 0.8888889
      vertex -0.1529404 -0.3692309 0.9166667
    endloop
  endfacet
  facet normal -0.1771752 -0.3910339 0.9031619
    outer loop
      vertex -0.2026226 -0.4108779 0.8888889
      vertex -0.1529404 -0.3692309 0.9166667
      vertex -0.1767618 -0.3584375 0.9166667
    endloop
  endfacet
  facet normal -0.151221 -0.4017845 0.9031619
    outer loop
      vertex -0.175316 -0.4232503 0.8888889
      vertex -0.1472588 -0.4338103 0.8888889
      vertex -0.1284641 -0.3784431 0.9166667
    endloop
  endfacet
  facet normal -0.151221 -0.4017845 0.9031619
    outer loop
      vertex -0.175316 -0.4232503 0.8888889
      vertex -0.1284641 -0.3784431 0.9166667
      vertex -0.1529404 -0.3692309 0.9166667
    endloop
  endfacet
  facet normal -0.1246192 -0.4108146 0.9031619
    outer loop
      vertex -0.1472588 -0.4338103 0.8888889
      vertex -0.1185709 -0.4425127 0.8888889
      vertex -0.1034377 -0.3860348 0.9166667
    endloop
  endfacet
  facet normal -0.1246192 -0.4108146 0.9031619
    outer loop
      vertex -0.1472588 -0.4338103 0.8888889
      vertex -0.1034377 -0.3860348 0.9166667
      vertex -0.1284641 -0.3784431 0.9166667
    endloop
  endfacet
  facet normal -0.09748386 -0.4180855 0.9031619
    outer loop
      vertex -0.1185709 -0.4425127 0.8888889
      vertex -0.08937533 -0.4493201 0.8888889
      vertex -0.07796836 -0.3919734 0.9166667
    endloop
  endfacet
  facet normal -0.09748386 -0.4180855 0.9031619
    outer loop
      vertex -0.1185709 -0.4425127 0.8888889
      vertex -0.07796836 -0.3919734 0.9166667
      vertex -0.1034377 -0.3860348 0.9166667
    endloop
  endfacet
  facet normal -0.06993104 -0.4235661 0.9031619
    outer loop
      vertex -0.08937533 -0.4493201 0.8888889
      vertex -0.05979703 -0.4542035 0.8888889
      vertex -0.05216514 -0.3962335 0.9166667
    endloop
  endfacet
  facet normal -0.06993104 -0.4235661 0.9031619
    outer loop
      vertex -0.08937533 -0.4493201 0.8888889
      vertex -0.05216514 -0.3962335 0.9166667
      vertex -0.07796836 -0.3919734 0.9166667
    endloop
  endfacet
  facet normal -0.04207877 -0.4272329 0.9031619
    outer loop
      vertex -0.05979703 -0.4542035 0.8888889
      vertex -0.02996267 -0.457142 0.8888889
      vertex -0.02613853 -0.3987969 0.9166667
    endloop
  endfacet
  facet normal -0.04207877 -0.4272329 0.9031619
    outer loop
      vertex -0.05979703 -0.4542035 0.8888889
      vertex -0.02613853 -0.3987969 0.9166667
      vertex -0.05216514 -0.3962335 0.9166667
    endloop
  endfacet
  facet normal -0.0140463 -0.4290702 0.9031619
    outer loop
      vertex -0.02996267 -0.457142 0.8888889
      vertex -8.41558e-17 -0.4581228 0.8888889
      vertex -7.3415e-17 -0.3996526 0.9166667
    endloop
  endfacet
  facet normal -0.0140463 -0.4290702 0.9031619
    outer loop
      vertex -0.02996267 -0.457142 0.8888889
      vertex -7.3415e-17 -0.3996526 0.9166667
      vertex -0.02613853 -0.3987969 0.9166667
    endloop
  endfacet
  facet normal 0.0140463 -0.4290702 0.9031619
    outer loop
      vertex -8.41558e-17 -0.4581228 0.8888889
      vertex 0.02996267 -0.457142 0.8888889
      vertex 0.02613853 -0.3987969 0.9166667
    endloop
  endfacet
  facet normal 0.0140463 -0.4290702 0.9031619
    outer loop
      vertex -8.41558e-17 -0.4581228 0.8888889
      vertex 0.02613853 -0.3987969 0.9166667
      vertex -7.3415e-17 -0.3996526 0.9166667
    endloop
  endfacet
  facet normal 0.04207877 -0.4272329 0.9031619
    outer loop
      vertex 0.02996267 -0.457142 0.8888889
      vertex 0.05979703 -0.4542035 0.8888889
      vertex 0.05216514 -0.3962335 0.9166667
    endloop
  endfacet
  facet normal 0.04207877 -0.4272329 0.9031619
    outer loop
      vertex 0.02996267 -0.457142 0.8888889
      vertex 0.05216514 -0.3962335 0.9166667
      vertex 0.02613853 -0.3987969 0.9166667
    endloop
  endfacet
  facet normal 0.06993104 -0.4235661 0.9031619
    outer loop
      vertex 0.05979703 -0.4542035 0.8888889
      vertex 0.08937533 -0.4493201 0.8888889
      vertex 0.07796836 -0.3919734 0.9166667
    endloop
  endfacet
  facet normal 0.06993104 -0.4235661 0.9031619
    outer loop
      vertex 0.05979703 -0.4542035 0.8888889
      vertex 0.07796836 -0.3919734 0.9166667
      vertex 0.05216514 -0.3962335 0.9166667
    endloop
  endfacet
  facet normal 0.09748386 -0.4180855 0.9031619
    outer loop
      vertex 0.08937533 -0.4493201 0.8888889
      vertex 0.1185709 -0.4425127 0.8888889
      vertex 0.1034377 -0.3860348 0.9166667
    endloop
  endfacet
  facet normal 0.09748386 -0.4180855 0.9031619
    outer loop
      vertex 0.08937533 -0.4493201 0.8888889
      vertex 0.1034377 -0.3860348 0.9166667
      vertex 0.07796836 -0.3919734 0.9166667
    endloop
  endfacet
  facet normal 0.1246192 -0.4108146 0.9031619
    outer loop
      vertex 0.1185709 -0.4425127 0.8888889
      vertex 0.1472588 -0.4338103 0.8888889
      vertex 0.1284641 -0.3784431 0.9166667
    endloop
  endfacet
  facet normal 0.1246192 -0.4108146 0.9031619
    outer loop
      vertex 0.1185709 -0.4425127 0.8888889
      vertex 0.1284641 -0.3784431 0.9166667
      vertex 0.1034377 -0.3860348 0.9166667
    endloop
  endfacet
  facet normal 0.151221 -0.4017845 0.9031619
    outer loop
      vertex 0.1472588 -0.4338103 0.8888889
      vertex 0.175316 -0.4232503 0.8888889
      vertex 0.1529404 -0.3692309 0.9166667
    endloop
  endfacet
  facet normal 0.151221 -0.4017845 0.9031619
    outer loop
      vertex 0.1472588 -0.4338103 0.8888889
      vertex 0.1529404 -0.3692309 0.9166667
      vertex 0.1284641 -0.3784431 0.9166667
    endloop
  endfacet
  facet normal 0.1771752 -0.3910339 0.9031619
    outer loop
      vertex 0.175316 -0.4232503 0.8888889
      vertex 0.2026226 -0.4108779 0.8888889
      vertex 0.1767618 -0.3584375 0.9166667
    endloop
  endfacet
  facet normal 0.1771752 -0.3910339 0.9031619
    outer loop
      vertex 0.175316 -0.4232503 0.8888889
      vertex 0.1767618 -0.3584375 0.9166667
      vertex 0.1529404 -0.3692309 0.9166667
    endloop
  endfacet
  facet normal 0.2023707 -0.3786089 0.9031619
    outer loop
      vertex 0.2026226 -0.4108779 0.8888889
      vertex 0.2290614 -0.396746 0.8888889
      vertex 0.1998263 -0.3461093 0.9166667
    endloop
  endfacet
  facet normal 0.2023707 -0.3786089 0.9031619
    outer loop
      vertex 0.2026226 -0.4108779 0.8888889
      vertex 0.1998263 -0.3461093 0.9166667
      vertex 0.1767618 -0.3584375 0.9166667
    endloop
  endfacet
  facet normal 0.2266996 -0.3645626 0.9031619
    outer loop
      vertex 0.2290614 -0.396746 0.8888889
      vertex 0.2545194 -0.3809152 0.8888889
      vertex 0.2220351 -0.332299 0.9166667
    endloop
  endfacet
  facet normal 0.2266996 -0.3645626 0.9031619
    outer loop
      vertex 0.2290614 -0.396746 0.8888889
      vertex 0.2220351 -0.332299 0.9166667
      vertex 0.1998263 -0.3461093 0.9166667
    endloop
  endfacet
  facet normal 0.2500577 -0.3489551 0.9031619
    outer loop
      vertex 0.2545194 -0.3809152 0.8888889
      vertex 0.2788875 -0.3634533 0.8888889
      vertex 0.2432931 -0.3170657 0.9166667
    endloop
  endfacet
  facet normal 0.2500577 -0.3489551 0.9031619
    outer loop
      vertex 0.2545194 -0.3809152 0.8888889
      vertex 0.2432931 -0.3170657 0.9166667
      vertex 0.2220351 -0.332299 0.9166667
    endloop
  endfacet
  facet normal 0.2723451 -0.3318535 0.9031619
    outer loop
      vertex 0.2788875 -0.3634533 0.8888889
      vertex 0.3020614 -0.344435 0.8888889
      vertex 0.2635093 -0.3004748 0.9166667
    endloop
  endfacet
  facet normal 0.2723451 -0.3318535 0.9031619
    outer loop
      vertex 0.2788875 -0.3634533 0.8888889
      vertex 0.2635093 -0.3004748 0.9166667
      vertex 0.2432931 -0.3170657 0.9166667
    endloop
  endfacet
  facet normal 0.2934662 -0.3133307 0.9031619
    outer loop
      vertex 0.3020614 -0.344435 0.8888889
      vertex 0.3239418 -0.3239418 0.8888889
      vertex 0.2825971 -0.2825971 0.9166667
    endloop
  endfacet
  facet normal 0.2934662 -0.3133307 0.9031619
    outer loop
      vertex 0.3020614 -0.344435 0.8888889
      vertex 0.2825971 -0.2825971 0.9166667
      vertex 0.2635093 -0.3004748 0.9166667
    endloop
  endfacet
  facet normal 0.3133307 -0.2934662 0.9031619
    outer loop
      vertex 0.3239418 -0.3239418 0.8888889
      vertex 0.344435 -0.3020614 0.8888889
      vertex 0.3004748 -0.2635093 0.9166667
    endloop
  endfacet
  facet normal 0.3133307 -0.2934662 0.9031619
    outer loop
      vertex 0.3239418 -0.3239418 0.8888889
      vertex 0.3004748 -0.2635093 0.9166667
      vertex 0.2825971 -0.2825971 0.9166667
    endloop
  endfacet
  facet normal 0.3318535 -0.2723451 0.9031619
    outer loop
      vertex 0.344435 -0.3020614 0.8888889
      vertex 0.3634533 -0.2788875 0.8888889
      vertex 0.3170657 -0.2432931 0.9166667
    endloop
  endfacet
  facet normal 0.3318535 -0.2723451 0.9031619
    outer loop
      vertex 0.344435 -0.3020614 0.8888889
      vertex 0.3170657 -0.2432931 0.9166667
      vertex 0.3004748 -0.2635093 0.9166667
    endloop
  endfacet
  facet normal 0.3489551 -0.2500577 0.9031619
    outer loop
      vertex 0.3634533 -0.2788875 0.8888889
      vertex 0.3809152 -0.2545194 0.8888889
      vertex 0.332299 -0.2220351 0.9166667
    endloop
  endfacet
  facet normal 0.3489551 -0.2500577 0.9031619
    outer loop
      vertex 0.3634533 -0.2788875 0.8888889
      vertex 0.332299 -0.2220351 0.9166667
      vertex 0.3170657 -0.2432931 0.9166667
    endloop
  endfacet
  facet normal 0.3645626 -0.2266996 0.9031619
    outer loop
      vertex 0.3809152 -0.2545194 0.8888889
      vertex 0.396746 -0.2290614 0.8888889
      vertex 0.3461093 -0.1998263 0.9166667
    endloop
  endfacet
  facet normal 0.3645626 -0.2266996 0.9031619
    outer loop
      vertex 0.3809152 -0.2545194 0.8888889
      vertex 0.3461093 -0.1998263 0.9166667
      vertex 0.332299 -0.2220351 0.9166667
    endloop
  endfacet
  facet normal 0.3786089 -0.2023707 0.9031619
    outer loop
      vertex 0.396746 -0.2290614 0.8888889
      vertex 0.4108779 -0.2026226 0.8888889
      vertex 0.3584375 -0.1767618 0.9166667
    endloop
  endfacet
  facet normal 0.3786089 -0.2023707 0.9031619
    outer loop
      vertex 0.396746 -0.2290614 0.8888889
      vertex 0.3584375 -0.1767618 0.9166667
      vertex 0.3461093 -0.1998263 0.9166667
    endloop
  endfacet
  facet normal 0.3910339 -0.1771752 0.9031619
    outer loop
      vertex 0.4108779 -0.2026226 0.8888889
      vertex 0.4232503 -0.175316 0.8888889
      vertex 0.3692309 -0.1529404 0.9166667
    endloop
  endfacet
  facet normal 0.3910339 -0.1771752 0.9031619
    outer loop
      vertex 0.4108779 -0.2026226 0.8888889
      vertex 0.3692309 -0.1529404 0.9166667
      vertex 0.3584375 -0.1767618 0.9166667
    endloop
  endfacet
  facet normal 0.4017845 -0.151221 0.9031619
    outer loop
      vertex 0.4232503 -0.175316 0.8888889
      vertex 0.4338103 -0.1472588 0.8888889
      vertex 0.3784431 -0.1284641 0.9166667
    endloop
  endfacet
  facet normal 0.4017845 -0.151221 0.9031619
    outer loop
      vertex 0.4232503 -0.175316 0.8888889
      vertex 0.3784431 -0.1284641 0.9166667
      vertex 0.3692309 -0.1529404 0.9166667
    endloop
  endfacet
  facet normal 0.4108146 -0.1246192 0.9031619
    outer loop
      vertex 0.4338103 -0.1472588 0.8888889
      vertex 0.4425127 -0.1185709 0.8888889
      vertex 0.3860348 -0.1034377 0.9166667
    endloop
  endfacet
  facet normal 0.4108146 -0.1246192 0.9031619
    outer loop
      vertex 0.4338103 -0.1472588 0.8888889
      vertex 0.3860348 -0.1034377 0.9166667
      vertex 0.3784431 -0.1284641 0.9166667
    endloop
  endfacet
  facet normal 0.4180855 -0.09748386 0.9031619
    outer loop
      vertex 0.4425127 -0.1185709 0.8888889
      vertex 0.4493201 -0.08937533 0.8888889
      vertex 0.3919734 -0.07796836 0.9166667
    endloop
  endfacet
  facet normal 0.4180855 -0.09748386 0.9031619
    outer loop
      vertex 0.4425127 -0.1185709 0.8888889
      vertex 0.3919734 -0.07796836 0.9166667
      vertex 0.3860348 -0.1034377 0.9166667
    endloop
  endfacet
  facet normal 0.4235661 -0.06993104 0.9031619
    outer loop
      vertex 0.4493201 -0.08937533 0.8888889
      vertex 0.4542035 -0.05979703 0.8888889
      vertex 0.3962335 -0.05216514 0.9166667
    endloop
  endfacet
  facet normal 0.4235661 -0.06993104 0.9031619
    outer loop
      vertex 0.4493201 -0.08937533 0.8888889
      vertex 0.3962335 -0.05216514 0.9166667
      vertex 0.3919734 -0.07796836 0.9166667
    endloop
  endfacet
  facet normal 0.4272329 -0.04207877 0.9031619
    outer loop
      vertex 0.4542035 -0.05979703 0.8888889
      vertex 0.457142 -0.02996267 0.8888889
      vertex 0.3987969 -0.02613853 0.9166667
    endloop
  endfacet
  facet normal 0.4272329 -0.04207877 0.9031619
    outer loop
      vertex 0.4542035 -0.05979703 0.8888889
      vertex 0.3987969 -0.02613853 0.9166667
      vertex 0.3962335 -0.05216514 0.9166667
    endloop
  endfacet
  facet normal 0.4290702 -0.0140463 0.9031619
    outer loop
      vertex 0.457142 -0.02996267 0.8888889
      vertex 0.4581228 0 0.8888889
      vertex 0.3996526 0 0.9166667
    endloop
  endfacet
  facet normal 0.4290702 -0.0140463 0.9031619
    outer loop
      vertex 0.457142 -0.02996267 0.8888889
      vertex 0.3996526 0 0.9166667
      vertex 0.3987969 -0.02613853 0.9166667
    endloop
  endfacet
  facet normal 0.3644007 0.01192924 0.9311658
    outer loop
      vertex 0.3996526 0 0.9166667
      vertex 0.3987969 0.02613853 0.9166667
      vertex 0.3279674 0.02149612 0.9444444
    endloop
  endfacet
  facet normal 0.3644007 0.01192924 0.9311658
    outer loop
      vertex 0.3996526 0 0.9166667
      vertex 0.3279674 0.02149612 0.9444444
      vertex 0.3286711 0 0.9444444
    endloop
  endfacet
  facet normal 0.3628403 0.03573665 0.9311658
    outer loop
      vertex 0.3987969 0.02613853 0.9166667
      vertex 0.3962335 0.05216514 0.9166667
      vertex 0.3258593 0.04290019 0.9444444
    endloop
  endfacet
  facet normal 0.3628403 0.03573665 0.9311658
    outer loop
      vertex 0.3987969 0.02613853 0.9166667
      vertex 0.3258593 0.04290019 0.9444444
      vertex 0.3279674 0.02149612 0.9444444
    endloop
  endfacet
  facet normal 0.3597261 0.05939102 0.9311658
    outer loop
      vertex 0.3962335 0.05216514 0.9166667
      vertex 0.3919734 0.07796836 0.9166667
      vertex 0.3223558 0.06412055 0.9444444
    endloop
  endfacet
  facet normal 0.3597261 0.05939102 0.9311658
    outer loop
      vertex 0.3962335 0.05216514 0.9166667
      vertex 0.3223558 0.06412055 0.9444444
      vertex 0.3258593 0.04290019 0.9444444
    endloop
  endfacet
  facet normal 0.3550716 0.08279107 0.9311658
    outer loop
      vertex 0.3919734 0.07796836 0.9166667
      vertex 0.3860348 0.1034377 0.9166667
      vertex 0.3174719 0.08506634 0.9444444
    endloop
  endfacet
  facet normal 0.3550716 0.08279107 0.9311658
    outer loop
      vertex 0.3919734 0.07796836 0.9166667
      vertex 0.3174719 0.08506634 0.9444444
      vertex 0.3223558 0.06412055 0.9444444
    endloop
  endfacet
  facet normal 0.3488965 0.1058366 0.9311658
    outer loop
      vertex 0.3860348 0.1034377 0.9166667
      vertex 0.3784431 0.1284641 0.9166667
      vertex 0.3112286 0.1056479 0.9444444
    endloop
  endfacet
  facet normal 0.3488965 0.1058366 0.9311658
    outer loop
      vertex 0.3860348 0.1034377 0.9166667
      vertex 0.3112286 0.1056479 0.9444444
      vertex 0.3174719 0.08506634 0.9444444
    endloop
  endfacet
  facet normal 0.3412275 0.1284289 0.9311658
    outer loop
      vertex 0.3784431 0.1284641 0.9166667
      vertex 0.3692309 0.1529404 0.9166667
      vertex 0.3036525 0.125777 0.9444444
    endloop
  endfacet
  facet normal 0.3412275 0.1284289 0.9311658
    outer loop
      vertex 0.3784431 0.1284641 0.9166667
      vertex 0.3036525 0.125777 0.9444444
      vertex 0.3112286 0.1056479 0.9444444
    endloop
  endfacet
  facet normal 0.3320972 0.1504713 0.9311658
    outer loop
      vertex 0.3692309 0.1529404 0.9166667
      vertex 0.3584375 0.1767618 0.9166667
      vertex 0.2947761 0.1453675 0.9444444
    endloop
  endfacet
  facet normal 0.3320972 0.1504713 0.9311658
    outer loop
      vertex 0.3692309 0.1529404 0.9166667
      vertex 0.2947761 0.1453675 0.9444444
      vertex 0.3036525 0.125777 0.9444444
    endloop
  endfacet
  facet normal 0.3215449 0.1718693 0.9311658
    outer loop
      vertex 0.3584375 0.1767618 0.9166667
      vertex 0.3461093 0.1998263 0.9166667
      vertex 0.2846375 0.1643355 0.9444444
    endloop
  endfacet
  facet normal 0.3215449 0.1718693 0.9311658
    outer loop
      vertex 0.3584375 0.1767618 0.9166667
      vertex 0.2846375 0.1643355 0.9444444
      vertex 0.2947761 0.1453675 0.9444444
    endloop
  endfacet
  facet normal 0.3096156 0.1925314 0.9311658
    outer loop
      vertex 0.3461093 0.1998263 0.9166667
      vertex 0.332299 0.2220351 0.9166667
      vertex 0.27328 0.1825999 0.9444444
    endloop
  endfacet
  facet normal 0.3096156 0.1925314 0.9311658
    outer loop
      vertex 0.3461093 0.1998263 0.9166667
      vertex 0.27328 0.1825999 0.9444444
      vertex 0.2846375 0.1643355 0.9444444
    endloop
  endfacet
  facet normal 0.2963606 0.212369 0.9311658
    outer loop
      vertex 0.332299 0.2220351 0.9166667
      vertex 0.3170657 0.2432931 0.9166667
      vertex 0.2607523 0.2000823 0.9444444
    endloop
  endfacet
  facet normal 0.2963606 0.212369 0.9311658
    outer loop
      vertex 0.332299 0.2220351 0.9166667
      vertex 0.2607523 0.2000823 0.9444444
      vertex 0.27328 0.1825999 0.9444444
    endloop
  endfacet
  facet normal 0.2818364 0.2312972 0.9311658
    outer loop
      vertex 0.3170657 0.2432931 0.9166667
      vertex 0.3004748 0.2635093 0.9166667
      vertex 0.247108 0.2167079 0.9444444
    endloop
  endfacet
  facet normal 0.2818364 0.2312972 0.9311658
    outer loop
      vertex 0.3170657 0.2432931 0.9166667
      vertex 0.247108 0.2167079 0.9444444
      vertex 0.2607523 0.2000823 0.9444444
    endloop
  endfacet
  facet normal 0.2661054 0.249235 0.9311658
    outer loop
      vertex 0.3004748 0.2635093 0.9166667
      vertex 0.2825971 0.2825971 0.9166667
      vertex 0.2324056 0.2324056 0.9444444
    endloop
  endfacet
  facet normal 0.2661054 0.249235 0.9311658
    outer loop
      vertex 0.3004748 0.2635093 0.9166667
      vertex 0.2324056 0.2324056 0.9444444
      vertex 0.247108 0.2167079 0.9444444
    endloop
  endfacet
  facet normal 0.249235 0.2661054 0.9311658
    outer loop
      vertex 0.2825971 0.2825971 0.9166667
      vertex 0.2635093 0.3004748 0.9166667
      vertex 0.2167079 0.247108 0.9444444
    endloop
  endfacet
  facet normal 0.249235 0.2661054 0.9311658
    outer loop
      vertex 0.2825971 0.2825971 0.9166667
      vertex 0.2167079 0.247108 0.9444444
      vertex 0.2324056 0.2324056 0.9444444
    endloop
  endfacet
  facet normal 0.2312972 0.2818364 0.9311658
    outer loop
      vertex 0.2635093 0.3004748 0.9166667
      vertex 0.2432931 0.3170657 0.9166667
      vertex 0.2000823 0.2607523 0.9444444
    endloop
  endfacet
  facet normal 0.2312972 0.2818364 0.9311658
    outer loop
      vertex 0.2635093 0.3004748 0.9166667
      vertex 0.2000823 0.2607523 0.9444444
      vertex 0.2167079 0.247108 0.9444444
    endloop
  endfacet
  facet normal 0.212369 0.2963606 0.9311658
    outer loop
      vertex 0.2432931 0.3170657 0.9166667
      vertex 0.2220351 0.332299 0.9166667
      vertex 0.1825999 0.27328 0.9444444
    endloop
  endfacet
  facet normal 0.212369 0.2963606 0.9311658
    outer loop
      vertex 0.2432931 0.3170657 0.9166667
      vertex 0.1825999 0.27328 0.9444444
      vertex 0.2000823 0.2607523 0.9444444
    endloop
  endfacet
  facet normal 0.1925314 0.3096156 0.9311658
    outer loop
      vertex 0.2220351 0.332299 0.9166667
      vertex 0.1998263 0.3461093 0.9166667
      vertex 0.1643355 0.2846375 0.9444444
    endloop
  endfacet
  facet normal 0.1925314 0.3096156 0.9311658
    outer loop
      vertex 0.2220351 0.332299 0.9166667
      vertex 0.1643355 0.2846375 0.9444444
      vertex 0.1825999 0.27328 0.9444444
    endloop
  endfacet
  facet normal 0.1718693 0.3215449 0.9311658
    outer loop
      vertex 0.1998263 0.3461093 0.9166667
      vertex 0.1767618 0.3584375 0.9166667
      vertex 0.1453675 0.2947761 0.9444444
    endloop
  endfacet
  facet normal 0.1718693 0.3215449 0.9311658
    outer loop
      vertex 0.1998263 0.3461093 0.9166667
      vertex 0.1453675 0.2947761 0.9444444
      vertex 0.1643355 0.2846375 0.9444444
    endloop
  endfacet
  facet normal 0.1504713 0.3320972 0.9311658
    outer loop
      vertex 0.1767618 0.3584375 0.9166667
      vertex 0.1529404 0.3692309 0.9166667
      vertex 0.125777 0.3036525 0.9444444
    endloop
  endfacet
  facet normal 0.1504713 0.3320972 0.9311658
    outer loop
      vertex 0.1767618 0.3584375 0.9166667
      vertex 0.125777 0.3036525 0.9444444
      vertex 0.1453675 0.2947761 0.9444444
    endloop
  endfacet
  facet normal 0.1284289 0.3412275 0.9311658
    outer loop
      vertex 0.1529404 0.3692309 0.9166667
      vertex 0.1284641 0.3784431 0.9166667
      vertex 0.1056479 0.3112286 0.9444444
    endloop
  endfacet
  facet normal 0.1284289 0.3412275 0.9311658
    outer loop
      vertex 0.1529404 0.3692309 0.9166667
      vertex 0.1056479 0.3112286 0.9444444
      vertex 0.125777 0.3036525 0.9444444
    endloop
  endfacet
  facet normal 0.1058366 0.3488965 0.9311658
    outer loop
      vertex 0.1284641 0.3784431 0.9166667
      vertex 0.1034377 0.3860348 0.9166667
      vertex 0.08506634 0.3174719 0.9444444
    endloop
  endfacet
  facet normal 0.1058366 0.3488965 0.9311658
    outer loop
      vertex 0.1284641 0.3784431 0.9166667
      vertex 0.08506634 0.3174719 0.9444444
      vertex 0.1056479 0.3112286 0.9444444
    endloop
  endfacet
  facet normal 0.08279107 0.3550716 0.9311658
    outer loop
      vertex 0.1034377 0.3860348 0.9166667
      vertex 0.07796836 0.3919734 0.9166667
      vertex 0.06412055 0.3223558 0.9444444
    endloop
  endfacet
  facet normal 0.08279107 0.3550716 0.9311658
    outer loop
      vertex 0.1034377 0.3860348 0.9166667
      vertex 0.06412055 0.3223558 0.9444444
      vertex 0.08506634 0.3174719 0.9444444
    endloop
  endfacet
  facet normal 0.05939102 0.3597261 0.9311658
    outer loop
      vertex 0.07796836 0.3919734 0.9166667
      vertex 0.05216514 0.3962335 0.9166667
      vertex 0.04290019 0.3258593 0.9444444
    endloop
  endfacet
  facet normal 0.05939102 0.3597261 0.9311658
    outer loop
      vertex 0.07796836 0.3919734 0.9166667
      vertex 0.04290019 0.3258593 0.9444444
      vertex 0.06412055 0.3223558 0.9444444
    endloop
  endfacet
  facet normal 0.03573665 0.3628403 0.9311658
    outer loop
      vertex 0.05216514 0.3962335 0.9166667
      vertex 0.02613853 0.3987969 0.9166667
      vertex 0.02149612 0.3279674 0.9444444
    endloop
  endfacet
  facet normal 0.03573665 0.3628403 0.9311658
    outer loop
      vertex 0.05216514 0.3962335 0.9166667
      vertex 0.02149612 0.3279674 0.9444444
      vertex 0.04290019 0.3258593 0.9444444
    endloop
  endfacet
  facet normal 0.01192924 0.3644007 0.9311658
    outer loop
      vertex 0.02613853 0.3987969 0.9166667
      vertex 2.447167e-17 0.3996526 0.9166667
      vertex 2.01253e-17 0.3286711 0.9444444
    endloop
  endfacet
  facet normal 0.01192924 0.3644007 0.9311658
    outer loop
      vertex 0.02613853 0.3987969 0.9166667
      vertex 2.01253e-17 0.3286711 0.9444444
      vertex 0.02149612 0.3279674 0.9444444
    endloop
  endfacet
  facet normal -0.01192924 0.3644007 0.9311658
    outer loop
      vertex 2.447167e-17 0.3996526 0.9166667
      vertex -0.02613853 0.3987969 0.9166667
      vertex -0.02149612 0.3279674 0.9444444
    endloop
  endfacet
  facet normal -0.01192924 0.3644007 0.9311658
    outer loop
      vertex 2.447167e-17 0.3996526 0.9166667
      vertex -0.02149612 0.3279674 0.9444444
      vertex 2.01253e-17 0.3286711 0.9444444
    endloop
  endfacet
  facet normal -0.03573665 0.3628403 0.9311658
    outer loop
      vertex -0.02613853 0.3987969 0.9166667
      vertex -0.05216514 0.3962335 0.9166667
      vertex -0.04290019 0.3258593 0.9444444
    endloop
  endfacet
  facet normal -0.03573665 0.3628403 0.9311658
    outer loop
      vertex -0.02613853 0.3987969 0.9166667
      vertex -0.04290019 0.3258593 0.9444444
      vertex -0.02149612 0.3279674 0.9444444
    endloop
  endfacet
  facet normal -0.05939102 0.3597261 0.9311658
    outer loop
      vertex -0.05216514 0.3962335 0.9166667
      vertex -0.07796836 0.3919734 0.9166667
      vertex -0.06412055 0.3223558 0.9444444
    endloop
  endfacet
  facet normal -0.05939102 0.3597261 0.9311658
    outer loop
      vertex -0.05216514 0.3962335 0.9166667
      vertex -0.06412055 0.3223558 0.9444444
      vertex -0.04290019 0.3258593 0.9444444
    endloop
  endfacet
  facet normal -0.08279107 0.3550716 0.9311658
    outer loop
      vertex -0.07796836 0.3919734 0.9166667
      vertex -0.1034377 0.3860348 0.9166667
      vertex -0.08506634 0.3174719 0.9444444
    endloop
  endfacet
  facet normal -0.08279107 0.3550716 0.9311658
    outer loop
      vertex -0.07796836 0.3919734 0.9166667
      vertex -0.08506634 0.3174719 0.9444444
      vertex -0.06412055 0.3223558 0.9444444
    endloop
  endfacet
  facet normal -0.1058366 0.3488965 0.9311658
    outer loop
      vertex -0.1034377 0.3860348 0.9166667
      vertex -0.1284641 0.3784431 0.9166667
      vertex -0.1056479 0.3112286 0.9444444
    endloop
  endfacet
  facet normal -0.1058366 0.3488965 0.9311658
    outer loop
      vertex -0.1034377 0.3860348 0.9166667
      vertex -0.1056479 0.3112286 0.9444444
      vertex -0.08506634 0.3174719 0.9444444
    endloop
  endfacet
  facet normal -0.1284289 0.3412275 0.9311658
    outer loop
      vertex -0.1284641 0.3784431 0.9166667
      vertex -0.1529404 0.3692309 0.9166667
      vertex -0.125777 0.3036525 0.9444444
    endloop
  endfacet
  facet normal -0.1284289 0.3412275 0.9311658
    outer loop
      vertex -0.1284641 0.3784431 0.9166667
      vertex -0.125777 0.3036525 0.9444444
      vertex -0.1056479 0.3112286 0.9444444
    endloop
  endfacet
  facet normal -0.1504713 0.3320972 0.9311658
    outer loop
      vertex -0.1529404 0.3692309 0.9166667
      vertex -0.1767618 0.3584375 0.9166667
      vertex -0.1453675 0.2947761 0.9444444
    endloop
  endfacet
  facet normal -0.1504713 0.3320972 0.9311658
    outer loop
      vertex -0.1529404 0.3692309 0.9166667
      vertex -0.1453675 0.2947761 0.9444444
      vertex -0.125777 0.3036525 0.9444444
    endloop
  endfacet
  facet normal -0.1718693 0.3215449 0.9311658
    outer loop
      vertex -0.1767618 0.3584375 0.9166667
      vertex -0.1998263 0.3461093 0.9166667
      vertex -0.1643355 0.2846375 0.9444444
    endloop
  endfacet
  facet normal -0.1718693 0.3215449 0.9311658
    outer loop
      vertex -0.1767618 0.3584375 0.9166667
      vertex -0.1643355 0.2846375 0.9444444
      vertex -0.1453675 0.2947761 0.9444444
    endloop
  endfacet
  facet normal -0.1925314 0.3096156 0.9311658
    outer loop
      vertex -0.1998263 0.3461093 0.9166667
      vertex -0.2220351 0.332299 0.9166667
      vertex -0.1825999 0.27328 0.9444444
    endloop
  endfacet
  facet normal -0.1925314 0.3096156 0.9311658
    outer loop
      vertex -0.1998263 0.3461093 0.9166667
      vertex -0.1825999 0.27328 0.9444444
      vertex -0.1643355 0.2846375 0.9444444
    endloop
  endfacet
  facet normal -0.212369 0.2963606 0.9311658
    outer loop
      vertex -0.2220351 0.332299 0.9166667
      vertex -0.2432931 0.3170657 0.9166667
      vertex -0.2000823 0.2607523 0.9444444
    endloop
  endfacet
  facet normal -0.212369 0.2963606 0.9311658
    outer loop
      vertex -0.2220351 0.332299 0.9166667
      vertex -0.2000823 0.2607523 0.9444444
      vertex -0.1825999 0.27328 0.9444444
    endloop
  endfacet
  facet normal -0.2312972 0.2818364 0.9311658
    outer loop
      vertex -0.2432931 0.3170657 0.9166667
      vertex -0.2635093 0.3004748 0.9166667
      vertex -0.2167079 0.247108 0.9444444
    endloop
  endfacet
  facet normal -0.2312972 0.2818364 0.9311658
    outer loop
      vertex -0.2432931 0.3170657 0.9166667
      vertex -0.2167079 0.247108 0.9444444
      vertex -0.2000823 0.2607523 0.9444444
    endloop
  endfacet
  facet normal -0.249235 0.2661054 0.9311658
    outer loop
      vertex -0.2635093 0.3004748 0.9166667
      vertex -0.2825971 0.2825971 0.9166667
      vertex -0.2324056 0.2324056 0.9444444
    endloop
  endfacet
  facet normal -0.249235 0.2661054 0.9311658
    outer loop
      vertex -0.2635093 0.3004748 0.9166667
      vertex -0.2324056 0.2324056 0.9444444
      vertex -0.2167079 0.247108 0.9444444
    endloop
  endfacet
  facet normal -0.2661054 0.249235 0.9311658
    outer loop
      vertex -0.2825971 0.2825971 0.9166667
      vertex -0.3004748 0.2635093 0.9166667
      vertex -0.247108 0.2167079 0.9444444
    endloop
  endfacet
  facet normal -0.2661054 0.249235 0.9311658
    outer loop
      vertex -0.2825971 0.2825971 0.9166667
      vertex -0.247108 0.2167079 0.9444444
      vertex -0.2324056 0.2324056 0.9444444
    endloop
  endfacet
  facet normal -0.2818364 0.2312972 0.9311658
    outer loop
      vertex -0.3004748 0.2635093 0.9166667
      vertex -0.3170657 0.2432931 0.9166667
      vertex -0.2607523 0.2000823 0.9444444
    endloop
  endfacet
  facet normal -0.2818364 0.2312972 0.9311658
    outer loop
      vertex -0.3004748 0.2635093 0.9166667
      vertex -0.2607523 0.2000823 0.9444444
      vertex -0.247108 0.2167079 0.9444444
    endloop
  endfacet
  facet normal -0.2963606 0.212369 0.9311658
    outer loop
      vertex -0.3170657 0.2432931 0.9166667
      vertex -0.332299 0.2220351 0.9166667
      vertex -0.27328 0.1825999 0.9444444
    endloop
  endfacet
  facet normal -0.2963606 0.212369 0.9311658
    outer loop
      vertex -0.3170657 0.2432931 0.9166667
      vertex -0.27328 0.1825999 0.9444444
      vertex -0.2607523 0.2000823 0.9444444
    endloop
  endfacet
  facet normal -0.3096156 0.1925314 0.9311658
    outer loop
      vertex -0.332299 0.2220351 0.9166667
      vertex -0.3461093 0.1998263 0.9166667
      vertex -0.2846375 0.1643355 0.9444444
    endloop
  endfacet
  facet normal -0.3096156 0.1925314 0.9311658
    outer loop
      vertex -0.332299 0.2220351 0.9166667
      vertex -0.2846375 0.1643355 0.9444444
      vertex -0.27328 0.1825999 0.9444444
    endloop
  endfacet
  facet normal -0.3215449 0.1718693 0.9311658
    outer loop
      vertex -0.3461093 0.1998263 0.9166667
      vertex -0.3584375 0.1767618 0.9166667
      vertex -0.2947761 0.1453675 0.9444444
    endloop
  endfacet
  facet normal -0.3215449 0.1718693 0.9311658
    outer loop
      vertex -0.3461093 0.1998263 0.9166667
      vertex -0.2947761 0.1453675 0.9444444
      vertex -0.2846375 0.1643355 0.9444444
    endloop
  endfacet
  facet normal -0.3320972 0.1504713 0.9311658
    outer loop
      vertex -0.3584375 0.1767618 0.9166667
      vertex -0.3692309 0.1529404 0.9166667
      vertex -0.3036525 0.125777 0.9444444
    endloop
  endfacet
  facet normal -0.3320972 0.1504713 0.9311658
    outer loop
      vertex -0.3584375 0.1767618 0.9166667
      vertex -0.3036525 0.125777 0.9444444
      vertex -0.2947761 0.1453675 0.9444444
    endloop
  endfacet
  facet normal -0.3412275 0.1284289 0.9311658
    outer loop
      vertex -0.3692309 0.1529404 0.9166667
      vertex -0.3784431 0.1284641 0.9166667
      vertex -0.3112286 0.1056479 0.9444444
    endloop
  endfacet
  facet normal -0.3412275 0.1284289 0.9311658
    outer loop
      vertex -0.3692309 0.1529404 0.9166667
      vertex -0.3112286 0.1056479 0.9444444
      vertex -0.3036525 0.125777 0.9444444
    endloop
  endfacet
  facet normal -0.3488965 0.1058366 0.9311658
    outer loop
      vertex -0.3784431 0.1284641 0.9166667
      vertex -0.3860348 0.1034377 0.9166667
      vertex -0.3174719 0.08506634 0.9444444
    endloop
  endfacet
  facet normal -0.3488965 0.1058366 0.9311658
    outer loop
      vertex -0.3784431 0.1284641 0.9166667
      vertex -0.3174719 0.08506634 0.9444444
      vertex -0.3112286 0.1056479 0.9444444
    endloop
  endfacet
  facet normal -0.3550716 0.08279107 0.9311658
    outer loop
      vertex -0.3860348 0.1034377 0.9166667
      vertex -0.3919734 0.07796836 0.9166667
      vertex -0.3223558 0.06412055 0.9444444
    endloop
  endfacet
  facet normal -0.3550716 0.08279107 0.9311658
    outer loop
      vertex -0.3860348 0.1034377 0.9166667
      vertex -0.3223558 0.06412055 0.9444444
      vertex -0.3174719 0.08506634 0.9444444
    endloop
  endfacet
  facet normal -0.3597261 0.05939102 0.9311658
    outer loop
      vertex -0.3919734 0.07796836 0.9166667
      vertex -0.3962335 0.05216514 0.9166667
      vertex -0.3258593 0.04290019 0.9444444
    endloop
  endfacet
  facet normal -0.3597261 0.05939102 0.9311658
    outer loop
      vertex -0.3919734 0.07796836 0.9166667
      vertex -0.3258593 0.04290019 0.9444444
      vertex -0.3223558 0.06412055 0.9444444
    endloop
  endfacet
  facet normal -0.3628403 0.03573665 0.9311658
    outer loop
      vertex -0.3962335 0.05216514 0.9166667
      vertex -0.3987969 0.02613853 0.9166667
      vertex -0.3279674 0.02149612 0.9444444
    endloop
  endfacet
  facet normal -0.3628403 0.03573665 0.9311658
    outer loop
      vertex -0.3962335 0.05216514 0.9166667
      vertex -0.3279674 0.02149612 0.9444444
      vertex -0.3258593 0.04290019 0.9444444
    endloop
  endfacet
  facet normal -0.3644007 0.01192924 0.9311658
    outer loop
      vertex -0.3987969 0.02613853 0.9166667
      vertex -0.3996526 4.894333e-17 0.9166667
      vertex -0.3286711 4.02506e-17 0.9444444
    endloop
  endfacet
  facet normal -0.3644007 0.01192924 0.9311658
    outer loop
      vertex -0.3987969 0.02613853 0.9166667
      vertex -0.3286711 4.02506e-17 0.9444444
      vertex -0.3279674 0.02149612 0.9444444
    endloop
  endfacet
  facet normal -0.3644007 -0.01192924 0.9311658
    outer loop
      vertex -0.3996526 4.894333e-17 0.9166667
      vertex -0.3987969 -0.02613853 0.9166667
      vertex -0.3279674 -0.02149612 0.9444444
    endloop
  endfacet
  facet normal -0.3644007 -0.01192924 0.9311658
    outer loop
      vertex -0.3996526 4.894333e-17 0.9166667
      vertex -0.3279674 -0.02149612 0.9444444
      vertex -0.3286711 4.02506e-17 0.9444444
    endloop
  endfacet
  facet normal -0.3628403 -0.03573665 0.9311658
    outer loop
      vertex -0.3987969 -0.02613853 0.9166667
      vertex -0.3962335 -0.05216514 0.9166667
      vertex -0.3258593 -0.04290019 0.9444444
    endloop
  endfacet
  facet normal -0.3628403 -0.03573665 0.9311658
    outer loop
      vertex -0.3987969 -0.02613853 0.9166667
      vertex -0.3258593 -0.04290019 0.9444444
      vertex -0.3279674 -0.02149612 0.9444444
    endloop
  endfacet
  facet normal -0.3597261 -0.05939102 0.9311658
    outer loop
      vertex -0.3962335 -0.05216514 0.9166667
      vertex -0.3919734 -0.07796836 0.9166667
      vertex -0.3223558 -0.06412055 0.9444444
    endloop
  endfacet
  facet normal -0.3597261 -0.05939102 0.9311658
    outer loop
      vertex -0.3962335 -0.05216514 0.9166667
      vertex -0.3223558 -0.06412055 0.9444444
      vertex -0.3258593 -0.04290019 0.9444444
    endloop
  endfacet
  facet normal -0.3550716 -0.08279107 0.9311658
    outer loop
      vertex -0.3919734 -0.07796836 0.9166667
      vertex -0.3860348 -0.1034377 0.9166667
      vertex -0.3174719 -0.08506634 0.9444444
    endloop
  endfacet
  facet normal -0.3550716 -0.08279107 0.9311658
    outer loop
      vertex -0.3919734 -0.07796836 0.9166667
      vertex -0.3174719 -0.08506634 0.9444444
      vertex -0.3223558 -0.06412055 0.9444444
    endloop
  endfacet
  facet normal -0.3488965 -0.1058366 0.9311658
    outer loop
      vertex -0.3860348 -0.1034377 0.9166667
      vertex -0.3784431 -0.1284641 0.9166667
      vertex -0.3112286 -0.1056479 0.9444444
    endloop
  endfacet
  facet normal -0.3488965 -0.1058366 0.9311658
    outer loop
      vertex -0.3860348 -0.1034377 0.9166667
      vertex -0.3112286 -0.1056479 0.9444444
      vertex -0.3174719 -0.08506634 0.9444444
    endloop
  endfacet
  facet normal -0.3412275 -0.1284289 0.9311658
    outer loop
      vertex -0.3784431 -0.1284641 0.9166667
      vertex -0.3692309 -0.1529404 0.9166667
      vertex -0.3036525 -0.125777 0.9444444
    endloop
  endfacet
  facet normal -0.3412275 -0.1284289 0.9311658
    outer loop
      vertex -0.3784431 -0.1284641 0.9166667
      vertex -0.3036525 -0.125777 0.9444444
      vertex -0.3112286 -0.1056479 0.9444444
    endloop
  endfacet
  facet normal -0.3320972 -0.1504713 0.9311658
    outer loop
      vertex -0.3692309 -0.1529404 0.9166667
      vertex -0.3584375 -0.1767618 0.9166667
      vertex -0.2947761 -0.1453675 0.9444444
    endloop
  endfacet
  facet normal -0.3320972 -0.1504713 0.9311658
    outer loop
      vertex -0.3692309 -0.1529404 0.9166667
      vertex -0.2947761 -0.1453675 0.9444444
      vertex -0.3036525 -0.125777 0.9444444
    endloop
  endfacet
  facet normal -0.3215449 -0.1718693 0.9311658
    outer loop
      vertex -0.3584375 -0.1767618 0.9166667
      vertex -0.3461093 -0.1998263 0.9166667
      vertex -0.2846375 -0.1643355 0.9444444
    endloop
  endfacet
  facet normal -0.3215449 -0.1718693 0.9311658
    outer loop
      vertex -0.3584375 -0.1767618 0.9166667
      vertex -0.2846375 -0.1643355 0.9444444
      vertex -0.2947761 -0.1453675 0.9444444
    endloop
  endfacet
  facet normal -0.3096156 -0.1925314 0.9311658
    outer loop
      vertex -0.3461093 -0.1998263 0.9166667
      vertex -0.332299 -0.2220351 0.9166667
      vertex -0.27328 -0.1825999 0.9444444
    endloop
  endfacet
  facet normal -0.3096156 -0.1925314 0.9311658
    outer loop
      vertex -0.3461093 -0.1998263 0.9166667
      vertex -0.27328 -0.1825999 0.9444444
      vertex -0.2846375 -0.1643355 0.9444444
    endloop
  endfacet
  facet normal -0.2963606 -0.212369 0.9311658
    outer loop
      vertex -0.332299 -0.2220351 0.9166667
      vertex -0.3170657 -0.2432931 0.9166667
      vertex -0.2607523 -0.2000823 0.9444444
    endloop
  endfacet
  facet normal -0.2963606 -0.212369 0.9311658
    outer loop
      vertex -0.332299 -0.2220351 0.9166667
      vertex -0.2607523 -0.2000823 0.9444444
      vertex -0.27328 -0.1825999 0.9444444
    endloop
  endfacet
  facet normal -0.2818364 -0.2312972 0.9311658
    outer loop
      vertex -0.3170657 -0.2432931 0.9166667
      vertex -0.3004748 -0.2635093 0.9166667
      vertex -0.247108 -0.2167079 0.9444444
    endloop
  endfacet
  facet normal -0.2818364 -0.2312972 0.9311658
    outer loop
      vertex -0.3170657 -0.2432931 0.9166667
      vertex -0.247108 -0.2167079 0.9444444
      vertex -0.2607523 -0.2000823 0.9444444
    endloop
  endfacet
  facet normal -0.2661054 -0.249235 0.9311658
    outer loop
      vertex -0.3004748 -0.2635093 0.9166667
      vertex -0.2825971 -0.2825971 0.9166667
      vertex -0.2324056 -0.2324056 0.9444444
    endloop
  endfacet
  facet normal -0.2661054 -0.249235 0.9311658
    outer loop
      vertex -0.3004748 -0.2635093 0.9166667
      vertex -0.2324056 -0.2324056 0.9444444
      vertex -0.247108 -0.2167079 0.9444444
    endloop
  endfacet
  facet normal -0.249235 -0.2661054 0.9311658
    outer loop
      vertex -0.2825971 -0.2825971 0.9166667
      vertex -0.2635093 -0.3004748 0.9166667
      vertex -0.2167079 -0.247108 0.9444444
    endloop
  endfacet
  facet normal -0.249235 -0.2661054 0.9311658
    outer loop
      vertex -0.2825971 -0.2825971 0.9166667
      vertex -0.2167079 -0.247108 0.9444444
      vertex -0.2324056 -0.2324056 0.9444444
    endloop
  endfacet
  facet normal -0.2312972 -0.2818364 0.9311658
    outer loop
      vertex -0.2635093 -0.3004748 0.9166667
      vertex -0.2432931 -0.3170657 0.9166667
      vertex -0.2000823 -0.2607523 0.9444444
    endloop
  endfacet
  facet normal -0.2312972 -0.2818364 0.9311658
    outer loop
      vertex -0.2635093 -0.3004748 0.9166667
      vertex -0.2000823 -0.2607523 0.9444444
      vertex -0.2167079 -0.247108 0.9444444
    endloop
  endfacet
  facet normal -0.212369 -0.2963606 0.9311658
    outer loop
      vertex -0.2432931 -0.3170657 0.9166667
      vertex -0.2220351 -0.332299 0.9166667
      vertex -0.1825999 -0.27328 0.9444444
    endloop
  endfacet
  facet normal -0.212369 -0.2963606 0.9311658
    outer loop
      vertex -0.2432931 -0.3170657 0.9166667
      vertex -0.1825999 -0.27328 0.9444444
      vertex -0.2000823 -0.2607523 0.9444444
    endloop
  endfacet
  facet normal -0.1925314 -0.3096156 0.9311658
    outer loop
      vertex -0.2220351 -0.332299 0.9166667
      vertex -0.1998263 -0.3461093 0.9166667
      vertex -0.1643355 -0.2846375 0.9444444
    endloop
  endfacet
  facet normal -0.1925314 -0.3096156 0.9311658
    outer loop
      vertex -0.2220351 -0.332299 0.9166667
      vertex -0.1643355 -0.2846375 0.9444444
      vertex -0.1825999 -0.27328 0.9444444
    endloop
  endfacet
  facet normal -0.1718693 -0.3215449 0.9311658
    outer loop
      vertex -0.1998263 -0.3461093 0.9166667
      vertex -0.1767618 -0.3584375 0.9166667
      vertex -0.1453675 -0.2947761 0.9444444
    endloop
  endfacet
  facet normal -0.1718693 -0.3215449 0.9311658
    outer loop
      vertex -0.1998263 -0.3461093 0.9166667
      vertex -0.1453675 -0.2947761 0.9444444
      vertex -0.1643355 -0.2846375 0.9444444
    endloop
  endfacet
  facet normal -0.1504713 -0.3320972 0.9311658
    outer loop
      vertex -0.1767618 -0.3584375 0.9166667
      vertex -0.1529404 -0.3692309 0.9166667
      vertex -0.125777 -0.3036525 0.9444444
    endloop
  endfacet
  facet normal -0.1504713 -0.3320972 0.9311658
    outer loop
      vertex -0.1767618 -0.3584375 0.9166667
      vertex -0.125777 -0.3036525 0.9444444
      vertex -0.1453675 -0.2947761 0.9444444
    endloop
  endfacet
  facet normal -0.1284289 -0.3412275 0.9311658
    outer loop
      vertex -0.1529404 -0.3692309 0.9166667
      vertex -0.1284641 -0.3784431 0.9166667
      vertex -0.1056479 -0.3112286 0.9444444
    endloop
  endfacet
  facet normal -0.1284289 -0.3412275 0.9311658
    outer loop
      vertex -0.1529404 -0.3692309 0.9166667
      vertex -0.1056479 -0.3112286 0.9444444
      vertex -0.125777 -0.3036525 0.9444444
    endloop
  endfacet
  facet normal -0.1058366 -0.3488965 0.9311658
    outer loop
      vertex -0.1284641 -0.3784431 0.9166667
      vertex -0.1034377 -0.3860348 0.9166667
      vertex -0.08506634 -0.3174719 0.9444444
    endloop
  endfacet
  facet normal -0.1058366 -0.3488965 0.9311658
    outer loop
      vertex -0.1284641 -0.3784431 0.9166667
      vertex -0.08506634 -0.3174719 0.9444444
      vertex -0.1056479 -0.3112286 0.9444444
    endloop
  endfacet
  facet normal -0.08279107 -0.3550716 0.9311658
    outer loop
      vertex -0.1034377 -0.3860348 0.9166667
      vertex -0.07796836 -0.3919734 0.9166667
      vertex -0.06412055 -0.3223558 0.9444444
    endloop
  endfacet
  facet normal -0.08279107 -0.3550716 0.9311658
    outer loop
      vertex -0.1034377 -0.3860348 0.9166667
      vertex -0.06412055 -0.3223558 0.9444444
      vertex -0.08506634 -0.3174719 0.9444444
    endloop
  endfacet
  facet normal -0.05939102 -0.3597261 0.9311658
    outer loop
      vertex -0.07796836 -0.3919734 0.9166667
      vertex -0.05216514 -0.3962335 0.9166667
      vertex -0.04290019 -0.3258593 0.9444444
    endloop
  endfacet
  facet normal -0.05939102 -0.3597261 0.9311658
    outer loop
      vertex -0.07796836 -0.3919734 0.9166667
      vertex -0.04290019 -0.3258593 0.9444444
      vertex -0.06412055 -0.3223558 0.9444444
    endloop
  endfacet
  facet normal -0.03573665 -0.3628403 0.9311658
    outer loop
      vertex -0.05216514 -0.3962335 0.9166667
      vertex -0.02613853 -0.3987969 0.9166667
      vertex -0.02149612 -0.3279674 0.9444444
    endloop
  endfacet
  facet normal -0.03573665 -0.3628403 0.9311658
    outer loop
      vertex -0.05216514 -0.3962335 0.9166667
      vertex -0.02149612 -0.3279674 0.9444444
      vertex -0.04290019 -0.3258593 0.9444444
    endloop
  endfacet
  facet normal -0.01192924 -0.3644007 0.9311658
    outer loop
      vertex -0.02613853 -0.3987969 0.9166667
      vertex -7.3415e-17 -0.3996526 0.9166667
      vertex -6.03759e-17 -0.3286711 0.9444444
    endloop
  endfacet
  facet normal -0.01192924 -0.3644007 0.9311658
    outer loop
      vertex -0.02613853 -0.3987969 0.9166667
      vertex -6.03759e-17 -0.3286711 0.9444444
      vertex -0.02149612 -0.3279674 0.9444444
    endloop
  endfacet
  facet normal 0.01192924 -0.3644007 0.9311658
    outer loop
      vertex -7.3415e-17 -0.3996526 0.9166667
      vertex 0.02613853 -0.3987969 0.9166667
      vertex 0.02149612 -0.3279674 0.9444444
    endloop
  endfacet
  facet normal 0.01192924 -0.3644007 0.9311658
    outer loop
      vertex -7.3415e-17 -0.3996526 0.9166667
      vertex 0.02149612 -0.3279674 0.9444444
      vertex -6.03759e-17 -0.3286711 0.9444444
    endloop
  endfacet
  facet normal 0.03573665 -0.3628403 0.9311658
    outer loop
      vertex 0.02613853 -0.3987969 0.9166667
      vertex 0.05216514 -0.3962335 0.9166667
      vertex 0.04290019 -0.3258593 0.9444444
    endloop
  endfacet
  facet normal 0.03573665 -0.3628403 0.9311658
    outer loop
      vertex 0.02613853 -0.3987969 0.9166667
      vertex 0.04290019 -0.3258593 0.9444444
      vertex 0.02149612 -0.3279674 0.9444444
    endloop
  endfacet
  facet normal 0.05939102 -0.3597261 0.9311658
    outer loop
      vertex 0.05216514 -0.3962335 0.9166667
      vertex 0.07796836 -0.3919734 0.9166667
      vertex 0.06412055 -0.3223558 0.9444444
    endloop
  endfacet
  facet normal 0.05939102 -0.3597261 0.9311658
    outer loop
      vertex 0.05216514 -0.3962335 0.9166667
      vertex 0.06412055 -0.3223558 0.9444444
      vertex 0.04290019 -0.3258593 0.9444444
    endloop
  endfacet
  facet normal 0.08279107 -0.3550716 0.9311658
    outer loop
      vertex 0.07796836 -0.3919734 0.9166667
      vertex 0.1034377 -0.3860348 0.9166667
      vertex 0.08506634 -0.3174719 0.9444444
    endloop
  endfacet
  facet normal 0.08279107 -0.3550716 0.9311658
    outer loop
      vertex 0.07796836 -0.3919734 0.9166667
      vertex 0.08506634 -0.3174719 0.9444444
      vertex 0.06412055 -0.3223558 0.9444444
    endloop
  endfacet
  facet normal 0.1058366 -0.3488965 0.9311658
    outer loop
      vertex 0.1034377 -0.3860348 0.9166667
      vertex 0.1284641 -0.3784431 0.9166667
      vertex 0.1056479 -0.3112286 0.9444444
    endloop
  endfacet
  facet normal 0.1058366 -0.3488965 0.9311658
    outer loop
      vertex 0.1034377 -0.3860348 0.9166667
      vertex 0.1056479 -0.3112286 0.9444444
      vertex 0.08506634 -0.3174719 0.9444444
    endloop
  endfacet
  facet normal 0.1284289 -0.3412275 0.9311658
    outer loop
      vertex 0.1284641 -0.3784431 0.9166667
      vertex 0.1529404 -0.3692309 0.9166667
      vertex 0.125777 -0.3036525 0.9444444
    endloop
  endfacet
  facet normal 0.1284289 -0.3412275 0.9311658
    outer loop
      vertex 0.1284641 -0.3784431 0.9166667
      vertex 0.125777 -0.3036525 0.9444444
      vertex 0.1056479 -0.3112286 0.9444444
    endloop
  endfacet
  facet normal 0.1504713 -0.3320972 0.9311658
    outer loop
      vertex 0.1529404 -0.3692309 0.9166667
      vertex 0.1767618 -0.3584375 0.9166667
      vertex 0.1453675 -0.2947761 0.9444444
    endloop
  endfacet
  facet normal 0.1504713 -0.3320972 0.9311658
    outer loop
      vertex 0.1529404 -0.3692309 0.9166667
      vertex 0.1453675 -0.2947761 0.9444444
      vertex 0.125777 -0.3036525 0.9444444
    endloop
  endfacet
  facet normal 0.1718693 -0.3215449 0.9311658
    outer loop
      vertex 0.1767618 -0.3584375 0.9166667
      vertex 0.1998263 -0.3461093 0.9166667
      vertex 0.1643355 -0.2846375 0.9444444
    endloop
  endfacet
  facet normal 0.1718693 -0.3215449 0.9311658
    outer loop
      vertex 0.1767618 -0.3584375 0.9166667
      vertex 0.1643355 -0.2846375 0.9444444
      vertex 0.1453675 -0.2947761 0.9444444
    endloop
  endfacet
  facet normal 0.1925314 -0.3096156 0.9311658
    outer loop
      vertex 0.1998263 -0.3461093 0.9166667
      vertex 0.2220351 -0.332299 0.9166667
      vertex 0.1825999 -0.27328 0.9444444
    endloop
  endfacet
  facet normal 0.1925314 -0.3096156 0.9311658
    outer loop
      vertex 0.1998263 -0.3461093 0.9166667
      vertex 0.1825999 -0.27328 0.9444444
      vertex 0.1643355 -0.2846375 0.9444444
    endloop
  endfacet
  facet normal 0.212369 -0.2963606 0.9311658
    outer loop
      vertex 0.2220351 -0.332299 0.9166667
      vertex 0.2432931 -0.3170657 0.9166667
      vertex 0.2000823 -0.2607523 0.9444444
    endloop
  endfacet
  facet normal 0.212369 -0.2963606 0.9311658
    outer loop
      vertex 0.2220351 -0.332299 0.9166667
      vertex 0.2000823 -0.2607523 0.9444444
      vertex 0.1825999 -0.27328 0.9444444
    endloop
  endfacet
  facet normal 0.2312972 -0.2818364 0.9311658
    outer loop
      vertex 0.2432931 -0.3170657 0.9166667
      vertex 0.2635093 -0.3004748 0.9166667
      vertex 0.2167079 -0.247108 0.9444444
    endloop
  endfacet
  facet normal 0.2312972 -0.2818364 0.9311658
    outer loop
      vertex 0.2432931 -0.3170657 0.9166667
      vertex 0.2167079 -0.247108 0.9444444
      vertex 0.2000823 -0.2607523 0.9444444
    endloop
  endfacet
  facet normal 0.249235 -0.2661054 0.9311658
    outer loop
      vertex 0.2635093 -0.3004748 0.9166667
      vertex 0.2825971 -0.2825971 0.9166667
      vertex 0.2324056 -0.2324056 0.9444444
    endloop
  endfacet
  facet normal 0.249235 -0.2661054 0.9311658
    outer loop
      vertex 0.2635093 -0.3004748 0.9166667
      vertex 0.2324056 -0.2324056 0.9444444
      vertex 0.2167079 -0.247108 0.9444444
    endloop
  endfacet
  facet normal 0.2661054 -0.249235 0.9311658
    outer loop
      vertex 0.2825971 -0.2825971 0.9166667
      vertex 0.3004748 -0.2635093 0.9166667
      vertex 0.247108 -0.2167079 0.9444444
    endloop
  endfacet
  facet normal 0.2661054 -0.249235 0.9311658
    outer loop
      vertex 0.2825971 -0.2825971 0.9166667
      vertex 0.247108 -0.2167079 0.9444444
      vertex 0.2324056 -0.2324056 0.9444444
    endloop
  endfacet
  facet normal 0.2818364 -0.2312972 0.9311658
    outer loop
      vertex 0.3004748 -0.2635093 0.9166667
      vertex 0.3170657 -0.2432931 0.9166667
      vertex 0.2607523 -0.2000823 0.9444444
    endloop
  endfacet
  facet normal 0.2818364 -0.2312972 0.9311658
    outer loop
      vertex 0.3004748 -0.2635093 0.9166667
      vertex 0.2607523 -0.2000823 0.9444444
      vertex 0.247108 -0.2167079 0.9444444
    endloop
  endfacet
  facet normal 0.2963606 -0.212369 0.9311658
    outer loop
      vertex 0.3170657 -0.2432931 0.9166667
      vertex 0.332299 -0.2220351 0.9166667
      vertex 0.27328 -0.1825999 0.9444444
    endloop
  endfacet
  facet normal 0.2963606 -0.212369 0.9311658
    outer loop
      vertex 0.3170657 -0.2432931 0.9166667
      vertex 0.27328 -0.1825999 0.9444444
      vertex 0.2607523 -0.2000823 0.9444444
    endloop
  endfacet
  facet normal 0.3096156 -0.1925314 0.9311658
    outer loop
      vertex 0.332299 -0.2220351 0.9166667
      vertex 0.3461093 -0.1998263 0.9166667
      vertex 0.2846375 -0.1643355 0.9444444
    endloop
  endfacet
  facet normal 0.3096156 -0.1925314 0.9311658
    outer loop
      vertex 0.332299 -0.2220351 0.9166667
      vertex 0.2846375 -0.1643355 0.9444444
      vertex 0.27328 -0.1825999 0.9444444
    endloop
  endfacet
  facet normal 0.3215449 -0.1718693 0.9311658
    outer loop
      vertex 0.3461093 -0.1998263 0.9166667
      vertex 0.3584375 -0.1767618 0.9166667
      vertex 0.2947761 -0.1453675 0.9444444
    endloop
  endfacet
  facet normal 0.3215449 -0.1718693 0.9311658
    outer loop
      vertex 0.3461093 -0.1998263 0.9166667
      vertex 0.2947761 -0.1453675 0.9444444
      vertex 0.2846375 -0.1643355 0.9444444
    endloop
  endfacet
  facet normal 0.3320972 -0.1504713 0.9311658
    outer loop
      vertex 0.3584375 -0.1767618 0.9166667
      vertex 0.3692309 -0.1529404 0.9166667
      vertex 0.3036525 -0.125777 0.9444444
    endloop
  endfacet
  facet normal 0.3320972 -0.1504713 0.9311658
    outer loop
      vertex 0.3584375 -0.1767618 0.9166667
      vertex 0.3036525 -0.125777 0.9444444
      vertex 0.2947761 -0.1453675 0.9444444
    endloop
  endfacet
  facet normal 0.3412275 -0.1284289 0.9311658
    outer loop
      vertex 0.3692309 -0.1529404 0.9166667
      vertex 0.3784431 -0.1284641 0.9166667
      vertex 0.3112286 -0.1056479 0.9444444
    endloop
  endfacet
  facet normal 0.3412275 -0.1284289 0.9311658
    outer loop
      vertex 0.3692309 -0.1529404 0.9166667
      vertex 0.3112286 -0.1056479 0.9444444
      vertex 0.3036525 -0.125777 0.9444444
    endloop
  endfacet
  facet normal 0.3488965 -0.1058366 0.9311658
    outer loop
      vertex 0.3784431 -0.1284641 0.9166667
      vertex 0.3860348 -0.1034377 0.9166667
      vertex 0.3174719 -0.08506634 0.9444444
    endloop
  endfacet
  facet normal 0.3488965 -0.1058366 0.9311658
    outer loop
      vertex 0.3784431 -0.1284641 0.9166667
      vertex 0.3174719 -0.08506634 0.9444444
      vertex 0.3112286 -0.1056479 0.9444444
    endloop
  endfacet
  facet normal 0.3550716 -0.08279107 0.9311658
    outer loop
      vertex 0.3860348 -0.1034377 0.9166667
      vertex 0.3919734 -0.07796836 0.9166667
      vertex 0.3223558 -0.06412055 0.9444444
    endloop
  endfacet
  facet normal 0.3550716 -0.08279107 0.9311658
    outer loop
      vertex 0.3860348 -0.1034377 0.9166667
      vertex 0.3223558 -0.06412055 0.9444444
      vertex 0.3174719 -0.08506634 0.9444444
    endloop
  endfacet
  facet normal 0.3597261 -0.05939102 0.9311658
    outer loop
      vertex 0.3919734 -0.07796836 0.9166667
      vertex 0.3962335 -0.05216514 0.9166667
      vertex 0.3258593 -0.04290019 0.9444444
    endloop
  endfacet
  facet normal 0.3597261 -0.05939102 0.9311658
    outer loop
      vertex 0.3919734 -0.07796836 0.9166667
      vertex 0.3258593 -0.04290019 0.9444444
      vertex 0.3223558 -0.06412055 0.9444444
    endloop
  endfacet
  facet normal 0.3628403 -0.03573665 0.9311658
    outer loop
      vertex 0.3962335 -0.05216514 0.9166667
      vertex 0.3987969 -0.02613853 0.9166667
      vertex 0.3279674 -0.02149612 0.9444444
    endloop
  endfacet
  facet normal 0.3628403 -0.03573665 0.9311658
    outer loop
      vertex 0.3962335 -0.05216514 0.9166667
      vertex 0.3279674 -0.02149612 0.9444444
      vertex 0.3258593 -0.04290019 0.9444444
    endloop
  endfacet
  facet normal 0.3644007 -0.01192924 0.9311658
    outer loop
      vertex 0.3987969 -0.02613853 0.9166667
      vertex 0.3996526 0 0.9166667
      vertex 0.3286711 0 0.9444444
    endloop
  endfacet
  facet normal 0.3644007 -0.01192924 0.9311658
    outer loop
      vertex 0.3987969 -0.02613853 0.9166667
      vertex 0.3286711 0 0.9444444
      vertex 0.3279674 -0.02149612 0.9444444
    endloop
  endfacet
  facet normal 0.281696 0.009221773 0.9594594
    outer loop
      vertex 0.3286711 0 0.9444444
      vertex 0.3279674 0.02149612 0.9444444
      vertex 0.2335586 0.01530824 0.9722222
    endloop
  endfacet
  facet normal 0.281696 0.009221773 0.9594594
    outer loop
      vertex 0.3286711 0 0.9444444
      vertex 0.2335586 0.01530824 0.9722222
      vertex 0.2340597 0 0.9722222
    endloop
  endfacet
  facet normal 0.2804897 0.02762583 0.9594594
    outer loop
      vertex 0.3279674 0.02149612 0.9444444
      vertex 0.3258593 0.04290019 0.9444444
      vertex 0.2320573 0.03055092 0.9722222
    endloop
  endfacet
  facet normal 0.2804897 0.02762583 0.9594594
    outer loop
      vertex 0.3279674 0.02149612 0.9444444
      vertex 0.2320573 0.03055092 0.9722222
      vertex 0.2335586 0.01530824 0.9722222
    endloop
  endfacet
  facet normal 0.2780824 0.04591159 0.9594594
    outer loop
      vertex 0.3258593 0.04290019 0.9444444
      vertex 0.3223558 0.06412055 0.9444444
      vertex 0.2295623 0.04566279 0.9722222
    endloop
  endfacet
  facet normal 0.2780824 0.04591159 0.9594594
    outer loop
      vertex 0.3258593 0.04290019 0.9444444
      vertex 0.2295623 0.04566279 0.9722222
      vertex 0.2320573 0.03055092 0.9722222
    endloop
  endfacet
  facet normal 0.2744842 0.06400075 0.9594594
    outer loop
      vertex 0.3223558 0.06412055 0.9444444
      vertex 0.3174719 0.08506634 0.9444444
      vertex 0.2260843 0.06057911 0.9722222
    endloop
  endfacet
  facet normal 0.2744842 0.06400075 0.9594594
    outer loop
      vertex 0.3223558 0.06412055 0.9444444
      vertex 0.2260843 0.06057911 0.9722222
      vertex 0.2295623 0.04566279 0.9722222
    endloop
  endfacet
  facet normal 0.2697107 0.08181584 0.9594594
    outer loop
      vertex 0.3174719 0.08506634 0.9444444
      vertex 0.3112286 0.1056479 0.9444444
      vertex 0.2216382 0.07523603 0.9722222
    endloop
  endfacet
  facet normal 0.2697107 0.08181584 0.9594594
    outer loop
      vertex 0.3174719 0.08506634 0.9444444
      vertex 0.2216382 0.07523603 0.9722222
      vertex 0.2260843 0.06057911 0.9722222
    endloop
  endfacet
  facet normal 0.2637822 0.09928059 0.9594594
    outer loop
      vertex 0.3112286 0.1056479 0.9444444
      vertex 0.3036525 0.125777 0.9444444
      vertex 0.216243 0.08957078 0.9722222
    endloop
  endfacet
  facet normal 0.2637822 0.09928059 0.9594594
    outer loop
      vertex 0.3112286 0.1056479 0.9444444
      vertex 0.216243 0.08957078 0.9722222
      vertex 0.2216382 0.07523603 0.9722222
    endloop
  endfacet
  facet normal 0.2567242 0.1163202 0.9594594
    outer loop
      vertex 0.3036525 0.125777 0.9444444
      vertex 0.2947761 0.1453675 0.9444444
      vertex 0.2099218 0.103522 0.9722222
    endloop
  endfacet
  facet normal 0.2567242 0.1163202 0.9594594
    outer loop
      vertex 0.3036525 0.125777 0.9444444
      vertex 0.2099218 0.103522 0.9722222
      vertex 0.216243 0.08957078 0.9722222
    endloop
  endfacet
  facet normal 0.2485668 0.1328617 0.9594594
    outer loop
      vertex 0.2947761 0.1453675 0.9444444
      vertex 0.2846375 0.1643355 0.9444444
      vertex 0.2027017 0.1170299 0.9722222
    endloop
  endfacet
  facet normal 0.2485668 0.1328617 0.9594594
    outer loop
      vertex 0.2947761 0.1453675 0.9444444
      vertex 0.2027017 0.1170299 0.9722222
      vertex 0.2099218 0.103522 0.9722222
    endloop
  endfacet
  facet normal 0.239345 0.1488343 0.9594594
    outer loop
      vertex 0.2846375 0.1643355 0.9444444
      vertex 0.27328 0.1825999 0.9444444
      vertex 0.1946135 0.1300366 0.9722222
    endloop
  endfacet
  facet normal 0.239345 0.1488343 0.9594594
    outer loop
      vertex 0.2846375 0.1643355 0.9444444
      vertex 0.1946135 0.1300366 0.9722222
      vertex 0.2027017 0.1170299 0.9722222
    endloop
  endfacet
  facet normal 0.2290983 0.1641695 0.9594594
    outer loop
      vertex 0.27328 0.1825999 0.9444444
      vertex 0.2607523 0.2000823 0.9444444
      vertex 0.1856921 0.1424865 0.9722222
    endloop
  endfacet
  facet normal 0.2290983 0.1641695 0.9594594
    outer loop
      vertex 0.27328 0.1825999 0.9444444
      vertex 0.1856921 0.1424865 0.9722222
      vertex 0.1946135 0.1300366 0.9722222
    endloop
  endfacet
  facet normal 0.2178706 0.1788018 0.9594594
    outer loop
      vertex 0.2607523 0.2000823 0.9444444
      vertex 0.247108 0.2167079 0.9444444
      vertex 0.1759754 0.1543263 0.9722222
    endloop
  endfacet
  facet normal 0.2178706 0.1788018 0.9594594
    outer loop
      vertex 0.2607523 0.2000823 0.9444444
      vertex 0.1759754 0.1543263 0.9722222
      vertex 0.1856921 0.1424865 0.9722222
    endloop
  endfacet
  facet normal 0.2057099 0.1926684 0.9594594
    outer loop
      vertex 0.247108 0.2167079 0.9444444
      vertex 0.2324056 0.2324056 0.9444444
      vertex 0.1655052 0.1655052 0.9722222
    endloop
  endfacet
  facet normal 0.2057099 0.1926684 0.9594594
    outer loop
      vertex 0.247108 0.2167079 0.9444444
      vertex 0.1655052 0.1655052 0.9722222
      vertex 0.1759754 0.1543263 0.9722222
    endloop
  endfacet
  facet normal 0.1926684 0.2057099 0.9594594
    outer loop
      vertex 0.2324056 0.2324056 0.9444444
      vertex 0.2167079 0.247108 0.9444444
      vertex 0.1543263 0.1759754 0.9722222
    endloop
  endfacet
  facet normal 0.1926684 0.2057099 0.9594594
    outer loop
      vertex 0.2324056 0.2324056 0.9444444
      vertex 0.1543263 0.1759754 0.9722222
      vertex 0.1655052 0.1655052 0.9722222
    endloop
  endfacet
  facet normal 0.1788018 0.2178706 0.9594594
    outer loop
      vertex 0.2167079 0.247108 0.9444444
      vertex 0.2000823 0.2607523 0.9444444
      vertex 0.1424865 0.1856921 0.9722222
    endloop
  endfacet
  facet normal 0.1788018 0.2178706 0.9594594
    outer loop
      vertex 0.2167079 0.247108 0.9444444
      vertex 0.1424865 0.1856921 0.9722222
      vertex 0.1543263 0.1759754 0.9722222
    endloop
  endfacet
  facet normal 0.1641695 0.2290983 0.9594594
    outer loop
      vertex 0.2000823 0.2607523 0.9444444
      vertex 0.1825999 0.27328 0.9444444
      vertex 0.1300366 0.1946135 0.9722222
    endloop
  endfacet
  facet normal 0.1641695 0.2290983 0.9594594
    outer loop
      vertex 0.2000823 0.2607523 0.9444444
      vertex 0.1300366 0.1946135 0.9722222
      vertex 0.1424865 0.1856921 0.9722222
    endloop
  endfacet
  facet normal 0.1488343 0.239345 0.9594594
    outer loop
      vertex 0.1825999 0.27328 0.9444444
      vertex 0.1643355 0.2846375 0.9444444
      vertex 0.1170299 0.2027017 0.9722222
    endloop
  endfacet
  facet normal 0.1488343 0.239345 0.9594594
    outer loop
      vertex 0.1825999 0.27328 0.9444444
      vertex 0.1170299 0.2027017 0.9722222
      vertex 0.1300366 0.1946135 0.9722222
    endloop
  endfacet
  facet normal 0.1328617 0.2485668 0.9594594
    outer loop
      vertex 0.1643355 0.2846375 0.9444444
      vertex 0.1453675 0.2947761 0.9444444
      vertex 0.103522 0.2099218 0.9722222
    endloop
  endfacet
  facet normal 0.1328617 0.2485668 0.9594594
    outer loop
      vertex 0.1643355 0.2846375 0.9444444
      vertex 0.103522 0.2099218 0.9722222
      vertex 0.1170299 0.2027017 0.9722222
    endloop
  endfacet
  facet normal 0.1163202 0.2567242 0.9594594
    outer loop
      vertex 0.1453675 0.2947761 0.9444444
      vertex 0.125777 0.3036525 0.9444444
      vertex 0.08957078 0.216243 0.9722222
    endloop
  endfacet
  facet normal 0.1163202 0.2567242 0.9594594
    outer loop
      vertex 0.1453675 0.2947761 0.9444444
      vertex 0.08957078 0.216243 0.9722222
      vertex 0.103522 0.2099218 0.9722222
    endloop
  endfacet
  facet normal 0.09928059 0.2637822 0.9594594
    outer loop
      vertex 0.125777 0.3036525 0.9444444
      vertex 0.1056479 0.3112286 0.9444444
      vertex 0.07523603 0.2216382 0.9722222
    endloop
  endfacet
  facet normal 0.09928059 0.2637822 0.9594594
    outer loop
      vertex 0.125777 0.3036525 0.9444444
      vertex 0.07523603 0.2216382 0.9722222
      vertex 0.08957078 0.216243 0.9722222
    endloop
  endfacet
  facet normal 0.08181584 0.2697107 0.9594594
    outer loop
      vertex 0.1056479 0.3112286 0.9444444
      vertex 0.08506634 0.3174719 0.9444444
      vertex 0.06057911 0.2260843 0.9722222
    endloop
  endfacet
  facet normal 0.08181584 0.2697107 0.9594594
    outer loop
      vertex 0.1056479 0.3112286 0.9444444
      vertex 0.06057911 0.2260843 0.9722222
      vertex 0.07523603 0.2216382 0.9722222
    endloop
  endfacet
  facet normal 0.06400075 0.2744842 0.9594594
    outer loop
      vertex 0.08506634 0.3174719 0.9444444
      vertex 0.06412055 0.3223558 0.9444444
      vertex 0.04566279 0.2295623 0.9722222
    endloop
  endfacet
  facet normal 0.06400075 0.2744842 0.9594594
    outer loop
      vertex 0.08506634 0.3174719 0.9444444
      vertex 0.04566279 0.2295623 0.9722222
      vertex 0.06057911 0.2260843 0.9722222
    endloop
  endfacet
  facet normal 0.04591159 0.2780824 0.9594594
    outer loop
      vertex 0.06412055 0.3223558 0.9444444
      vertex 0.04290019 0.3258593 0.9444444
      vertex 0.03055092 0.2320573 0.9722222
    endloop
  endfacet
  facet normal 0.04591159 0.2780824 0.9594594
    outer loop
      vertex 0.06412055 0.3223558 0.9444444
      vertex 0.03055092 0.2320573 0.9722222
      vertex 0.04566279 0.2295623 0.9722222
    endloop
  endfacet
  facet normal 0.02762583 0.2804897 0.9594594
    outer loop
      vertex 0.04290019 0.3258593 0.9444444
      vertex 0.02149612 0.3279674 0.9444444
      vertex 0.01530824 0.2335586 0.9722222
    endloop
  endfacet
  facet normal 0.02762583 0.2804897 0.9594594
    outer loop
      vertex 0.04290019 0.3258593 0.9444444
      vertex 0.01530824 0.2335586 0.9722222
      vertex 0.03055092 0.2320573 0.9722222
    endloop
  endfacet
  facet normal 0.009221773 0.281696 0.9594594
    outer loop
      vertex 0.02149612 0.3279674 0.9444444
      vertex 2.01253e-17 0.3286711 0.9444444
      vertex 1.433202e-17 0.2340597 0.9722222
    endloop
  endfacet
  facet normal 0.009221773 0.281696 0.9594594
    outer loop
      vertex 0.02149612 0.3279674 0.9444444
      vertex 1.433202e-17 0.2340597 0.9722222
      vertex 0.01530824 0.2335586 0.9722222
    endloop
  endfacet
  facet normal -0.009221773 0.281696 0.9594594
    outer loop
      vertex 2.01253e-17 0.3286711 0.9444444
      vertex -0.02149612 0.3279674 0.9444444
      vertex -0.01530824 0.2335586 0.9722222
    endloop
  endfacet
  facet normal -0.009221773 0.281696 0.9594594
    outer loop
      vertex 2.01253e-17 0.3286711 0.9444444
      vertex -0.01530824 0.2335586 0.9722222
      vertex 1.433202e-17 0.2340597 0.9722222
    endloop
  endfacet
  facet normal -0.02762583 0.2804897 0.9594594
    outer loop
      vertex -0.02149612 0.3279674 0.9444444
      vertex -0.04290019 0.3258593 0.9444444
      vertex -0.03055092 0.2320573 0.9722222
    endloop
  endfacet
  facet normal -0.02762583 0.2804897 0.9594594
    outer loop
      vertex -0.02149612 0.3279674 0.9444444
      vertex -0.03055092 0.2320573 0.9722222
      vertex -0.01530824 0.2335586 0.9722222
    endloop
  endfacet
  facet normal -0.04591159 0.2780824 0.9594594
    outer loop
      vertex -0.04290019 0.3258593 0.9444444
      vertex -0.06412055 0.3223558 0.9444444
      vertex -0.04566279 0.2295623 0.9722222
    endloop
  endfacet
  facet normal -0.04591159 0.2780824 0.9594594
    outer loop
      vertex -0.04290019 0.3258593 0.9444444
      vertex -0.04566279 0.2295623 0.9722222
      vertex -0.03055092 0.2320573 0.9722222
    endloop
  endfacet
  facet normal -0.06400075 0.2744842 0.9594594
    outer loop
      vertex -0.06412055 0.3223558 0.9444444
      vertex -0.08506634 0.3174719 0.9444444
      vertex -0.06057911 0.2260843 0.9722222
    endloop
  endfacet
  facet normal -0.06400075 0.2744842 0.9594594
    outer loop
      vertex -0.06412055 0.3223558 0.9444444
      vertex -0.06057911 0.2260843 0.9722222
      vertex -0.04566279 0.2295623 0.9722222
    endloop
  endfacet
  facet normal -0.08181584 0.2697107 0.9594594
    outer loop
      vertex -0.08506634 0.3174719 0.9444444
      vertex -0.1056479 0.3112286 0.9444444
      vertex -0.07523603 0.2216382 0.9722222
    endloop
  endfacet
  facet normal -0.08181584 0.2697107 0.9594594
    outer loop
      vertex -0.08506634 0.3174719 0.9444444
      vertex -0.07523603 0.2216382 0.9722222
      vertex -0.06057911 0.2260843 0.9722222
    endloop
  endfacet
  facet normal -0.09928059 0.2637822 0.9594594
    outer loop
      vertex -0.1056479 0.3112286 0.9444444
      vertex -0.125777 0.3036525 0.9444444
      vertex -0.08957078 0.216243 0.9722222
    endloop
  endfacet
  facet normal -0.09928059 0.2637822 0.9594594
    outer loop
      vertex -0.1056479 0.3112286 0.9444444
      vertex -0.08957078 0.216243 0.9722222
      vertex -0.07523603 0.2216382 0.9722222
    endloop
  endfacet
  facet normal -0.1163202 0.2567242 0.9594594
    outer loop
      vertex -0.125777 0.3036525 0.9444444
      vertex -0.1453675 0.2947761 0.9444444
      vertex -0.103522 0.2099218 0.9722222
    endloop
  endfacet
  facet normal -0.1163202 0.2567242 0.9594594
    outer loop
      vertex -0.125777 0.3036525 0.9444444
      vertex -0.103522 0.2099218 0.9722222
      vertex -0.08957078 0.216243 0.9722222
    endloop
  endfacet
  facet normal -0.1328617 0.2485668 0.9594594
    outer loop
      vertex -0.1453675 0.2947761 0.9444444
      vertex -0.1643355 0.2846375 0.9444444
      vertex -0.1170299 0.2027017 0.9722222
    endloop
  endfacet
  facet normal -0.1328617 0.2485668 0.9594594
    outer loop
      vertex -0.1453675 0.2947761 0.9444444
      vertex -0.1170299 0.2027017 0.9722222
      vertex -0.103522 0.2099218 0.9722222
    endloop
  endfacet
  facet normal -0.1488343 0.239345 0.9594594
    outer loop
      vertex -0.1643355 0.2846375 0.9444444
      vertex -0.1825999 0.27328 0.9444444
      vertex -0.1300366 0.1946135 0.9722222
    endloop
  endfacet
  facet normal -0.1488343 0.239345 0.9594594
    outer loop
      vertex -0.1643355 0.2846375 0.9444444
      vertex -0.1300366 0.1946135 0.9722222
      vertex -0.1170299 0.2027017 0.9722222
    endloop
  endfacet
  facet normal -0.1641695 0.2290983 0.9594594
    outer loop
      vertex -0.1825999 0.27328 0.9444444
      vertex -0.2000823 0.2607523 0.9444444
      vertex -0.1424865 0.1856921 0.9722222
    endloop
  endfacet
  facet normal -0.1641695 0.2290983 0.9594594
    outer loop
      vertex -0.1825999 0.27328 0.9444444
      vertex -0.1424865 0.1856921 0.9722222
      vertex -0.1300366 0.1946135 0.9722222
    endloop
  endfacet
  facet normal -0.1788018 0.2178706 0.9594594
    outer loop
      vertex -0.2000823 0.2607523 0.9444444
      vertex -0.2167079 0.247108 0.9444444
      vertex -0.1543263 0.1759754 0.9722222
    endloop
  endfacet
  facet normal -0.1788018 0.2178706 0.9594594
    outer loop
      vertex -0.2000823 0.2607523 0.9444444
      vertex -0.1543263 0.1759754 0.9722222
      vertex -0.1424865 0.1856921 0.9722222
    endloop
  endfacet
  facet normal -0.1926684 0.2057099 0.9594594
    outer loop
      vertex -0.2167079 0.247108 0.9444444
      vertex -0.2324056 0.2324056 0.9444444
      vertex -0.1655052 0.1655052 0.9722222
    endloop
  endfacet
  facet normal -0.1926684 0.2057099 0.9594594
    outer loop
      vertex -0.2167079 0.247108 0.9444444
      vertex -0.1655052 0.1655052 0.9722222
      vertex -0.1543263 0.1759754 0.9722222
    endloop
  endfacet
  facet normal -0.2057099 0.1926684 0.9594594
    outer loop
      vertex -0.2324056 0.2324056 0.9444444
      vertex -0.247108 0.2167079 0.9444444
      vertex -0.1759754 0.1543263 0.9722222
    endloop
  endfacet
  facet normal -0.2057099 0.1926684 0.9594594
    outer loop
      vertex -0.2324056 0.2324056 0.9444444
      vertex -0.1759754 0.1543263 0.9722222
      vertex -0.1655052 0.1655052 0.9722222
    endloop
  endfacet
  facet normal -0.2178706 0.1788018 0.9594594
    outer loop
      vertex -0.247108 0.2167079 0.9444444
      vertex -0.2607523 0.2000823 0.9444444
      vertex -0.1856921 0.1424865 0.9722222
    endloop
  endfacet
  facet normal -0.2178706 0.1788018 0.9594594
    outer loop
      vertex -0.247108 0.2167079 0.9444444
      vertex -0.1856921 0.1424865 0.9722222
      vertex -0.1759754 0.1543263 0.9722222
    endloop
  endfacet
  facet normal -0.2290983 0.1641695 0.9594594
    outer loop
      vertex -0.2607523 0.2000823 0.9444444
      vertex -0.27328 0.1825999 0.9444444
      vertex -0.1946135 0.1300366 0.9722222
    endloop
  endfacet
  facet normal -0.2290983 0.1641695 0.9594594
    outer loop
      vertex -0.2607523 0.2000823 0.9444444
      vertex -0.1946135 0.1300366 0.9722222
      vertex -0.1856921 0.1424865 0.9722222
    endloop
  endfacet
  facet normal -0.239345 0.1488343 0.9594594
    outer loop
      vertex -0.27328 0.1825999 0.9444444
      vertex -0.2846375 0.1643355 0.9444444
      vertex -0.2027017 0.1170299 0.9722222
    endloop
  endfacet
  facet normal -0.239345 0.1488343 0.9594594
    outer loop
      vertex -0.27328 0.1825999 0.9444444
      vertex -0.2027017 0.1170299 0.9722222
      vertex -0.1946135 0.1300366 0.9722222
    endloop
  endfacet
  facet normal -0.2485668 0.1328617 0.9594594
    outer loop
      vertex -0.2846375 0.1643355 0.9444444
      vertex -0.2947761 0.1453675 0.9444444
      vertex -0.2099218 0.103522 0.9722222
    endloop
  endfacet
  facet normal -0.2485668 0.1328617 0.9594594
    outer loop
      vertex -0.2846375 0.1643355 0.9444444
      vertex -0.2099218 0.103522 0.9722222
      vertex -0.2027017 0.1170299 0.9722222
    endloop
  endfacet
  facet normal -0.2567242 0.1163202 0.9594594
    outer loop
      vertex -0.2947761 0.1453675 0.9444444
      vertex -0.3036525 0.125777 0.9444444
      vertex -0.216243 0.08957078 0.9722222
    endloop
  endfacet
  facet normal -0.2567242 0.1163202 0.9594594
    outer loop
      vertex -0.2947761 0.1453675 0.9444444
      vertex -0.216243 0.08957078 0.9722222
      vertex -0.2099218 0.103522 0.9722222
    endloop
  endfacet
  facet normal -0.2637822 0.09928059 0.9594594
    outer loop
      vertex -0.3036525 0.125777 0.9444444
      vertex -0.3112286 0.1056479 0.9444444
      vertex -0.2216382 0.07523603 0.9722222
    endloop
  endfacet
  facet normal -0.2637822 0.09928059 0.9594594
    outer loop
      vertex -0.3036525 0.125777 0.9444444
      vertex -0.2216382 0.07523603 0.9722222
      vertex -0.216243 0.08957078 0.9722222
    endloop
  endfacet
  facet normal -0.2697107 0.08181584 0.9594594
    outer loop
      vertex -0.3112286 0.1056479 0.9444444
      vertex -0.3174719 0.08506634 0.9444444
      vertex -0.2260843 0.06057911 0.9722222
    endloop
  endfacet
  facet normal -0.2697107 0.08181584 0.9594594
    outer loop
      vertex -0.3112286 0.1056479 0.9444444
      vertex -0.2260843 0.06057911 0.9722222
      vertex -0.2216382 0.07523603 0.9722222
    endloop
  endfacet
  facet normal -0.2744842 0.06400075 0.9594594
    outer loop
      vertex -0.3174719 0.08506634 0.9444444
      vertex -0.3223558 0.06412055 0.9444444
      vertex -0.2295623 0.04566279 0.9722222
    endloop
  endfacet
  facet normal -0.2744842 0.06400075 0.9594594
    outer loop
      vertex -0.3174719 0.08506634 0.9444444
      vertex -0.2295623 0.04566279 0.9722222
      vertex -0.2260843 0.06057911 0.9722222
    endloop
  endfacet
  facet normal -0.2780824 0.04591159 0.9594594
    outer loop
      vertex -0.3223558 0.06412055 0.9444444
      vertex -0.3258593 0.04290019 0.9444444
      vertex -0.2320573 0.03055092 0.9722222
    endloop
  endfacet
  facet normal -0.2780824 0.04591159 0.9594594
    outer loop
      vertex -0.3223558 0.06412055 0.9444444
      vertex -0.2320573 0.03055092 0.9722222
      vertex -0.2295623 0.04566279 0.9722222
    endloop
  endfacet
  facet normal -0.2804897 0.02762583 0.9594594
    outer loop
      vertex -0.3258593 0.04290019 0.9444444
      vertex -0.3279674 0.02149612 0.9444444
      vertex -0.2335586 0.01530824 0.9722222
    endloop
  endfacet
  facet normal -0.2804897 0.02762583 0.9594594
    outer loop
      vertex -0.3258593 0.04290019 0.9444444
      vertex -0.2335586 0.01530824 0.9722222
      vertex -0.2320573 0.03055092 0.9722222
    endloop
  endfacet
  facet normal -0.281696 0.009221773 0.9594594
    outer loop
      vertex -0.3279674 0.02149612 0.9444444
      vertex -0.3286711 4.02506e-17 0.9444444
      vertex -0.2340597 2.866405e-17 0.9722222
    endloop
  endfacet
  facet normal -0.281696 0.009221773 0.9594594
    outer loop
      vertex -0.3279674 0.02149612 0.9444444
      vertex -0.2340597 2.866405e-17 0.9722222
      vertex -0.2335586 0.01530824 0.9722222
    endloop
  endfacet
  facet normal -0.281696 -0.009221773 0.9594594
    outer loop
      vertex -0.3286711 4.02506e-17 0.9444444
      vertex -0.3279674 -0.02149612 0.9444444
      vertex -0.2335586 -0.01530824 0.9722222
    endloop
  endfacet
  facet normal -0.281696 -0.009221773 0.9594594
    outer loop
      vertex -0.3286711 4.02506e-17 0.9444444
      vertex -0.2335586 -0.01530824 0.9722222
      vertex -0.2340597 2.866405e-17 0.9722222
    endloop
  endfacet
  facet normal -0.2804897 -0.02762583 0.9594594
    outer loop
      vertex -0.3279674 -0.02149612 0.9444444
      vertex -0.3258593 -0.04290019 0.9444444
      vertex -0.2320573 -0.03055092 0.9722222
    endloop
  endfacet
  facet normal -0.2804897 -0.02762583 0.9594594
    outer loop
      vertex -0.3279674 -0.02149612 0.9444444
      vertex -0.2320573 -0.03055092 0.9722222
      vertex -0.2335586 -0.01530824 0.9722222
    endloop
  endfacet
  facet normal -0.2780824 -0.04591159 0.9594594
    outer loop
      vertex -0.3258593 -0.04290019 0.9444444
      vertex -0.3223558 -0.06412055 0.9444444
      vertex -0.2295623 -0.04566279 0.9722222
    endloop
  endfacet
  facet normal -0.2780824 -0.04591159 0.9594594
    outer loop
      vertex -0.3258593 -0.04290019 0.9444444
      vertex -0.2295623 -0.04566279 0.9722222
      vertex -0.2320573 -0.03055092 0.9722222
    endloop
  endfacet
  facet normal -0.2744842 -0.06400075 0.9594594
    outer loop
      vertex -0.3223558 -0.06412055 0.9444444
      vertex -0.3174719 -0.08506634 0.9444444
      vertex -0.2260843 -0.06057911 0.9722222
    endloop
  endfacet
  facet normal -0.2744842 -0.06400075 0.9594594
    outer loop
      vertex -0.3223558 -0.06412055 0.9444444
      vertex -0.2260843 -0.06057911 0.9722222
      vertex -0.2295623 -0.04566279 0.9722222
    endloop
  endfacet
  facet normal -0.2697107 -0.08181584 0.9594594
    outer loop
      vertex -0.3174719 -0.08506634 0.9444444
      vertex -0.3112286 -0.1056479 0.9444444
      vertex -0.2216382 -0.07523603 0.9722222
    endloop
  endfacet
  facet normal -0.2697107 -0.08181584 0.9594594
    outer loop
      vertex -0.3174719 -0.08506634 0.9444444
      vertex -0.2216382 -0.07523603 0.9722222
      vertex -0.2260843 -0.06057911 0.9722222
    endloop
  endfacet
  facet normal -0.2637822 -0.09928059 0.9594594
    outer loop
      vertex -0.3112286 -0.1056479 0.9444444
      vertex -0.3036525 -0.125777 0.9444444
      vertex -0.216243 -0.08957078 0.9722222
    endloop
  endfacet
  facet normal -0.2637822 -0.09928059 0.9594594
    outer loop
      vertex -0.3112286 -0.1056479 0.9444444
      vertex -0.216243 -0.08957078 0.9722222
      vertex -0.2216382 -0.07523603 0.9722222
    endloop
  endfacet
  facet normal -0.2567242 -0.1163202 0.9594594
    outer loop
      vertex -0.3036525 -0.125777 0.9444444
      vertex -0.2947761 -0.1453675 0.9444444
      vertex -0.2099218 -0.103522 0.9722222
    endloop
  endfacet
  facet normal -0.2567242 -0.1163202 0.9594594
    outer loop
      vertex -0.3036525 -0.125777 0.9444444
      vertex -0.2099218 -0.103522 0.9722222
      vertex -0.216243 -0.08957078 0.9722222
    endloop
  endfacet
  facet normal -0.2485668 -0.1328617 0.9594594
    outer loop
      vertex -0.2947761 -0.1453675 0.9444444
      vertex -0.2846375 -0.1643355 0.9444444
      vertex -0.2027017 -0.1170299 0.9722222
    endloop
  endfacet
  facet normal -0.2485668 -0.1328617 0.9594594
    outer loop
      vertex -0.2947761 -0.1453675 0.9444444
      vertex -0.2027017 -0.1170299 0.9722222
      vertex -0.2099218 -0.103522 0.9722222
    endloop
  endfacet
  facet normal -0.239345 -0.1488343 0.9594594
    outer loop
      vertex -0.2846375 -0.1643355 0.9444444
      vertex -0.27328 -0.1825999 0.9444444
      vertex -0.1946135 -0.1300366 0.9722222
    endloop
  endfacet
  facet normal -0.239345 -0.1488343 0.9594594
    outer loop
      vertex -0.2846375 -0.1643355 0.9444444
      vertex -0.1946135 -0.1300366 0.9722222
      vertex -0.2027017 -0.1170299 0.9722222
    endloop
  endfacet
  facet normal -0.2290983 -0.1641695 0.9594594
    outer loop
      vertex -0.27328 -0.1825999 0.9444444
      vertex -0.2607523 -0.2000823 0.9444444
      vertex -0.1856921 -0.1424865 0.9722222
    endloop
  endfacet
  facet normal -0.2290983 -0.1641695 0.9594594
    outer loop
      vertex -0.27328 -0.1825999 0.9444444
      vertex -0.1856921 -0.1424865 0.9722222
      vertex -0.1946135 -0.1300366 0.9722222
    endloop
  endfacet
  facet normal -0.2178706 -0.1788018 0.9594594
    outer loop
      vertex -0.2607523 -0.2000823 0.9444444
      vertex -0.247108 -0.2167079 0.9444444
      vertex -0.1759754 -0.1543263 0.9722222
    endloop
  endfacet
  facet normal -0.2178706 -0.1788018 0.9594594
    outer loop
      vertex -0.2607523 -0.2000823 0.9444444
      vertex -0.1759754 -0.1543263 0.9722222
      vertex -0.1856921 -0.1424865 0.9722222
    endloop
  endfacet
  facet normal -0.2057099 -0.1926684 0.9594594
    outer loop
      vertex -0.247108 -0.2167079 0.9444444
      vertex -0.2324056 -0.2324056 0.9444444
      vertex -0.1655052 -0.1655052 0.9722222
    endloop
  endfacet
  facet normal -0.2057099 -0.1926684 0.9594594
    outer loop
      vertex -0.247108 -0.2167079 0.9444444
      vertex -0.1655052 -0.1655052 0.9722222
      vertex -0.1759754 -0.1543263 0.9722222
    endloop
  endfacet
  facet normal -0.1926684 -0.2057099 0.9594594
    outer loop
      vertex -0.2324056 -0.2324056 0.9444444
      vertex -0.2167079 -0.247108 0.9444444
      vertex -0.1543263 -0.1759754 0.9722222
    endloop
  endfacet
  facet normal -0.1926684 -0.2057099 0.9594594
    outer loop
      vertex -0.2324056 -0.2324056 0.9444444
      vertex -0.1543263 -0.1759754 0.9722222
      vertex -0.1655052 -0.1655052 0.9722222
    endloop
  endfacet
  facet normal -0.1788018 -0.2178706 0.9594594
    outer loop
      vertex -0.2167079 -0.247108 0.9444444
      vertex -0.2000823 -0.2607523 0.9444444
      vertex -0.1424865 -0.1856921 0.9722222
    endloop
  endfacet
  facet normal -0.1788018 -0.2178706 0.9594594
    outer loop
      vertex -0.2167079 -0.247108 0.9444444
      vertex -0.1424865 -0.1856921 0.9722222
      vertex -0.1543263 -0.1759754 0.9722222
    endloop
  endfacet
  facet normal -0.1641695 -0.2290983 0.9594594
    outer loop
      vertex -0.2000823 -0.2607523 0.9444444
      vertex -0.1825999 -0.27328 0.9444444
      vertex -0.1300366 -0.1946135 0.9722222
    endloop
  endfacet
  facet normal -0.1641695 -0.2290983 0.9594594
    outer loop
      vertex -0.2000823 -0.2607523 0.9444444
      vertex -0.1300366 -0.1946135 0.9722222
      vertex -0.1424865 -0.1856921 0.9722222
    endloop
  endfacet
  facet normal -0.1488343 -0.239345 0.9594594
    outer loop
      vertex -0.1825999 -0.27328 0.9444444
      vertex -0.1643355 -0.2846375 0.9444444
      vertex -0.1170299 -0.2027017 0.9722222
    endloop
  endfacet
  facet normal -0.1488343 -0.239345 0.9594594
    outer loop
      vertex -0.1825999 -0.27328 0.9444444
      vertex -0.1170299 -0.2027017 0.9722222
      vertex -0.1300366 -0.1946135 0.9722222
    endloop
  endfacet
  facet normal -0.1328617 -0.2485668 0.9594594
    outer loop
      vertex -0.1643355 -0.2846375 0.9444444
      vertex -0.1453675 -0.2947761 0.9444444
      vertex -0.103522 -0.2099218 0.9722222
    endloop
  endfacet
  facet normal -0.1328617 -0.2485668 0.9594594
    outer loop
      vertex -0.1643355 -0.2846375 0.9444444
      vertex -0.103522 -0.2099218 0.9722222
      vertex -0.1170299 -0.2027017 0.9722222
    endloop
  endfacet
  facet normal -0.1163202 -0.2567242 0.9594594
    outer loop
      vertex -0.1453675 -0.2947761 0.9444444
      vertex -0.125777 -0.3036525 0.9444444
      vertex -0.08957078 -0.216243 0.9722222
    endloop
  endfacet
  facet normal -0.1163202 -0.2567242 0.9594594
    outer loop
      vertex -0.1453675 -0.2947761 0.9444444
      vertex -0.08957078 -0.216243 0.9722222
      vertex -0.103522 -0.2099218 0.9722222
    endloop
  endfacet
  facet normal -0.09928059 -0.2637822 0.9594594
    outer loop
      vertex -0.125777 -0.3036525 0.9444444
      vertex -0.1056479 -0.3112286 0.9444444
      vertex -0.07523603 -0.2216382 0.9722222
    endloop
  endfacet
  facet normal -0.09928059 -0.2637822 0.9594594
    outer loop
      vertex -0.125777 -0.3036525 0.9444444
      vertex -0.07523603 -0.2216382 0.9722222
      vertex -0.08957078 -0.216243 0.9722222
    endloop
  endfacet
  facet normal -0.08181584 -0.2697107 0.9594594
    outer loop
      vertex -0.1056479 -0.3112286 0.9444444
      vertex -0.08506634 -0.3174719 0.9444444
      vertex -0.06057911 -0.2260843 0.9722222
    endloop
  endfacet
  facet normal -0.08181584 -0.2697107 0.9594594
    outer loop
      vertex -0.1056479 -0.3112286 0.9444444
      vertex -0.06057911 -0.2260843 0.9722222
      vertex -0.07523603 -0.2216382 0.9722222
    endloop
  endfacet
  facet normal -0.06400075 -0.2744842 0.9594594
    outer loop
      vertex -0.08506634 -0.3174719 0.9444444
      vertex -0.06412055 -0.3223558 0.9444444
      vertex -0.04566279 -0.2295623 0.9722222
    endloop
  endfacet
  facet normal -0.06400075 -0.2744842 0.9594594
    outer loop
      vertex -0.08506634 -0.3174719 0.9444444
      vertex -0.04566279 -0.2295623 0.9722222
      vertex -0.06057911 -0.2260843 0.9722222
    endloop
  endfacet
  facet normal -0.04591159 -0.2780824 0.9594594
    outer loop
      vertex -0.06412055 -0.3223558 0.9444444
      vertex -0.04290019 -0.3258593 0.9444444
      vertex -0.03055092 -0.2320573 0.9722222
    endloop
  endfacet
  facet normal -0.04591159 -0.2780824 0.9594594
    outer loop
      vertex -0.06412055 -0.3223558 0.9444444
      vertex -0.03055092 -0.2320573 0.9722222
      vertex -0.04566279 -0.2295623 0.9722222
    endloop
  endfacet
  facet normal -0.02762583 -0.2804897 0.9594594
    outer loop
      vertex -0.04290019 -0.3258593 0.9444444
      vertex -0.02149612 -0.3279674 0.9444444
      vertex -0.01530824 -0.2335586 0.9722222
    endloop
  endfacet
  facet normal -0.02762583 -0.2804897 0.9594594
    outer loop
      vertex -0.04290019 -0.3258593 0.9444444
      vertex -0.01530824 -0.2335586 0.9722222
      vertex -0.03055092 -0.2320573 0.9722222
    endloop
  endfacet
  facet normal -0.009221773 -0.281696 0.9594594
    outer loop
      vertex -0.02149612 -0.3279674 0.9444444
      vertex -6.03759e-17 -0.3286711 0.9444444
      vertex -4.299607e-17 -0.2340597 0.9722222
    endloop
  endfacet
  facet normal -0.009221773 -0.281696 0.9594594
    outer loop
      vertex -0.02149612 -0.3279674 0.9444444
      vertex -4.299607e-17 -0.2340597 0.9722222
      vertex -0.01530824 -0.2335586 0.9722222
    endloop
  endfacet
  facet normal 0.009221773 -0.281696 0.9594594
    outer loop
      vertex -6.03759e-17 -0.3286711 0.9444444
      vertex 0.02149612 -0.3279674 0.9444444
      vertex 0.01530824 -0.2335586 0.9722222
    endloop
  endfacet
  facet normal 0.009221773 -0.281696 0.9594594
    outer loop
      vertex -6.03759e-17 -0.3286711 0.9444444
      vertex 0.01530824 -0.2335586 0.9722222
      vertex -4.299607e-17 -0.2340597 0.9722222
    endloop
  endfacet
  facet normal 0.02762583 -0.2804897 0.9594594
    outer loop
      vertex 0.02149612 -0.3279674 0.9444444
      vertex 0.04290019 -0.3258593 0.9444444
      vertex 0.03055092 -0.2320573 0.9722222
    endloop
  endfacet
  facet normal 0.02762583 -0.2804897 0.9594594
    outer loop
      vertex 0.02149612 -0.3279674 0.9444444
      vertex 0.03055092 -0.2320573 0.9722222
      vertex 0.01530824 -0.2335586 0.9722222
    endloop
  endfacet
  facet normal 0.04591159 -0.2780824 0.9594594
    outer loop
      vertex 0.04290019 -0.3258593 0.9444444
      vertex 0.06412055 -0.3223558 0.9444444
      vertex 0.04566279 -0.2295623 0.9722222
    endloop
  endfacet
  facet normal 0.04591159 -0.2780824 0.9594594
    outer loop
      vertex 0.04290019 -0.3258593 0.9444444
      vertex 0.04566279 -0.2295623 0.9722222
      vertex 0.03055092 -0.2320573 0.9722222
    endloop
  endfacet
  facet normal 0.06400075 -0.2744842 0.9594594
    outer loop
      vertex 0.06412055 -0.3223558 0.9444444
      vertex 0.08506634 -0.3174719 0.9444444
      vertex 0.06057911 -0.2260843 0.9722222
    endloop
  endfacet
  facet normal 0.06400075 -0.2744842 0.9594594
    outer loop
      vertex 0.06412055 -0.3223558 0.9444444
      vertex 0.06057911 -0.2260843 0.9722222
      vertex 0.04566279 -0.2295623 0.9722222
    endloop
  endfacet
  facet normal 0.08181584 -0.2697107 0.9594594
    outer loop
      vertex 0.08506634 -0.3174719 0.9444444
      vertex 0.1056479 -0.3112286 0.9444444
      vertex 0.07523603 -0.2216382 0.9722222
    endloop
  endfacet
  facet normal 0.08181584 -0.2697107 0.9594594
    outer loop
      vertex 0.08506634 -0.3174719 0.9444444
      vertex 0.07523603 -0.2216382 0.9722222
      vertex 0.06057911 -0.2260843 0.9722222
    endloop
  endfacet
  facet normal 0.09928059 -0.2637822 0.9594594
    outer loop
      vertex 0.1056479 -0.3112286 0.9444444
      vertex 0.125777 -0.3036525 0.9444444
      vertex 0.08957078 -0.216243 0.9722222
    endloop
  endfacet
  facet normal 0.09928059 -0.2637822 0.9594594
    outer loop
      vertex 0.1056479 -0.3112286 0.9444444
      vertex 0.08957078 -0.216243 0.9722222
      vertex 0.07523603 -0.2216382 0.9722222
    endloop
  endfacet
  facet normal 0.1163202 -0.2567242 0.9594594
    outer loop
      vertex 0.125777 -0.3036525 0.9444444
      vertex 0.1453675 -0.2947761 0.9444444
      vertex 0.103522 -0.2099218 0.9722222
    endloop
  endfacet
  facet normal 0.1163202 -0.2567242 0.9594594
    outer loop
      vertex 0.125777 -0.3036525 0.9444444
      vertex 0.103522 -0.2099218 0.9722222
      vertex 0.08957078 -0.216243 0.9722222
    endloop
  endfacet
  facet normal 0.1328617 -0.2485668 0.9594594
    outer loop
      vertex 0.1453675 -0.2947761 0.9444444
      vertex 0.1643355 -0.2846375 0.9444444
      vertex 0.1170299 -0.2027017 0.9722222
    endloop
  endfacet
  facet normal 0.1328617 -0.2485668 0.9594594
    outer loop
      vertex 0.1453675 -0.2947761 0.9444444
      vertex 0.1170299 -0.2027017 0.9722222
      vertex 0.103522 -0.2099218 0.9722222
    endloop
  endfacet
  facet normal 0.1488343 -0.239345 0.9594594
    outer loop
      vertex 0.1643355 -0.2846375 0.9444444
      vertex 0.1825999 -0.27328 0.9444444
      vertex 0.1300366 -0.1946135 0.9722222
    endloop
  endfacet
  facet normal 0.1488343 -0.239345 0.9594594
    outer loop
      vertex 0.1643355 -0.2846375 0.9444444
      vertex 0.1300366 -0.1946135 0.9722222
      vertex 0.1170299 -0.2027017 0.9722222
    endloop
  endfacet
  facet normal 0.1641695 -0.2290983 0.9594594
    outer loop
      vertex 0.1825999 -0.27328 0.9444444
      vertex 0.2000823 -0.2607523 0.9444444
      vertex 0.1424865 -0.1856921 0.9722222
    endloop
  endfacet
  facet normal 0.1641695 -0.2290983 0.9594594
    outer loop
      vertex 0.1825999 -0.27328 0.9444444
      vertex 0.1424865 -0.1856921 0.9722222
      vertex 0.1300366 -0.1946135 0.9722222
    endloop
  endfacet
  facet normal 0.1788018 -0.2178706 0.9594594
    outer loop
      vertex 0.2000823 -0.2607523 0.9444444
      vertex 0.2167079 -0.247108 0.9444444
      vertex 0.1543263 -0.1759754 0.9722222
    endloop
  endfacet
  facet normal 0.1788018 -0.2178706 0.9594594
    outer loop
      vertex 0.2000823 -0.2607523 0.9444444
      vertex 0.1543263 -0.1759754 0.9722222
      vertex 0.1424865 -0.1856921 0.9722222
    endloop
  endfacet
  facet normal 0.1926684 -0.2057099 0.9594594
    outer loop
      vertex 0.2167079 -0.247108 0.9444444
      vertex 0.2324056 -0.2324056 0.9444444
      vertex 0.1655052 -0.1655052 0.9722222
    endloop
  endfacet
  facet normal 0.1926684 -0.2057099 0.9594594
    outer loop
      vertex 0.2167079 -0.247108 0.9444444
      vertex 0.1655052 -0.1655052 0.9722222
      vertex 0.1543263 -0.1759754 0.9722222
    endloop
  endfacet
  facet normal 0.2057099 -0.1926684 0.9594594
    outer loop
      vertex 0.2324056 -0.2324056 0.9444444
      vertex 0.247108 -0.2167079 0.9444444
      vertex 0.1759754 -0.1543263 0.9722222
    endloop
  endfacet
  facet normal 0.2057099 -0.1926684 0.9594594
    outer loop
      vertex 0.2324056 -0.2324056 0.9444444
      vertex 0.1759754 -0.1543263 0.9722222
      vertex 0.1655052 -0.1655052 0.9722222
    endloop
  endfacet
  facet normal 0.2178706 -0.1788018 0.9594594
    outer loop
      vertex 0.247108 -0.2167079 0.9444444
      vertex 0.2607523 -0.2000823 0.9444444
      vertex 0.1856921 -0.1424865 0.9722222
    endloop
  endfacet
  facet normal 0.2178706 -0.1788018 0.9594594
    outer loop
      vertex 0.247108 -0.2167079 0.9444444
      vertex 0.1856921 -0.1424865 0.9722222
      vertex 0.1759754 -0.1543263 0.9722222
    endloop
  endfacet
  facet normal 0.2290983 -0.1641695 0.9594594
    outer loop
      vertex 0.2607523 -0.2000823 0.9444444
      vertex 0.27328 -0.1825999 0.9444444
      vertex 0.1946135 -0.1300366 0.9722222
    endloop
  endfacet
  facet normal 0.2290983 -0.1641695 0.9594594
    outer loop
      vertex 0.2607523 -0.2000823 0.9444444
      vertex 0.1946135 -0.1300366 0.9722222
      vertex 0.1856921 -0.1424865 0.9722222
    endloop
  endfacet
  facet normal 0.239345 -0.1488343 0.9594594
    outer loop
      vertex 0.27328 -0.1825999 0.9444444
      vertex 0.2846375 -0.1643355 0.9444444
      vertex 0.2027017 -0.1170299 0.9722222
    endloop
  endfacet
  facet normal 0.239345 -0.1488343 0.9594594
    outer loop
      vertex 0.27328 -0.1825999 0.9444444
      vertex 0.2027017 -0.1170299 0.9722222
      vertex 0.1946135 -0.1300366 0.9722222
    endloop
  endfacet
  facet normal 0.2485668 -0.1328617 0.9594594
    outer loop
      vertex 0.2846375 -0.1643355 0.9444444
      vertex 0.2947761 -0.1453675 0.9444444
      vertex 0.2099218 -0.103522 0.9722222
    endloop
  endfacet
  facet normal 0.2485668 -0.1328617 0.9594594
    outer loop
      vertex 0.2846375 -0.1643355 0.9444444
      vertex 0.2099218 -0.103522 0.9722222
      vertex 0.2027017 -0.1170299 0.9722222
    endloop
  endfacet
  facet normal 0.2567242 -0.1163202 0.9594594
    outer loop
      vertex 0.2947761 -0.1453675 0.9444444
      vertex 0.3036525 -0.125777 0.9444444
      vertex 0.216243 -0.08957078 0.9722222
    endloop
  endfacet
  facet normal 0.2567242 -0.1163202 0.9594594
    outer loop
      vertex 0.2947761 -0.1453675 0.9444444
      vertex 0.216243 -0.08957078 0.9722222
      vertex 0.2099218 -0.103522 0.9722222
    endloop
  endfacet
  facet normal 0.2637822 -0.09928059 0.9594594
    outer loop
      vertex 0.3036525 -0.125777 0.9444444
      vertex 0.3112286 -0.1056479 0.9444444
      vertex 0.2216382 -0.07523603 0.9722222
    endloop
  endfacet
  facet normal 0.2637822 -0.09928059 0.9594594
    outer loop
      vertex 0.3036525 -0.125777 0.9444444
      vertex 0.2216382 -0.07523603 0.9722222
      vertex 0.216243 -0.08957078 0.9722222
    endloop
  endfacet
  facet normal 0.2697107 -0.08181584 0.9594594
    outer loop
      vertex 0.3112286 -0.1056479 0.9444444
      vertex 0.3174719 -0.08506634 0.9444444
      vertex 0.2260843 -0.06057911 0.9722222
    endloop
  endfacet
  facet normal 0.2697107 -0.08181584 0.9594594
    outer loop
      vertex 0.3112286 -0.1056479 0.9444444
      vertex 0.2260843 -0.06057911 0.9722222
      vertex 0.2216382 -0.07523603 0.9722222
    endloop
  endfacet
  facet normal 0.2744842 -0.06400075 0.9594594
    outer loop
      vertex 0.3174719 -0.08506634 0.9444444
      vertex 0.3223558 -0.06412055 0.9444444
      vertex 0.2295623 -0.04566279 0.9722222
    endloop
  endfacet
  facet normal 0.2744842 -0.06400075 0.9594594
    outer loop
      vertex 0.3174719 -0.08506634 0.9444444
      vertex 0.2295623 -0.04566279 0.9722222
      vertex 0.2260843 -0.06057911 0.9722222
    endloop
  endfacet
  facet normal 0.2780824 -0.04591159 0.9594594
    outer loop
      vertex 0.3223558 -0.06412055 0.9444444
      vertex 0.3258593 -0.04290019 0.9444444
      vertex 0.2320573 -0.03055092 0.9722222
    endloop
  endfacet
  facet normal 0.2780824 -0.04591159 0.9594594
    outer loop
      vertex 0.3223558 -0.06412055 0.9444444
      vertex 0.2320573 -0.03055092 0.9722222
      vertex 0.2295623 -0.04566279 0.9722222
    endloop
  endfacet
  facet normal 0.2804897 -0.02762583 0.9594594
    outer loop
      vertex 0.3258593 -0.04290019 0.9444444
      vertex 0.3279674 -0.02149612 0.9444444
      vertex 0.2335586 -0.01530824 0.9722222
    endloop
  endfacet
  facet normal 0.2804897 -0.02762583 0.9594594
    outer loop
      vertex 0.3258593 -0.04290019 0.9444444
      vertex 0.2335586 -0.01530824 0.9722222
      vertex 0.2320573 -0.03055092 0.9722222
    endloop
  endfacet
  facet normal 0.281696 -0.009221773 0.9594594
    outer loop
      vertex 0.3279674 -0.02149612 0.9444444
      vertex 0.3286711 0 0.9444444
      vertex 0.2340597 0 0.9722222
    endloop
  endfacet
  facet normal 0.281696 -0.009221773 0.9594594
    outer loop
      vertex 0.3279674 -0.02149612 0.9444444
      vertex 0.2340597 0 0.9722222
      vertex 0.2335586 -0.01530824 0.9722222
    endloop
  endfacet
  facet normal 0.1178503 0.003858018 0.9930239
    outer loop
      vertex 0.2340597 0 0.9722222
      vertex 0.2335586 0.01530824 0.9722222
      vertex 0 0 1
    endloop
  endfacet
  facet normal 0.1173456 0.01155753 0.9930239
    outer loop
      vertex 0.2335586 0.01530824 0.9722222
      vertex 0.2320573 0.03055092 0.9722222
      vertex 0 0 1
    endloop
  endfacet
  facet normal 0.1163385 0.01920756 0.9930239
    outer loop
      vertex 0.2320573 0.03055092 0.9722222
      vertex 0.2295623 0.04566279 0.9722222
      vertex 0 0 1
    endloop
  endfacet
  facet normal 0.1148331 0.02677533 0.9930239
    outer loop
      vertex 0.2295623 0.04566279 0.9722222
      vertex 0.2260843 0.06057911 0.9722222
      vertex 0 0 1
    endloop
  endfacet
  facet normal 0.1128361 0.03422845 0.9930239
    outer loop
      vertex 0.2260843 0.06057911 0.9722222
      vertex 0.2216382 0.07523603 0.9722222
      vertex 0 0 1
    endloop
  endfacet
  facet normal 0.1103558 0.041535 0.9930239
    outer loop
      vertex 0.2216382 0.07523603 0.9722222
      vertex 0.216243 0.08957078 0.9722222
      vertex 0 0 1
    endloop
  endfacet
  facet normal 0.107403 0.04866368 0.9930239
    outer loop
      vertex 0.216243 0.08957078 0.9722222
      vertex 0.2099218 0.103522 0.9722222
      vertex 0 0 1
    endloop
  endfacet
  facet normal 0.1039903 0.05558399 0.9930239
    outer loop
      vertex 0.2099218 0.103522 0.9722222
      vertex 0.2027017 0.1170299 0.9722222
      vertex 0 0 1
    endloop
  endfacet
  facet normal 0.1001323 0.06226627 0.9930239
    outer loop
      vertex 0.2027017 0.1170299 0.9722222
      vertex 0.1946135 0.1300366 0.9722222
      vertex 0 0 1
    endloop
  endfacet
  facet normal 0.0958455 0.06868192 0.9930239
    outer loop
      vertex 0.1946135 0.1300366 0.9722222
      vertex 0.1856921 0.1424865 0.9722222
      vertex 0 0 1
    endloop
  endfacet
  facet normal 0.09114828 0.07480346 0.9930239
    outer loop
      vertex 0.1856921 0.1424865 0.9722222
      vertex 0.1759754 0.1543263 0.9722222
      vertex 0 0 1
    endloop
  endfacet
  facet normal 0.08606074 0.08060468 0.9930239
    outer loop
      vertex 0.1759754 0.1543263 0.9722222
      vertex 0.1655052 0.1655052 0.9722222
      vertex 0 0 1
    endloop
  endfacet
  facet normal 0.08060468 0.08606074 0.9930239
    outer loop
      vertex 0.1655052 0.1655052 0.9722222
      vertex 0.1543263 0.1759754 0.9722222
      vertex 0 0 1
    endloop
  endfacet
  facet normal 0.07480346 0.09114828 0.9930239
    outer loop
      vertex 0.1543263 0.1759754 0.9722222
      vertex 0.1424865 0.1856921 0.9722222
      vertex 0 0 1
    endloop
  endfacet
  facet normal 0.06868192 0.0958455 0.9930239
    outer loop
      vertex 0.1424865 0.1856921 0.9722222
      vertex 0.1300366 0.1946135 0.9722222
      vertex 0 0 1
    endloop
  endfacet
  facet normal 0.06226627 0.1001323 0.9930239
    outer loop
      vertex 0.1300366 0.1946135 0.9722222
      vertex 0.1170299 0.2027017 0.9722222
      vertex 0 0 1
    endloop
  endfacet
  facet normal 0.05558399 0.1039903 0.9930239
    outer loop
      vertex 0.1170299 0.2027017 0.9722222
      vertex 0.103522 0.2099218 0.9722222
      vertex 0 0 1
    endloop
  endfacet
  facet normal 0.04866368 0.107403 0.9930239
    outer loop
      vertex 0.103522 0.2099218 0.9722222
      vertex 0.08957078 0.216243 0.9722222
      vertex 0 0 1
    endloop
  endfacet
  facet normal 0.041535 0.1103558 0.9930239
    outer loop
      vertex 0.08957078 0.216243 0.9722222
      vertex 0.07523603 0.2216382 0.9722222
      vertex 0 0 1
    endloop
  endfacet
  facet normal 0.03422845 0.1128361 0.9930239
    outer loop
      vertex 0.07523603 0.2216382 0.9722222
      vertex 0.06057911 0.2260843 0.9722222
      vertex 0 0 1
    endloop
  endfacet
  facet normal 0.02677533 0.1148331 0.9930239
    outer loop
      vertex 0.06057911 0.2260843 0.9722222
      vertex 0.04566279 0.2295623 0.9722222
      vertex 0 0 1
    endloop
  endfacet
  facet normal 0.01920756 0.1163385 0.9930239
    outer loop
      vertex 0.04566279 0.2295623 0.9722222
      vertex 0.03055092 0.2320573 0.9722222
      vertex 0 0 1
    endloop
  endfacet
  facet normal 0.01155753 0.1173456 0.9930239
    outer loop
      vertex 0.03055092 0.2320573 0.9722222
      vertex 0.01530824 0.2335586 0.9722222
      vertex 0 0 1
    endloop
  endfacet
  facet normal 0.003858018 0.1178503 0.9930239
    outer loop
      vertex 0.01530824 0.2335586 0.9722222
      vertex 1.433202e-17 0.2340597 0.9722222
      vertex 0 0 1
    endloop
  endfacet
  facet normal -0.003858018 0.1178503 0.9930239
    outer loop
      vertex 1.433202e-17 0.2340597 0.9722222
      vertex -0.01530824 0.2335586 0.9722222
      vertex 0 0 1
    endloop
  endfacet
  facet normal -0.01155753 0.1173456 0.9930239
    outer loop
      vertex -0.01530824 0.2335586 0.9722222
      vertex -0.03055092 0.2320573 0.9722222
      vertex 0 0 1
    endloop
  endfacet
  facet normal -0.01920756 0.1163385 0.9930239
    outer loop
      vertex -0.03055092 0.2320573 0.9722222
      vertex -0.04566279 0.2295623 0.9722222
      vertex 0 0 1
    endloop
  endfacet
  facet normal -0.02677533 0.1148331 0.9930239
    outer loop
      vertex -0.04566279 0.2295623 0.9722222
      vertex -0.06057911 0.2260843 0.9722222
      vertex 0 0 1
    endloop
  endfacet
  facet normal -0.03422845 0.1128361 0.9930239
    outer loop
      vertex -0.06057911 0.2260843 0.9722222
      vertex -0.07523603 0.2216382 0.9722222
      vertex 0 0 1
    endloop
  endfacet
  facet normal -0.041535 0.1103558 0.9930239
    outer loop
      vertex -0.07523603 0.2216382 0.9722222
      vertex -0.08957078 0.216243 0.9722222
      vertex 0 0 1
    endloop
  endfacet
  facet normal -0.04866368 0.107403 0.9930239
    outer loop
      vertex -0.08957078 0.216243 0.9722222
      vertex -0.103522 0.2099218 0.9722222
      vertex 0 0 1
    endloop
  endfacet
  facet normal -0.05558399 0.1039903 0.9930239
    outer loop
      vertex -0.103522 0.2099218 0.9722222
      vertex -0.1170299 0.2027017 0.9722222
      vertex 0 0 1
    endloop
  endfacet
  facet normal -0.06226627 0.1001323 0.9930239
    outer loop
      vertex -0.1170299 0.2027017 0.9722222
      vertex -0.1300366 0.1946135 0.9722222
      vertex 0 0 1
    endloop
  endfacet
  facet normal -0.06868192 0.0958455 0.9930239
    outer loop
      vertex -0.1300366 0.1946135 0.9722222
      vertex -0.1424865 0.1856921 0.9722222
      vertex 0 0 1
    endloop
  endfacet
  facet normal -0.07480346 0.09114828 0.9930239
    outer loop
      vertex -0.1424865 0.1856921 0.9722222
      vertex -0.1543263 0.1759754 0.9722222
      vertex 0 0 1
    endloop
  endfacet
  facet normal -0.08060468 0.08606074 0.9930239
    outer loop
      vertex -0.1543263 0.1759754 0.9722222
      vertex -0.1655052 0.1655052 0.9722222
      vertex 0 0 1
    endloop
  endfacet
  facet normal -0.08606074 0.08060468 0.9930239
    outer loop
      vertex -0.1655052 0.1655052 0.9722222
      vertex -0.1759754 0.1543263 0.9722222
      vertex 0 0 1
    endloop
  endfacet
  facet normal -0.09114828 0.07480346 0.9930239
    outer loop
      vertex -0.1759754 0.1543263 0.9722222
      vertex -0.1856921 0.1424865 0.9722222
      vertex 0 0 1
    endloop
  endfacet
  facet normal -0.0958455 0.06868192 0.9930239
    outer loop
      vertex -0.1856921 0.1424865 0.9722222
      vertex -0.1946135 0.1300366 0.9722222
      vertex 0 0 1
    endloop
  endfacet
  facet normal -0.1001323 0.06226627 0.9930239
    outer loop
      vertex -0.1946135 0.1300366 0.9722222
      vertex -0.2027017 0.1170299 0.9722222
      vertex 0 0 1
    endloop
  endfacet
  facet normal -0.1039903 0.05558399 0.9930239
    outer loop
      vertex -0.2027017 0.1170299 0.9722222
      vertex -0.2099218 0.103522 0.9722222
      vertex 0 0 1
    endloop
  endfacet
  facet normal -0.107403 0.04866368 0.9930239
    outer loop
      vertex -0.2099218 0.103522 0.9722222
      vertex -0.216243 0.08957078 0.9722222
      vertex 0 0 1
    endloop
  endfacet
  facet normal -0.1103558 0.041535 0.9930239
    outer loop
      vertex -0.216243 0.08957078 0.9722222
      vertex -0.2216382 0.07523603 0.9722222
      vertex 0 0 1
    endloop
  endfacet
  facet normal -0.1128361 0.03422845 0.9930239
    outer loop
      vertex -0.2216382 0.07523603 0.9722222
      vertex -0.2260843 0.06057911 0.9722222
      vertex 0 0 1
    endloop
  endfacet
  facet normal -0.1148331 0.02677533 0.9930239
    outer loop
      vertex -0.2260843 0.06057911 0.9722222
      vertex -0.2295623 0.04566279 0.9722222
      vertex 0 0 1
    endloop
  endfacet
  facet normal -0.1163385 0.01920756 0.9930239
    outer loop
      vertex -0.2295623 0.04566279 0.9722222
      vertex -0.2320573 0.03055092 0.9722222
      vertex 0 0 1
    endloop
  endfacet
  facet normal -0.1173456 0.01155753 0.9930239
    outer loop
      vertex -0.2320573 0.03055092 0.9722222
      vertex -0.2335586 0.01530824 0.9722222
      vertex 0 0 1
    endloop
  endfacet
  facet normal -0.1178503 0.003858018 0.9930239
    outer loop
      vertex -0.2335586 0.01530824 0.9722222
      vertex -0.2340597 2.866405e-17 0.9722222
      vertex 0 0 1
    endloop
  endfacet
  facet normal -0.1178503 -0.003858018 0.9930239
    outer loop
      vertex -0.2340597 2.866405e-17 0.9722222
      vertex -0.2335586 -0.01530824 0.9722222
      vertex 0 0 1
    endloop
  endfacet
  facet normal -0.1173456 -0.01155753 0.9930239
    outer loop
      vertex -0.2335586 -0.01530824 0.9722222
      vertex -0.2320573 -0.03055092 0.9722222
      vertex 0 0 1
    endloop
  endfacet
  facet normal -0.1163385 -0.01920756 0.9930239
    outer loop
      vertex -0.2320573 -0.03055092 0.9722222
      vertex -0.2295623 -0.04566279 0.9722222
      vertex 0 0 1
    endloop
  endfacet
  facet normal -0.1148331 -0.02677533 0.9930239
    outer loop
      vertex -0.2295623 -0.04566279 0.9722222
      vertex -0.2260843 -0.06057911 0.9722222
      vertex 0 0 1
    endloop
  endfacet
  facet normal -0.1128361 -0.03422845 0.9930239
    outer loop
      vertex -0.2260843 -0.06057911 0.9722222
      vertex -0.2216382 -0.07523603 0.9722222
      vertex 0 0 1
    endloop
  endfacet
  facet normal -0.1103558 -0.041535 0.9930239
    outer loop
      vertex -0.2216382 -0.07523603 0.9722222
      vertex -0.216243 -0.08957078 0.9722222
      vertex 0 0 1
    endloop
  endfacet
  facet normal -0.107403 -0.04866368 0.9930239
    outer loop
      vertex -0.216243 -0.08957078 0.9722222
      vertex -0.2099218 -0.103522 0.9722222
      vertex 0 0 1
    endloop
  endfacet
  facet normal -0.1039903 -0.05558399 0.9930239
    outer loop
      vertex -0.2099218 -0.103522 0.9722222
      vertex -0.2027017 -0.1170299 0.9722222
      vertex 0 0 1
    endloop
  endfacet
  facet normal -0.1001323 -0.06226627 0.9930239
    outer loop
      vertex -0.2027017 -0.1170299 0.9722222
      vertex -0.1946135 -0.1300366 0.9722222
      vertex 0 0 1
    endloop
  endfacet
  facet normal -0.0958455 -0.06868192 0.9930239
    outer loop
      vertex -0.1946135 -0.1300366 0.9722222
      vertex -0.1856921 -0.1424865 0.9722222
      vertex 0 0 1
    endloop
  endfacet
  facet normal -0.09114828 -0.07480346 0.9930239
    outer loop
      vertex -0.1856921 -0.1424865 0.9722222
      vertex -0.1759754 -0.1543263 0.9722222
      vertex 0 0 1
    endloop
  endfacet
  facet normal -0.08606074 -0.08060468 0.9930239
    outer loop
      vertex -0.1759754 -0.1543263 0.9722222
      vertex -0.1655052 -0.1655052 0.9722222
      vertex 0 0 1
    endloop
  endfacet
  facet normal -0.08060468 -0.08606074 0.9930239
    outer loop
      vertex -0.1655052 -0.1655052 0.9722222
      vertex -0.1543263 -0.1759754 0.9722222
      vertex 0 0 1
    endloop
  endfacet
  facet normal -0.07480346 -0.09114828 0.9930239
    outer loop
      vertex -0.1543263 -0.1759754 0.9722222
      vertex -0.1424865 -0.1856921 0.9722222
      vertex 0 0 1
    endloop
  endfacet
  facet normal -0.06868192 -0.0958455 0.9930239
    outer loop
      vertex -0.1424865 -0.1856921 0.9722222
      vertex -0.1300366 -0.1946135 0.9722222
      vertex 0 0 1
    endloop
  endfacet
  facet normal -0.06226627 -0.1001323 0.9930239
    outer loop
      vertex -0.1300366 -0.1946135 0.9722222
      vertex -0.1170299 -0.2027017 0.9722222
      vertex 0 0 1
    endloop
  endfacet
  facet normal -0.05558399 -0.1039903 0.9930239
    outer loop
      vertex -0.1170299 -0.2027017 0.9722222
      vertex -0.103522 -0.2099218 0.9722222
      vertex 0 0 1
    endloop
  endfacet
  facet normal -0.04866368 -0.107403 0.9930239
    outer loop
      vertex -0.103522 -0.2099218 0.9722222
      vertex -0.08957078 -0.216243 0.9722222
      vertex 0 0 1
    endloop
  endfacet
  facet normal -0.041535 -0.1103558 0.9930239
    outer loop
      vertex -0.08957078 -0.216243 0.9722222
      vertex -0.07523603 -0.2216382 0.9722222
      vertex 0 0 1
    endloop
  endfacet
  facet normal -0.03422845 -0.1128361 0.9930239
    outer loop
      vertex -0.07523603 -0.2216382 0.9722222
      vertex -0.06057911 -0.2260843 0.9722222
      vertex 0 0 1
    endloop
  endfacet
  facet normal -0.02677533 -0.1148331 0.9930239
    outer loop
      vertex -0.06057911 -0.2260843 0.9722222
      vertex -0.04566279 -0.2295623 0.9722222
      vertex 0 0 1
    endloop
  endfacet
  facet normal -0.01920756 -0.1163385 0.9930239
    outer loop
      vertex -0.04566279 -0.2295623 0.9722222
      vertex -0.03055092 -0.2320573 0.9722222
      vertex 0 0 1
    endloop
  endfacet
  facet normal -0.01155753 -0.1173456 0.9930239
    outer loop
      vertex -0.03055092 -0.2320573 0.9722222
      vertex -0.01530824 -0.2335586 0.9722222
      vertex 0 0 1
    endloop
  endfacet
  facet normal -0.003858018 -0.1178503 0.9930239
    outer loop
      vertex -0.01530824 -0.2335586 0.9722222
      vertex -4.299607e-17 -0.2340597 0.9722222
      vertex 0 0 1
    endloop
  endfacet
  facet normal 0.003858018 -0.1178503 0.9930239
    outer loop
      vertex -4.299607e-17 -0.2340597 0.9722222
      vertex 0.01530824 -0.2335586 0.9722222
      vertex 0 0 1
    endloop
  endfacet
  facet normal 0.01155753 -0.1173456 0.9930239
    outer loop
      vertex 0.01530824 -0.2335586 0.9722222
      vertex 0.03055092 -0.2320573 0.9722222
      vertex 0 0 1
    endloop
  endfacet
  facet normal 0.01920756 -0.1163385 0.9930239
    outer loop
      vertex 0.03055092 -0.2320573 0.9722222
      vertex 0.04566279 -0.2295623 0.9722222
      vertex 0 0 1
    endloop
  endfacet
  facet normal 0.02677533 -0.1148331 0.9930239
    outer loop
      vertex 0.04566279 -0.2295623 0.9722222
      vertex 0.06057911 -0.2260843 0.9722222
      vertex 0 0 1
    endloop
  endfacet
  facet normal 0.03422845 -0.1128361 0.9930239
    outer loop
      vertex 0.06057911 -0.2260843 0.9722222
      vertex 0.07523603 -0.2216382 0.9722222
      vertex 0 0 1
    endloop
  endfacet
  facet normal 0.041535 -0.1103558 0.9930239
    outer loop
      vertex 0.07523603 -0.2216382 0.9722222
      vertex 0.08957078 -0.216243 0.9722222
      vertex 0 0 1
    endloop
  endfacet
  facet normal 0.04866368 -0.107403 0.9930239
    outer loop
      vertex 0.08957078 -0.216243 0.9722222
      vertex 0.103522 -0.2099218 0.9722222
      vertex 0 0 1
    endloop
  endfacet
  facet normal 0.05558399 -0.1039903 0.9930239
    outer loop
      vertex 0.103522 -0.2099218 0.9722222
      vertex 0.1170299 -0.2027017 0.9722222
      vertex 0 0 1
    endloop
  endfacet
  facet normal 0.06226627 -0.1001323 0.9930239
    outer loop
      vertex 0.1170299 -0.2027017 0.9722222
      vertex 0.1300366 -0.1946135 0.9722222
      vertex 0 0 1
    endloop
  endfacet
  facet normal 0.06868192 -0.0958455 0.9930239
    outer loop
      vertex 0.1300366 -0.1946135 0.9722222
      vertex 0.1424865 -0.1856921 0.9722222
      vertex 0 0 1
    endloop
  endfacet
  facet normal 0.07480346 -0.09114828 0.9930239
    outer loop
      vertex 0.1424865 -0.1856921 0.9722222
      vertex 0.1543263 -0.1759754 0.9722222
      vertex 0 0 1
    endloop
  endfacet
  facet normal 0.08060468 -0.08606074 0.9930239
    outer loop
      vertex 0.1543263 -0.1759754 0.9722222
      vertex 0.1655052 -0.1655052 0.9722222
      vertex 0 0 1
    endloop
  endfacet
  facet normal 0.08606074 -0.08060468 0.9930239
    outer loop
      vertex 0.1655052 -0.1655052 0.9722222
      vertex 0.1759754 -0.1543263 0.9722222
      vertex 0 0 1
    endloop
  endfacet
  facet normal 0.09114828 -0.07480346 0.9930239
    outer loop
      vertex 0.1759754 -0.1543263 0.9722222
      vertex 0.1856921 -0.1424865 0.9722222
      vertex 0 0 1
    endloop
  endfacet
  facet normal 0.0958455 -0.06868192 0.9930239
    outer loop
      vertex 0.1856921 -0.1424865 0.9722222
      vertex 0.1946135 -0.1300366 0.9722222
      vertex 0 0 1
    endloop
  endfacet
  facet normal 0.1001323 -0.06226627 0.9930239
    outer loop
      vertex 0.1946135 -0.1300366 0.9722222
      vertex 0.2027017 -0.1170299 0.9722222
      vertex 0 0 1
    endloop
  endfacet
  facet normal 0.1039903 -0.05558399 0.9930239
    outer loop
      vertex 0.2027017 -0.1170299 0.9722222
      vertex 0.2099218 -0.103522 0.9722222
      vertex 0 0 1
    endloop
  endfacet
  facet normal 0.107403 -0.04866368 0.9930239
    outer loop
      vertex 0.2099218 -0.103522 0.9722222
      vertex 0.216243 -0.08957078 0.9722222
      vertex 0 0 1
    endloop
  endfacet
  facet normal 0.1103558 -0.041535 0.9930239
    outer loop
      vertex 0.216243 -0.08957078 0.9722222
      vertex 0.2216382 -0.07523603 0.9722222
      vertex 0 0 1
    endloop
  endfacet
  facet normal 0.1128361 -0.03422845 0.9930239
    outer loop
      vertex 0.2216382 -0.07523603 0.9722222
      vertex 0.2260843 -0.06057911 0.9722222
      vertex 0 0 1
    endloop
  endfacet
  facet normal 0.1148331 -0.02677533 0.9930239
    outer loop
      vertex 0.2260843 -0.06057911 0.9722222
      vertex 0.2295623 -0.04566279 0.9722222
      vertex 0 0 1
    endloop
  endfacet
  facet normal 0.1163385 -0.01920756 0.9930239
    outer loop
      vertex 0.2295623 -0.04566279 0.9722222
      vertex 0.2320573 -0.03055092 0.9722222
      vertex 0 0 1
    endloop
  endfacet
  facet normal 0.1173456 -0.01155753 0.9930239
    outer loop
      vertex 0.2320573 -0.03055092 0.9722222
      vertex 0.2335586 -0.01530824 0.9722222
      vertex 0 0 1
    endloop
  endfacet
  facet normal 0.1178503 -0.003858018 0.9930239
    outer loop
      vertex 0.2335586 -0.01530824 0.9722222
      vertex 0.2340597 0 0.9722222
      vertex 0 0 1
    endloop
  endfacet
  facet normal 0 0 -1
    outer loop
      vertex 0 0 0.3333333
      vertex 0.9407904 0.06166266 0.3333333
      vertex 0.942809 0 0.3333333
    endloop
  endfacet
  facet normal 0 0 -1
    outer loop
      vertex 0 0 0.3333333
      vertex 0.9347432 0.1230613 0.3333333
      vertex 0.9407904 0.06166266 0.3333333
    endloop
  endfacet
  facet normal 0 0 -1
    outer loop
      vertex 0 0 0.3333333
      vertex 0.9246932 0.1839329 0.3333333
      vertex 0.9347432 0.1230613 0.3333333
    endloop
  endfacet
  facet normal 0 0 -1
    outer loop
      vertex 0 0 0.3333333
      vertex 0.9106836 0.2440169 0.3333333
      vertex 0.9246932 0.1839329 0.3333333
    endloop
  endfacet
  facet normal 0 0 -1
    outer loop
      vertex 0 0 0.3333333
      vertex 0.8927743 0.303056 0.3333333
      vertex 0.9106836 0.2440169 0.3333333
    endloop
  endfacet
  facet normal 0 0 -1
    outer loop
      vertex 0 0 0.3333333
      vertex 0.871042 0.3607974 0.3333333
      vertex 0.8927743 0.303056 0.3333333
    endloop
  endfacet
  facet normal 0 0 -1
    outer loop
      vertex 0 0 0.3333333
      vertex 0.8455797 0.4169938 0.3333333
      vertex 0.871042 0.3607974 0.3333333
    endloop
  endfacet
  facet normal 0 0 -1
    outer loop
      vertex 0 0 0.3333333
      vertex 0.8164966 0.4714045 0.3333333
      vertex 0.8455797 0.4169938 0.3333333
    endloop
  endfacet
  facet normal 0 0 -1
    outer loop
      vertex 0 0 0.3333333
      vertex 0.7839171 0.5237966 0.3333333
      vertex 0.8164966 0.4714045 0.3333333
    endloop
  endfacet
  facet normal 0 0 -1
    outer loop
      vertex 0 0 0.3333333
      vertex 0.7479807 0.5739458 0.3333333
      vertex 0.7839171 0.5237966 0.3333333
    endloop
  endfacet
  facet normal 0 0 -1
    outer loop
      vertex 0 0 0.3333333
      vertex 0.7088414 0.6216372 0.3333333
      vertex 0.7479807 0.5739458 0.3333333
    endloop
  endfacet
  facet normal 0 0 -1
    outer loop
      vertex 0 0 0.3333333
      vertex 0.6666667 0.6666667 0.3333333
      vertex 0.7088414 0.6216372 0.3333333
    endloop
  endfacet
  facet normal 0 0 -1
    outer loop
      vertex 0 0 0.3333333
      vertex 0.6216372 0.7088414 0.3333333
      vertex 0.6666667 0.6666667 0.3333333
    endloop
  endfacet
  facet normal 0 0 -1
    outer loop
      vertex 0 0 0.3333333
      vertex 0.5739458 0.7479807 0.3333333
      vertex 0.6216372 0.7088414 0.3333333
    endloop
  endfacet
  facet normal 0 0 -1
    outer loop
      vertex 0 0 0.3333333
      vertex 0.5237966 0.7839171 0.3333333
      vertex 0.5739458 0.7479807 0.3333333
    endloop
  endfacet
  facet normal 0 0 -1
    outer loop
      vertex 0 0 0.3333333
      vertex 0.4714045 0.8164966 0.3333333
      vertex 0.5237966 0.7839171 0.3333333
    endloop
  endfacet
  facet normal 0 0 -1
    outer loop
      vertex 0 0 0.3333333
      vertex 0.4169938 0.8455797 0.3333333
      vertex 0.4714045 0.8164966 0.3333333
    endloop
  endfacet
  facet normal 0 0 -1
    outer loop
      vertex 0 0 0.3333333
      vertex 0.3607974 0.871042 0.3333333
      vertex 0.4169938 0.8455797 0.3333333
    endloop
  endfacet
  facet normal 0 0 -1
    outer loop
      vertex 0 0 0.3333333
      vertex 0.303056 0.8927743 0.3333333
      vertex 0.3607974 0.871042 0.3333333
    endloop
  endfacet
  facet normal 0 0 -1
    outer loop
      vertex 0 0 0.3333333
      vertex 0.2440169 0.9106836 0.3333333
      vertex 0.303056 0.8927743 0.3333333
    endloop
  endfacet
  facet normal 0 0 -1
    outer loop
      vertex 0 0 0.3333333
      vertex 0.1839329 0.9246932 0.3333333
      vertex 0.2440169 0.9106836 0.3333333
    endloop
  endfacet
  facet normal 0 0 -1
    outer loop
      vertex 0 0 0.3333333
      vertex 0.1230613 0.9347432 0.3333333
      vertex 0.1839329 0.9246932 0.3333333
    endloop
  endfacet
  facet normal 0 0 -1
    outer loop
      vertex 0 0 0.3333333
      vertex 0.06166266 0.9407904 0.3333333
      vertex 0.1230613 0.9347432 0.3333333
    endloop
  endfacet
  facet normal 0 0 -1
    outer loop
      vertex 0 0 0.3333333
      vertex 5.77304e-17 0.942809 0.3333333
      vertex 0.06166266 0.9407904 0.3333333
    endloop
  endfacet
  facet normal 0 0 -1
    outer loop
      vertex 0 0 0.3333333
      vertex -0.06166266 0.9407904 0.3333333
      vertex 5.77304e-17 0.942809 0.3333333
    endloop
  endfacet
  facet normal 0 0 -1
    outer loop
      vertex 0 0 0.3333333
      vertex -0.1230613 0.9347432 0.3333333
      vertex -0.06166266 0.9407904 0.3333333
    endloop
  endfacet
  facet normal 0 0 -1
    outer loop
      vertex 0 0 0.3333333
      vertex -0.1839329 0.9246932 0.3333333
      vertex -0.1230613 0.9347432 0.3333333
    endloop
  endfacet
  facet normal 0 0 -1
    outer loop
      vertex 0 0 0.3333333
      vertex -0.2440169 0.9106836 0.3333333
      vertex -0.1839329 0.9246932 0.3333333
    endloop
  endfacet
  facet normal 0 0 -1
    outer loop
      vertex 0 0 0.3333333
      vertex -0.303056 0.8927743 0.3333333
      vertex -0.2440169 0.9106836 0.3333333
    endloop
  endfacet
  facet normal 0 0 -1
    outer loop
      vertex 0 0 0.3333333
      vertex -0.3607974 0.871042 0.3333333
      vertex -0.303056 0.8927743 0.3333333
    endloop
  endfacet
  facet normal 0 0 -1
    outer loop
      vertex 0 0 0.3333333
      vertex -0.4169938 0.8455797 0.3333333
      vertex -0.3607974 0.871042 0.3333333
    endloop
  endfacet
  facet normal 0 0 -1
    outer loop
      vertex 0 0 0.3333333
      vertex -0.4714045 0.8164966 0.3333333
      vertex -0.4169938 0.8455797 0.3333333
    endloop
  endfacet
  facet normal 0 0 -1
    outer loop
      vertex 0 0 0.3333333
      vertex -0.5237966 0.7839171 0.3333333
      vertex -0.4714045 0.8164966 0.3333333
    endloop
  endfacet
  facet normal 0 0 -1
    outer loop
      vertex 0 0 0.3333333
      vertex -0.5739458 0.7479807 0.3333333
      vertex -0.5237966 0.7839171 0.3333333
    endloop
  endfacet
  facet normal 0 0 -1
    outer loop
      vertex 0 0 0.3333333
      vertex -0.6216372 0.7088414 0.3333333
      vertex -0.5739458 0.7479807 0.3333333
    endloop
  endfacet
  facet normal 0 0 -1
    outer loop
      vertex 0 0 0.3333333
      vertex -0.6666667 0.6666667 0.3333333
      vertex -0.6216372 0.7088414 0.3333333
    endloop
  endfacet
  facet normal 0 0 -1
    outer loop
      vertex 0 0 0.3333333
      vertex -0.7088414 0.6216372 0.3333333
      vertex -0.6666667 0.6666667 0.3333333
    endloop
  endfacet
  facet normal 0 0 -1
    outer loop
      vertex 0 0 0.3333333
      vertex -0.7479807 0.5739458 0.3333333
      vertex -0.7088414 0.6216372 0.3333333
    endloop
  endfacet
  facet normal 0 0 -1
    outer loop
      vertex 0 0 0.3333333
      vertex -0.7839171 0.5237966 0.3333333
      vertex -0.7479807 0.5739458 0.3333333
    endloop
  endfacet
  facet normal 0 0 -1
    outer loop
      vertex 0 0 0.3333333
      vertex -0.8164966 0.4714045 0.3333333
      vertex -0.7839171 0.5237966 0.3333333
    endloop
  endfacet
  facet normal 0 0 -1
    outer loop
      vertex 0 0 0.3333333
      vertex -0.8455797 0.4169938 0.3333333
      vertex -0.8164966 0.4714045 0.3333333
    endloop
  endfacet
  facet normal 0 0 -1
    outer loop
      vertex 0 0 0.3333333
      vertex -0.871042 0.3607974 0.3333333
      vertex -0.8455797 0.4169938 0.3333333
    endloop
  endfacet
  facet normal 0 0 -1
    outer loop
      vertex 0 0 0.3333333
      vertex -0.8927743 0.303056 0.3333333
      vertex -0.871042 0.3607974 0.3333333
    endloop
  endfacet
  facet normal 0 0 -1
    outer loop
      vertex 0 0 0.3333333
      vertex -0.9106836 0.2440169 0.3333333
      vertex -0.8927743 0.303056 0.3333333
    endloop
  endfacet
  facet normal 0 0 -1
    outer loop
      vertex 0 0 0.3333333
      vertex -0.9246932 0.1839329 0.3333333
      vertex -0.9106836 0.2440169 0.3333333
    endloop
  endfacet
  facet normal 0 0 -1
    outer loop
      vertex 0 0 0.3333333
      vertex -0.9347432 0.1230613 0.3333333
      vertex -0.9246932 0.1839329 0.3333333
    endloop
  endfacet
  facet normal 0 0 -1
    outer loop
      vertex 0 0 0.3333333
      vertex -0.9407904 0.06166266 0.3333333
      vertex -0.9347432 0.1230613 0.3333333
    endloop
  endfacet
  facet normal 0 0 -1
    outer loop
      vertex 0 0 0.3333333
      vertex -0.942809 1.154608e-16 0.3333333
      vertex -0.9407904 0.06166266 0.3333333
    endloop
  endfacet
  facet normal -0 0 -1
    outer loop
      vertex 0 0 0.3333333
      vertex -0.9407904 -0.06166266 0.3333333
      vertex -0.942809 1.154608e-16 0.3333333
    endloop
  endfacet
  facet normal 0 0 -1
    outer loop
      vertex 0 0 0.3333333
      vertex -0.9347432 -0.1230613 0.3333333
      vertex -0.9407904 -0.06166266 0.3333333
    endloop
  endfacet
  facet normal 0 0 -1
    outer loop
      vertex 0 0 0.3333333
      vertex -0.9246932 -0.1839329 0.3333333
      vertex -0.9347432 -0.1230613 0.3333333
    endloop
  endfacet
  facet normal 0 0 -1
    outer loop
      vertex 0 0 0.3333333
      vertex -0.9106836 -0.2440169 0.3333333
      vertex -0.9246932 -0.1839329 0.3333333
    endloop
  endfacet
  facet normal 0 0 -1
    outer loop
      vertex 0 0 0.3333333
      vertex -0.8927743 -0.303056 0.3333333
      vertex -0.9106836 -0.2440169 0.3333333
    endloop
  endfacet
  facet normal 0 0 -1
    outer loop
      vertex 0 0 0.3333333
      vertex -0.871042 -0.3607974 0.3333333
      vertex -0.8927743 -0.303056 0.3333333
    endloop
  endfacet
  facet normal 0 0 -1
    outer loop
      vertex 0 0 0.3333333
      vertex -0.8455797 -0.4169938 0.3333333
      vertex -0.871042 -0.3607974 0.3333333
    endloop
  endfacet
  facet normal 0 0 -1
    outer loop
      vertex 0 0 0.3333333
      vertex -0.8164966 -0.4714045 0.3333333
      vertex -0.8455797 -0.4169938 0.3333333
    endloop
  endfacet
  facet normal 0 0 -1
    outer loop
      vertex 0 0 0.3333333
      vertex -0.7839171 -0.5237966 0.3333333
      vertex -0.8164966 -0.4714045 0.3333333
    endloop
  endfacet
  facet normal 0 0 -1
    outer loop
      vertex 0 0 0.3333333
      vertex -0.7479807 -0.5739458 0.3333333
      vertex -0.7839171 -0.5237966 0.3333333
    endloop
  endfacet
  facet normal 0 0 -1
    outer loop
      vertex 0 0 0.3333333
      vertex -0.7088414 -0.6216372 0.3333333
      vertex -0.7479807 -0.5739458 0.3333333
    endloop
  endfacet
  facet normal 0 0 -1
    outer loop
      vertex 0 0 0.3333333
      vertex -0.6666667 -0.6666667 0.3333333
      vertex -0.7088414 -0.6216372 0.3333333
    endloop
  endfacet
  facet normal 0 0 -1
    outer loop
      vertex 0 0 0.3333333
      vertex -0.6216372 -0.7088414 0.3333333
      vertex -0.6666667 -0.6666667 0.3333333
    endloop
  endfacet
  facet normal 0 0 -1
    outer loop
      vertex 0 0 0.3333333
      vertex -0.5739458 -0.7479807 0.3333333
      vertex -0.6216372 -0.7088414 0.3333333
    endloop
  endfacet
  facet normal 0 0 -1
    outer loop
      vertex 0 0 0.3333333
      vertex -0.5237966 -0.7839171 0.3333333
      vertex -0.5739458 -0.7479807 0.3333333
    endloop
  endfacet
  facet normal 0 0 -1
    outer loop
      vertex 0 0 0.3333333
      vertex -0.4714045 -0.8164966 0.3333333
      vertex -0.5237966 -0.7839171 0.3333333
    endloop
  endfacet
  facet normal 0 0 -1
    outer loop
      vertex 0 0 0.3333333
      vertex -0.4169938 -0.8455797 0.3333333
      vertex -0.4714045 -0.8164966 0.3333333
    endloop
  endfacet
  facet normal 0 0 -1
    outer loop
      vertex 0 0 0.3333333
      vertex -0.3607974 -0.871042 0.3333333
      vertex -0.4169938 -0.8455797 0.3333333
    endloop
  endfacet
  facet normal 0 0 -1
    outer loop
      vertex 0 0 0.3333333
      vertex -0.303056 -0.8927743 0.3333333
      vertex -0.3607974 -0.871042 0.3333333
    endloop
  endfacet
  facet normal 0 0 -1
    outer loop
      vertex 0 0 0.3333333
      vertex -0.2440169 -0.9106836 0.3333333
      vertex -0.303056 -0.8927743 0.3333333
    endloop
  endfacet
  facet normal 0 0 -1
    outer loop
      vertex 0 0 0.3333333
      vertex -0.1839329 -0.9246932 0.3333333
      vertex -0.2440169 -0.9106836 0.3333333
    endloop
  endfacet
  facet normal 0 0 -1
    outer loop
      vertex 0 0 0.3333333
      vertex -0.1230613 -0.9347432 0.3333333
      vertex -0.1839329 -0.9246932 0.3333333
    endloop
  endfacet
  facet normal 0 0 -1
    outer loop
      vertex 0 0 0.3333333
      vertex -0.06166266 -0.9407904 0.3333333
      vertex -0.1230613 -0.9347432 0.3333333
    endloop
  endfacet
  facet normal 0 0 -1
    outer loop
      vertex 0 0 0.3333333
      vertex -1.731912e-16 -0.942809 0.3333333
      vertex -0.06166266 -0.9407904 0.3333333
    endloop
  endfacet
  facet normal 0 -0 -1
    outer loop
      vertex 0 0 0.3333333
      vertex 0.06166266 -0.9407904 0.3333333
      vertex -1.731912e-16 -0.942809 0.3333333
    endloop
  endfacet
  facet normal 0 0 -1
    outer loop
      vertex 0 0 0.3333333
      vertex 0.1230613 -0.9347432 0.3333333
      vertex 0.06166266 -0.9407904 0.3333333
    endloop
  endfacet
  facet normal 0 0 -1
    outer loop
      vertex 0 0 0.3333333
      vertex 0.1839329 -0.9246932 0.3333333
      vertex 0.1230613 -0.9347432 0.3333333
    endloop
  endfacet
  facet normal 0 0 -1
    outer loop
      vertex 0 0 0.3333333
      vertex 0.2440169 -0.9106836 0.3333333
      vertex 0.1839329 -0.9246932 0.3333333
    endloop
  endfacet
  facet normal 0 0 -1
    outer loop
      vertex 0 0 0.3333333
      vertex 0.303056 -0.8927743 0.3333333
      vertex 0.2440169 -0.9106836 0.3333333
    endloop
  endfacet
  facet normal 0 0 -1
    outer loop
      vertex 0 0 0.3333333
      vertex 0.3607974 -0.871042 0.3333333
      vertex 0.303056 -0.8927743 0.3333333
    endloop
  endfacet
  facet normal 0 0 -1
    outer loop
      vertex 0 0 0.3333333
      vertex 0.4169938 -0.8455797 0.3333333
      vertex 0.3607974 -0.871042 0.3333333
    endloop
  endfacet
  facet normal 0 0 -1
    outer loop
      vertex 0 0 0.3333333
      vertex 0.4714045 -0.8164966 0.3333333
      vertex 0.4169938 -0.8455797 0.3333333
    endloop
  endfacet
  facet normal 0 0 -1
    outer loop
      vertex 0 0 0.3333333
      vertex 0.5237966 -0.7839171 0.3333333
      vertex 0.4714045 -0.8164966 0.3333333
    endloop
  endfacet
  facet normal 0 0 -1
    outer loop
      vertex 0 0 0.3333333
      vertex 0.5739458 -0.7479807 0.3333333
      vertex 0.5237966 -0.7839171 0.3333333
    endloop
  endfacet
  facet normal 0 0 -1
    outer loop
      vertex 0 0 0.3333333
      vertex 0.6216372 -0.7088414 0.3333333
      vertex 0.5739458 -0.7479807 0.3333333
    endloop
  endfacet
  facet normal 0 0 -1
    outer loop
      vertex 0 0 0.3333333
      vertex 0.6666667 -0.6666667 0.3333333
      vertex 0.6216372 -0.7088414 0.3333333
    endloop
  endfacet
  facet normal 0 0 -1
    outer loop
      vertex 0 0 0.3333333
      vertex 0.7088414 -0.6216372 0.3333333
      vertex 0.6666667 -0.6666667 0.3333333
    endloop
  endfacet
  facet normal 0 0 -1
    outer loop
      vertex 0 0 0.3333333
      vertex 0.7479807 -0.5739458 0.3333333
      vertex 0.7088414 -0.6216372 0.3333333
    endloop
  endfacet
  facet normal 0 0 -1
    outer loop
      vertex 0 0 0.3333333
      vertex 0.7839171 -0.5237966 0.3333333
      vertex 0.7479807 -0.5739458 0.3333333
    endloop
  endfacet
  facet normal 0 0 -1
    outer loop
      vertex 0 0 0.3333333
      vertex 0.8164966 -0.4714045 0.3333333
      vertex 0.7839171 -0.5237966 0.3333333
    endloop
  endfacet
  facet normal 0 0 -1
    outer loop
      vertex 0 0 0.3333333
      vertex 0.8455797 -0.4169938 0.3333333
      vertex 0.8164966 -0.4714045 0.3333333
    endloop
  endfacet
  facet normal 0 0 -1
    outer loop
      vertex 0 0 0.3333333
      vertex 0.871042 -0.3607974 0.3333333
      vertex 0.8455797 -0.4169938 0.3333333
    endloop
  endfacet
  facet normal 0 0 -1
    outer loop
      vertex 0 0 0.3333333
      vertex 0.8927743 -0.303056 0.3333333
      vertex 0.871042 -0.3607974 0.3333333
    endloop
  endfacet
  facet normal 0 0 -1
    outer loop
      vertex 0 0 0.3333333
      vertex 0.9106836 -0.2440169 0.3333333
      vertex 0.8927743 -0.303056 0.3333333
    endloop
  endfacet
  facet normal 0 0 -1
    outer loop
      vertex 0 0 0.3333333
      vertex 0.9246932 -0.1839329 0.3333333
      vertex 0.9106836 -0.2440169 0.3333333
    endloop
  endfacet
  facet normal 0 0 -1
    outer loop
      vertex 0 0 0.3333333
      vertex 0.9347432 -0.1230613 0.3333333
      vertex 0.9246932 -0.1839329 0.3333333
    endloop
  endfacet
  facet normal 0 0 -1
    outer loop
      vertex 0 0 0.3333333
      vertex 0.9407904 -0.06166266 0.3333333
      vertex 0.9347432 -0.1230613 0.3333333
    endloop
  endfacet
  facet normal 0 0 -1
    outer loop
      vertex 0 0 0.3333333
      vertex 0.942809 0 0.3333333
      vertex 0.9407904 -0.06166266 0.3333333
    endloop
  endfacet
endsolid sphere_top_third
